rho_model,case_id,case_label,iter,case_key,angle_bin_start_deg,angle_bin_end_deg,sample_count,numeric_mse,numeric_mae,numeric_maxae,model_mse,model_mae,model_maxae
256,0,smooth_256,1,smooth_256/iter_1,0,30,49,8.505097193681728e-07,0.0006582651031723525,0.0024096434665613065,3.592438407784949e-05,0.004405055309132654,0.014616064727306366
256,0,smooth_256,1,smooth_256/iter_1,30,60,42,5.796584188589223e-06,0.0017402624246540318,0.007123114987868662,0.0003901249788221934,0.015399001414022808,0.04413967579603195
256,0,smooth_256,1,smooth_256/iter_1,60,90,33,3.225522788928505e-06,0.0013478618367959304,0.0058779198285100545,0.0002509229406660751,0.012678119297506231,0.036332808434963226
256,0,smooth_256,1,smooth_256/iter_1,90,120,51,1.1663648844853207e-06,0.0008665309917111257,0.002257997371770973,4.5056601917599385e-05,0.005064052474849364,0.016126271337270737
256,0,smooth_256,1,smooth_256/iter_1,120,150,52,1.121543057002459e-06,0.0008804466605152217,0.0019263304177071436,6.299256874177667e-05,0.005945914281675449,0.01650538295507431
256,0,smooth_256,1,smooth_256/iter_1,150,180,37,4.1754105119624695e-06,0.0012668638898276701,0.006470722352118388,0.00034541093022641146,0.01621012109319201,0.033542200922966
256,0,smooth_256,1,smooth_256/iter_1,180,210,39,4.565526065837446e-06,0.0013741831794302683,0.006470722352118388,0.0003947173403717079,0.017222532812947743,0.04025690257549286
256,0,smooth_256,1,smooth_256/iter_1,210,240,52,1.121543057002459e-06,0.0008804466605152217,0.0019263304177071436,5.082197093799437e-05,0.005135032885636275,0.015377774834632874
256,0,smooth_256,1,smooth_256/iter_1,240,270,51,1.1663648844853207e-06,0.0008665309917111257,0.002257997371770973,1.9332664915897705e-05,0.003374052325300142,0.010816719383001328
256,0,smooth_256,1,smooth_256/iter_1,270,300,33,3.225522788928505e-06,0.0013478618367959304,0.0058779198285100545,0.0002344968767549133,0.013285186342810366,0.03157612681388855
256,0,smooth_256,1,smooth_256/iter_1,300,330,42,5.796584188589223e-06,0.0017402624246540316,0.007123114987868662,0.0003966707936491125,0.016855229254967224,0.03930259123444557
256,0,smooth_256,1,smooth_256/iter_1,330,360,47,7.645772474706603e-07,0.0006345200038884594,0.0024096434665613065,2.7789083630029975e-05,0.0037233100688837946,0.014630800113081932
256,0,smooth_256,2,smooth_256/iter_2,0,30,49,1.0776909736931824e-06,0.0007860938457941484,0.002691409219053545,4.74383342402082e-05,0.004706034246756106,0.019915467128157616
256,0,smooth_256,2,smooth_256/iter_2,30,60,42,4.232960147902707e-06,0.0014637643629701166,0.007117072213930611,0.00031798438308738635,0.014515262062472868,0.038727521896362305
256,0,smooth_256,2,smooth_256/iter_2,60,90,33,2.517779521651033e-06,0.0012274503538447835,0.004998822489496721,0.00015520172105614556,0.01028427133287275,0.028162851929664612
256,0,smooth_256,2,smooth_256/iter_2,90,120,51,1.2695022703339824e-06,0.0008960590751316359,0.0024771272567518238,5.5020786510280025e-05,0.005208615469289761,0.01979031041264534
256,0,smooth_256,2,smooth_256/iter_2,120,150,52,1.1268724514044024e-06,0.0008751398505660214,0.0020310145768816373,0.00010654437634493214,0.006987246648909954,0.024762917309999466
256,0,smooth_256,2,smooth_256/iter_2,150,180,37,3.747294374070393e-06,0.0013794490188390525,0.0060296916970541126,0.00024334962476397397,0.013454107597558381,0.029810423962771893
256,0,smooth_256,2,smooth_256/iter_2,180,210,39,3.6754078435969814e-06,0.0013656702154936208,0.0060296916970541126,0.00030319874501643333,0.015150046170068284,0.03448806703090668
256,0,smooth_256,2,smooth_256/iter_2,210,240,52,1.1268724514044024e-06,0.0008751398505660214,0.0020310145768816373,9.226638777466866e-05,0.006591141886579303,0.023200824856758118
256,0,smooth_256,2,smooth_256/iter_2,240,270,51,1.2695022703339824e-06,0.0008960590751316361,0.0024771272567518238,3.057282840933659e-05,0.00412994827709946,0.013968240469694138
256,0,smooth_256,2,smooth_256/iter_2,270,300,33,2.517779521651033e-06,0.0012274503538447833,0.004998822489496721,0.0001526622866583529,0.010722666837726578,0.024204079061746597
256,0,smooth_256,2,smooth_256/iter_2,300,330,42,4.232960147902707e-06,0.0014637643629701166,0.007117072213930611,0.0003033032171545688,0.014927943756837132,0.030670125037431717
256,0,smooth_256,2,smooth_256/iter_2,330,360,47,9.731937231915447e-07,0.000762009617537736,0.002691409219053545,4.269022381920527e-05,0.0044531088243139555,0.019117413088679314
256,0,smooth_256,3,smooth_256/iter_3,0,30,49,1.429569977332896e-06,0.000943761428920544,0.0029282323266370813,4.766644278958463e-05,0.004642641190819594,0.020765146240592003
256,0,smooth_256,3,smooth_256/iter_3,30,60,42,3.858615450695452e-06,0.0014117726311543243,0.007064382237332897,0.00023638033678519832,0.012764118154466684,0.031066734343767166
256,0,smooth_256,3,smooth_256/iter_3,60,90,33,2.2816375273475187e-06,0.0011924774643063416,0.004552673571712983,0.0001024754499969869,0.008405101319746764,0.021334368735551834
256,0,smooth_256,3,smooth_256/iter_3,90,120,51,1.3435025945925498e-06,0.000908473006162905,0.0026644544106623896,5.2345723257860606e-05,0.005045350312310106,0.019761081784963608
256,0,smooth_256,3,smooth_256/iter_3,120,150,52,1.229504642647746e-06,0.0009174957618874768,0.0022095385085051794,0.00010965807946169552,0.0068840030938960035,0.02587876468896866
256,0,smooth_256,3,smooth_256/iter_3,150,180,37,4.184796723760143e-06,0.0016053405867357195,0.005663073831587942,0.00017304729151088803,0.011228313446170776,0.02646871004253626
256,0,smooth_256,3,smooth_256/iter_3,180,210,39,4.082356850655447e-06,0.0015892817111255795,0.005663073831587942,0.00020510320982708517,0.012222268524615524,0.028022639453411102
256,0,smooth_256,3,smooth_256/iter_3,210,240,52,1.229504642647746e-06,0.0009174957618874768,0.0022095385085051794,9.675055156020439e-05,0.006597965579623213,0.02520095184445381
256,0,smooth_256,3,smooth_256/iter_3,240,270,51,1.3435025945925498e-06,0.000908473006162905,0.0026644544106623896,3.213648523719827e-05,0.00416355174692238,0.014783374965190887
256,0,smooth_256,3,smooth_256/iter_3,270,300,33,2.2816375273475187e-06,0.0011924774643063416,0.004552673571712983,0.00010370739579847364,0.008718327479789767,0.018939506262540817
256,0,smooth_256,3,smooth_256/iter_3,300,330,42,3.858615450695451e-06,0.0014117726311543243,0.007064382237332897,0.00022840083846525854,0.012758141771579782,0.029729887377470732
256,0,smooth_256,3,smooth_256/iter_3,330,360,47,1.3143318859517457e-06,0.0009215830238710716,0.0029282323266370813,4.292298221026133e-05,0.004440469687130857,0.020749425515532494
256,0,smooth_256,4,smooth_256/iter_4,0,30,49,1.7709129698012358e-06,0.0010598533744605432,0.003126130001399677,3.940379949722652e-05,0.0041964311266736104,0.019043976441025734
256,0,smooth_256,4,smooth_256/iter_4,30,60,42,4.094574790878605e-06,0.0013987255673291136,0.007048705414114315,0.00016144460652444355,0.010538576901169671,0.023943357169628143
256,0,smooth_256,4,smooth_256/iter_4,60,90,33,2.5126141559170395e-06,0.001226376106252508,0.004240557108165191,6.613670806294663e-05,0.006760918311280848,0.015865113586187363
256,0,smooth_256,4,smooth_256/iter_4,90,120,51,1.5018587239276701e-06,0.000982881606378114,0.002823439170815095,4.2718427072898225e-05,0.0045366238656581615,0.017701376229524612
256,0,smooth_256,4,smooth_256/iter_4,120,150,52,1.3517071340481834e-06,0.0009672573905613653,0.0023604412995603674,8.837493386245424e-05,0.0061208560453871125,0.023587018251419067
256,0,smooth_256,4,smooth_256/iter_4,150,180,37,4.649306981652133e-06,0.0017084298479582251,0.0053934030961831775,0.00011638830066483508,0.009121411306959754,0.022175822872668505
256,0,smooth_256,4,smooth_256/iter_4,180,210,39,4.769839760989208e-06,0.0017341102161057846,0.0053934030961831775,0.00012848924199257628,0.009552763001873897,0.021644461899995804
256,0,smooth_256,4,smooth_256/iter_4,210,240,52,1.351707134048183e-06,0.0009672573905613652,0.0023604412995603674,7.88329851537533e-05,0.005882404153593457,0.023425232619047165
256,0,smooth_256,4,smooth_256/iter_4,240,270,51,1.5018587239276701e-06,0.000982881606378114,0.002823439170815095,2.684665108709345e-05,0.0037763302817064174,0.013832911849021912
256,0,smooth_256,4,smooth_256/iter_4,270,300,33,2.5126141559170395e-06,0.0012263761062525083,0.004240557108165191,6.866630397164626e-05,0.007055945990776474,0.016187601257115602
256,0,smooth_256,4,smooth_256/iter_4,300,330,42,4.094574790878604e-06,0.0013987255673291138,0.007048705414114315,0.00016032028166397934,0.010483771239662366,0.02670135209336877
256,0,smooth_256,4,smooth_256/iter_4,330,360,47,1.6474017351589321e-06,0.0010386439278360967,0.003126130001399677,3.4617880437652686e-05,0.0039877973972482885,0.01923053152859211
256,0,smooth_256,5,smooth_256/iter_5,0,30,49,2.0276979846791463e-06,0.001143059285544578,0.003290487485289123,2.9172689842882715e-05,0.0035881236651722267,0.01632176898419857
256,0,smooth_256,5,smooth_256/iter_5,30,60,42,4.6108308089567634e-06,0.0013913937746921688,0.007077026791508817,0.00010525005701301548,0.008446541269742218,0.020882077515125275
256,0,smooth_256,5,smooth_256/iter_5,60,90,33,2.7996494935382006e-06,0.0012779738926988063,0.004702888642393932,4.1247153184838004e-05,0.005293929709516691,0.01240011677145958
256,0,smooth_256,5,smooth_256/iter_5,90,120,51,1.6665410119832084e-06,0.0010736106004246503,0.0029566174597470962,3.172624181263428e-05,0.003900068903378412,0.015100114047527313
256,0,smooth_256,5,smooth_256/iter_5,120,150,52,1.4491518499897268e-06,0.0010042318086855907,0.002486832280776244,6.216951741658688e-05,0.005141982378867956,0.01996622234582901
256,0,smooth_256,5,smooth_256/iter_5,150,180,37,4.968697394587281e-06,0.001729393936782885,0.005616931571867018,7.378852645598523e-05,0.007235784288118216,0.018068068253342062
256,0,smooth_256,5,smooth_256/iter_5,180,210,39,5.440583916188139e-06,0.0018162194048050328,0.005616931571867018,7.779159919419731e-05,0.00736844847844436,0.017480280250310898
256,0,smooth_256,5,smooth_256/iter_5,210,240,52,1.4491518499897268e-06,0.0010042318086855907,0.002486832280776244,5.6141173561813694e-05,0.004940041519988041,0.019788436591625214
256,0,smooth_256,5,smooth_256/iter_5,240,270,51,1.6665410119832077e-06,0.0010736106004246503,0.0029566174597470962,1.9707173877622678e-05,0.003225938252666417,0.012214642018079758
256,0,smooth_256,5,smooth_256/iter_5,270,300,33,2.7996494935382006e-06,0.0012779738926988063,0.004702888642393932,4.3576608690175524e-05,0.005598948635231478,0.013756728323642164
256,0,smooth_256,5,smooth_256/iter_5,300,330,42,4.6108308089567634e-06,0.0013913937746921688,0.007077026791508817,0.00010270679237243,0.008316407321087484,0.021781666669994593
256,0,smooth_256,5,smooth_256/iter_5,330,360,47,1.8951956409746363e-06,0.0011221051681201788,0.003290487485289123,2.4678023268437686e-05,0.0033783962197126228,0.01640029065310955
256,0,smooth_256,6,smooth_256/iter_6,0,30,49,2.1884906695798705e-06,0.0011853721428629206,0.003426521724572862,2.0406578852797493e-05,0.0029988282037024597,0.01374356634914875
256,0,smooth_256,6,smooth_256/iter_6,30,60,42,5.214816545124229e-06,0.001387376855969392,0.00826439628043514,6.672499490800684e-05,0.006698107000418185,0.01699121668934822
256,0,smooth_256,6,smooth_256/iter_6,60,90,33,2.9819217160964044e-06,0.0012843666579117168,0.005563950791638239,2.5751799052517707e-05,0.004140421578829939,0.010156318545341492
256,0,smooth_256,6,smooth_256/iter_6,90,120,51,1.7800338123988345e-06,0.0011173080458933052,0.0030651757073515,2.1969332365024953e-05,0.0032595128332282984,0.012304883450269699
256,0,smooth_256,6,smooth_256/iter_6,120,150,52,1.5146521504241369e-06,0.001027605125216299,0.0025920242805681087,3.98371685298487e-05,0.004139196557494311,0.01601232960820198
256,0,smooth_256,6,smooth_256/iter_6,150,180,37,5.204862043331305e-06,0.001722117708794671,0.006092113786967876,4.567165783140478e-05,0.005679178808350116,0.014274947810918093
256,0,smooth_256,6,smooth_256/iter_6,180,210,39,6.074248555155199e-06,0.0018600290147446185,0.006092113786967876,4.7096473500352694e-05,0.005713407608429686,0.013872023671865463
256,0,smooth_256,6,smooth_256/iter_6,210,240,52,1.5146521504241369e-06,0.0010276051252162987,0.0025920242805681087,3.630318077124167e-05,0.003982984962371679,0.015559975057840347
256,0,smooth_256,6,smooth_256/iter_6,240,270,51,1.780033812398834e-06,0.0011173080458933052,0.0030651757073515,1.3602211144682638e-05,0.002672623295117827,0.010461505502462387
256,0,smooth_256,6,smooth_256/iter_6,270,300,33,2.981921716096404e-06,0.0012843666579117168,0.005563950791638239,2.6987219623497652e-05,0.004392325341927282,0.010707052890211344
256,0,smooth_256,6,smooth_256/iter_6,300,330,42,5.214816545124231e-06,0.001387376855969392,0.00826439628043514,6.18340313992719e-05,0.006476144559980769,0.015937548130750656
256,0,smooth_256,6,smooth_256/iter_6,330,360,47,2.045747306695075e-06,0.0011635184164240707,0.003426521724572862,1.6149839471483488e-05,0.0027759880461591356,0.01287364773452282
256,0,smooth_256,7,smooth_256/iter_7,0,30,49,2.2756584465444392e-06,0.0012005745542837329,0.0035387901297376095,1.3848855756167792e-05,0.0024662110954523087,0.01152622140944004
256,0,smooth_256,7,smooth_256/iter_7,30,60,42,5.818408294651244e-06,0.001379746659217045,0.009454214521937593,4.229412665468355e-05,0.005294121911339019,0.013731241226196289
256,0,smooth_256,7,smooth_256/iter_7,60,90,33,3.0969295543722856e-06,0.0012655347325086672,0.0062511833568872355,1.613124737158589e-05,0.0032609002241356807,0.008059103041887283
256,0,smooth_256,7,smooth_256/iter_7,90,120,51,1.8438329536310245e-06,0.0011314635462328357,0.003150145818018091,1.4607316673966344e-05,0.002671919945700496,0.00997285544872284
256,0,smooth_256,7,smooth_256/iter_7,120,150,52,1.556981098644653e-06,0.0010408654762866908,0.0026792819797148426,2.474623710682306e-05,0.0032842600933061196,0.012531455606222153
256,0,smooth_256,7,smooth_256/iter_7,150,180,37,5.419287177778831e-06,0.0017055628215701128,0.0068110234507009065,2.835325935633311e-05,0.004473384735614968,0.011195189785212278
256,0,smooth_256,7,smooth_256/iter_7,180,210,39,6.684355760198548e-06,0.001885684180155388,0.006909478370097033,2.8705140466604155e-05,0.0044277393847154695,0.010634664446115494
256,0,smooth_256,7,smooth_256/iter_7,210,240,52,1.556981098644653e-06,0.0010408654762866906,0.0026792819797148426,2.227756424484112e-05,0.003136946354061365,0.011923469603061676
256,0,smooth_256,7,smooth_256/iter_7,240,270,51,1.8438329536310245e-06,0.0011314635462328357,0.003150145818018091,9.074981096433244e-06,0.0021885977510143727,0.008568018674850464
256,0,smooth_256,7,smooth_256/iter_7,270,300,33,3.0969295543722856e-06,0.0012655347325086672,0.0062511833568872355,1.6498892010204633e-05,0.0034391118202951143,0.008561518043279648
256,0,smooth_256,7,smooth_256/iter_7,300,330,42,5.818408294651244e-06,0.001379746659217045,0.009454214521937593,3.887686964077919e-05,0.005129977459243189,0.012613493949174881
256,0,smooth_256,7,smooth_256/iter_7,330,360,47,2.12206547127618e-06,0.0011771433471875826,0.0035387901297376095,1.0237180471116077e-05,0.002236924471056208,0.010239353403449059
256,0,smooth_256,8,smooth_256/iter_8,0,30,49,2.3178019183643818e-06,0.0012030857408021985,0.003631258626120168,9.210051930745631e-06,0.002016408673050452,0.009544948115944862
256,0,smooth_256,8,smooth_256/iter_8,30,60,42,6.380554612476029e-06,0.0013751332045021719,0.010418492029212134,2.7100247359490717e-05,0.00419905631791889,0.010830160230398178
256,0,smooth_256,8,smooth_256/iter_8,60,90,33,3.197451374844827e-06,0.0012195438075711827,0.006800263391598477,1.022686493741518e-05,0.0025789747437970204,0.006280450150370598
256,0,smooth_256,8,smooth_256/iter_8,90,120,51,1.879032130635547e-06,0.001132650374555855,0.0032142306852311203,9.641009406339726e-06,0.002181122846463147,0.008024122565984726
256,0,smooth_256,8,smooth_256/iter_8,120,150,52,1.5852038247881101e-06,0.0010478447651774364,0.0027513552311348444,1.5198025630784075e-05,0.002584580439501084,0.009581878781318665
256,0,smooth_256,8,smooth_256/iter_8,150,180,37,5.637731832333725e-06,0.0016949005729491754,0.007412113699303544,1.8143305944422803e-05,0.0035760893779051665,0.008984782733023167
256,0,smooth_256,8,smooth_256/iter_8,180,210,39,7.2716444773316865e-06,0.0019093208526780947,0.007599616808934895,1.8101773400798094e-05,0.0034976952413741788,0.008639171719551086
256,0,smooth_256,8,smooth_256/iter_8,210,240,52,1.5852038247881101e-06,0.0010478447651774364,0.0027513552311348444,1.3304509764034976e-05,0.002449104347481177,0.008982691913843155
256,0,smooth_256,8,smooth_256/iter_8,240,270,51,1.8790321306355466e-06,0.001132650374555855,0.0032142306852311203,5.9510242446815165e-06,0.0017817885267968272,0.006751973181962967
256,0,smooth_256,8,smooth_256/iter_8,270,300,33,3.197451374844827e-06,0.0012195438075711827,0.006800263391598477,1.0558626161349341e-05,0.002741923980824085,0.007085967808961868
256,0,smooth_256,8,smooth_256/iter_8,300,330,42,6.3805546124760304e-06,0.0013751332045021717,0.010418492029212134,2.478318155232499e-05,0.0040873457065096035,0.009987493976950645
256,0,smooth_256,8,smooth_256/iter_8,330,360,47,2.153749998489068e-06,0.0011779390241719204,0.003631258626120168,6.606484308195368e-06,0.0018156387228915032,0.00845564715564251
256,0,smooth_256,9,smooth_256/iter_9,0,30,49,2.3361406042923385e-06,0.0012067856844669553,0.0037071266631175936,6.107250324203848e-06,0.0016538664622574436,0.007960347458720207
256,0,smooth_256,9,smooth_256/iter_9,30,60,42,6.880874141666623e-06,0.001370629145611989,0.011202726824983508,1.7394339875034874e-05,0.003341257026130777,0.0084052924066782
256,0,smooth_256,9,smooth_256/iter_9,60,90,33,3.301861253946782e-06,0.0011671906567251194,0.007239391513543608,6.539550379373098e-06,0.002082379182066881,0.004862332716584206
256,0,smooth_256,9,smooth_256/iter_9,90,120,51,1.9014936396806732e-06,0.0011293394659419712,0.0032764127121841374,6.388422120701216e-06,0.001782322448550486,0.006411470472812653
256,0,smooth_256,9,smooth_256/iter_9,120,150,52,1.6046243476971502e-06,0.0010520619351363453,0.0028106714297618796,9.435005483519099e-06,0.0020403705465678987,0.007212258875370026
256,0,smooth_256,9,smooth_256/iter_9,150,180,37,5.857035995422164e-06,0.0016950639355738655,0.007900116778934568,1.203638549229394e-05,0.002906618289007629,0.007217250764369965
256,0,smooth_256,9,smooth_256/iter_9,180,210,39,7.8220877073123e-06,0.0019370321086603593,0.00815794589801605,1.1909818214584157e-05,0.002826346900875274,0.007003269158303738
256,0,smooth_256,9,smooth_256/iter_9,210,240,52,1.6046243476971502e-06,0.001052061935136345,0.0028106714297618796,8.11227127517816e-06,0.0019298530040452113,0.006770957261323929
256,0,smooth_256,9,smooth_256/iter_9,240,270,51,1.901493639680673e-06,0.0011293394659419712,0.0032764127121841374,3.946911061782907e-06,0.0014602937461698755,0.005227863788604736
256,0,smooth_256,9,smooth_256/iter_9,270,300,33,3.3018612539467826e-06,0.0011671906567251194,0.007239391513543608,6.9674290019761615e-06,0.0022122567575989347,0.005968932062387466
256,0,smooth_256,9,smooth_256/iter_9,300,330,42,6.8808741416666214e-06,0.001370629145611989,0.011202726824983508,1.61565397283603e-05,0.0032968844295412835,0.007899520918726921
256,0,smooth_256,9,smooth_256/iter_9,330,360,47,2.162574127900549e-06,0.0011802979045452873,0.0037071266631175936,4.350850154610018e-06,0.0014928546833231093,0.007083656266331673
256,0,smooth_256,10,smooth_256/iter_10,0,30,49,2.3426905203859666e-06,0.0012079165029486964,0.0037695001635273395,4.0856119563603465e-06,0.0013645164364454697,0.006697123870253563
256,0,smooth_256,10,smooth_256/iter_10,30,60,42,7.311854371888043e-06,0.0013706534860600356,0.011842813957236895,1.1195490166504869e-05,0.002667823482105242,0.006486929953098297
256,0,smooth_256,10,smooth_256/iter_10,60,90,33,3.40789595015064e-06,0.0011271242107965271,0.00759029266926034,4.321227417918448e-06,0.0017275734183688958,0.0037245936691761017
256,0,smooth_256,10,smooth_256/iter_10,90,120,51,1.9185669311578142e-06,0.001125582379258163,0.0033294733679469363,4.268069472101016e-06,0.00146342912579284,0.005095507949590683
256,0,smooth_256,10,smooth_256/iter_10,120,150,52,1.617667850345833e-06,0.0010542667366261961,0.0028594380690458165,5.917640936759644e-06,0.0016185227924814592,0.0053574442863464355
256,0,smooth_256,10,smooth_256/iter_10,150,180,37,6.062681182681e-06,0.001697967969803738,0.008297862732208089,8.257918708050931e-06,0.0023960556514007417,0.005827839486300945
256,0,smooth_256,10,smooth_256/iter_10,180,210,39,8.318235290890032e-06,0.0019622924140370625,0.008610715675271219,8.11493535915791e-06,0.002326106513814571,0.005878533236682415
256,0,smooth_256,10,smooth_256/iter_10,210,240,52,1.6176678503458334e-06,0.0010542667366261961,0.0028594380690458165,5.004329372182532e-06,0.0015331129901684248,0.005286760628223419
256,0,smooth_256,10,smooth_256/iter_10,240,270,51,1.9185669311578147e-06,0.001125582379258163,0.0033294733679469363,2.6513172036223297e-06,0.0012077165438848384,0.004003394395112991
256,0,smooth_256,10,smooth_256/iter_10,270,300,33,3.4078959501506397e-06,0.0011271242107965271,0.00759029266926034,4.768197463932625e-06,0.0018385911332161138,0.005105450749397278
256,0,smooth_256,10,smooth_256/iter_10,300,330,42,7.311854371888044e-06,0.0013706534860600356,0.011842813957236895,1.073336786729385e-05,0.00267837221811836,0.00626240111887455
256,0,smooth_256,10,smooth_256/iter_10,330,360,47,2.1608257663120133e-06,0.0011802499299118786,0.0037695001635273395,2.948460369293103e-06,0.001236826221042491,0.005976749584078789
256,0,smooth_256,11,smooth_256/iter_11,0,30,49,2.3451424077543764e-06,0.0012055653505014903,0.0038207243567501964,2.7942707452592443e-06,0.0011325749207516105,0.005642613396048546
256,0,smooth_256,11,smooth_256/iter_11,30,60,42,7.674844309673865e-06,0.0013725905871029033,0.012366637406365746,7.403957057285054e-06,0.002164090382090459,0.005019232630729675
256,0,smooth_256,11,smooth_256/iter_11,60,90,33,3.509500671268289e-06,0.0010968530458309552,0.007870387277347346,2.981061421092585e-06,0.0014565826224332507,0.0030158720910549164
256,0,smooth_256,11,smooth_256/iter_11,90,120,51,1.932941364747997e-06,0.0011225971514346757,0.0033731181345776906,2.8764518730169814e-06,0.0012050501490924873,0.004143502563238144
256,0,smooth_256,11,smooth_256/iter_11,120,150,52,1.6254543751109568e-06,0.001055870126996653,0.0028995992159551037,3.8107324751730547e-06,0.001302607679882875,0.004255631938576698
256,0,smooth_256,11,smooth_256/iter_11,150,180,37,6.244150379221787e-06,0.0016993709108328043,0.008623010425983388,5.925973601885159e-06,0.0020053279759186145,0.00496950838714838
256,0,smooth_256,11,smooth_256/iter_11,180,210,39,8.750629801049939e-06,0.001982007373225063,0.008978583697809045,5.7997199023065735e-06,0.001971078609737257,0.004979331977665424
256,0,smooth_256,11,smooth_256/iter_11,210,240,52,1.6254543751109564e-06,0.001055870126996653,0.0028995992159551037,3.260618543215567e-06,0.0012590807074537645,0.004128418862819672
256,0,smooth_256,11,smooth_256/iter_11,240,270,51,1.932941364747997e-06,0.0011225971514346757,0.0033731181345776906,1.842119204286617e-06,0.001012880756866698,0.003261975944042206
256,0,smooth_256,11,smooth_256/iter_11,270,300,33,3.5095006712682897e-06,0.0010968530458309552,0.007870387277347346,3.4434248661126797e-06,0.0015648730014535513,0.004431787878274918
256,0,smooth_256,11,smooth_256/iter_11,300,330,42,7.674844309673865e-06,0.0013725905871029033,0.012366637406365746,7.349900199399256e-06,0.0022224424090901656,0.005101783201098442
256,0,smooth_256,11,smooth_256/iter_11,330,360,47,2.1562386753037532e-06,0.0011767911438457907,0.0038207243567501964,2.075367430839471e-06,0.001036109283883521,0.005111100152134895
256,0,smooth_256,12,smooth_256/iter_12,0,30,49,2.347473435732161e-06,0.0012021363617116564,0.003862726518306242,1.9618677309611476e-06,0.0009462652081737713,0.004832113161683083
256,0,smooth_256,12,smooth_256/iter_12,30,60,42,7.976522903524023e-06,0.0013733693345541506,0.012796729039396104,5.0527976287261355e-06,0.0017935659367746364,0.004097852855920792
256,0,smooth_256,12,smooth_256/iter_12,60,90,33,3.602340731194475e-06,0.0010715118378776631,0.00809341765910876,2.167551981236376e-06,0.0012491488913920793,0.0026100575923919678
256,0,smooth_256,12,smooth_256/iter_12,90,120,51,1.945430475766739e-06,0.0011205547960966996,0.0034085401556337297,1.958634567457769e-06,0.0009952279939955356,0.0033774375915527344
256,0,smooth_256,12,smooth_256/iter_12,120,150,52,1.6287925897776488e-06,0.0010562075350702164,0.002932471432589734,2.5647355382361263e-06,0.0010801323761160558,0.0036565978080034256
256,0,smooth_256,12,smooth_256/iter_12,150,180,37,6.398872168930975e-06,0.0016998936133514342,0.008889530886793381,4.386399672467054e-06,0.001731667570090173,0.00428417045623064
256,0,smooth_256,12,smooth_256/iter_12,180,210,39,9.119552247427e-06,0.0019975245689321467,0.009277580366869764,4.316439673743017e-06,0.0017018034272134686,0.0042613232508301735
256,0,smooth_256,12,smooth_256/iter_12,210,240,52,1.6287925897776483e-06,0.0010562075350702164,0.002932471432589734,2.181015050372011e-06,0.001050219011421387,0.0035259444266557693
256,0,smooth_256,12,smooth_256/iter_12,240,270,51,1.945430475766739e-06,0.0011205547960966994,0.0034085401556337297,1.3175495467755269e-06,0.0008603949830228207,0.002711210399866104
256,0,smooth_256,12,smooth_256/iter_12,270,300,33,3.602340731194475e-06,0.0010715118378776631,0.00809341765910876,2.6048431914932304e-06,0.0013546336188235066,0.0038891322910785675
256,0,smooth_256,12,smooth_256/iter_12,300,330,42,7.976522903524023e-06,0.0013733693345541504,0.012796729039396104,5.199113903395627e-06,0.001874030653631226,0.004262786358594894
256,0,smooth_256,12,smooth_256/iter_12,330,360,47,2.15275437377964e-06,0.001172391350835502,0.003862726518306242,1.5176162045764385e-06,0.0008785620411025717,0.004428667947649956
256,0,smooth_256,13,smooth_256/iter_13,0,30,49,2.3505810418167076e-06,0.0011988163210907069,0.003897093483231931,1.4273951190781065e-06,0.0008145562011976632,0.004175053909420967
256,0,smooth_256,13,smooth_256/iter_13,30,60,42,8.225397462332303e-06,0.0013730028937646898,0.013150593440593925,3.5700169439915366e-06,0.0015295135131704488,0.003472141921520233
256,0,smooth_256,13,smooth_256/iter_13,60,90,33,3.684827646136265e-06,0.0010565694025593162,0.008270661029568832,1.6717773119011687e-06,0.0010991158725863154,0.0023136213421821594
256,0,smooth_256,13,smooth_256/iter_13,90,120,51,1.956453524216093e-06,0.0011193104771764406,0.003437685715594177,1.3567346630082756e-06,0.0008274512548072665,0.0028013288974761963
256,0,smooth_256,13,smooth_256/iter_13,120,150,52,1.6288065015257673e-06,0.0010556355689226077,0.00295935204102582,1.7774467101351102e-06,0.0009100287794493712,0.003262994810938835
256,0,smooth_256,13,smooth_256/iter_13,150,180,37,6.528000685545734e-06,0.001697875701733715,0.009108610238079226,3.3850951926691903e-06,0.001539402619331471,0.0037442175671458244
256,0,smooth_256,13,smooth_256/iter_13,180,210,39,9.429863813679608e-06,0.002007885012752931,0.009520526211535096,3.359386266713275e-06,0.0015044766567790737,0.003695952706038952
256,0,smooth_256,13,smooth_256/iter_13,210,240,52,1.6288065015257666e-06,0.0010556355689226077,0.00295935204102582,1.5195241874649082e-06,0.0008925921283662319,0.0030722226947546005
256,0,smooth_256,13,smooth_256/iter_13,240,270,51,1.956453524216093e-06,0.0011193104771764406,0.003437685715594177,9.73955008429337e-07,0.0007418368523027383,0.0022699013352394104
256,0,smooth_256,13,smooth_256/iter_13,270,300,33,3.6848276461362647e-06,0.0010565694025593162,0.008270661029568832,2.047894633688509e-06,0.0011862332255325534,0.0034449659287929535
256,0,smooth_256,13,smooth_256/iter_13,300,330,42,8.225397462332302e-06,0.0013730028937646898,0.013150593440593925,3.840837405897416e-06,0.001612040266904625,0.0036467742174863815
256,0,smooth_256,13,smooth_256/iter_13,330,360,47,2.1510828938089077e-06,0.001168251518971567,0.003897093483231931,1.1528178398628918e-06,0.000771312637532011,0.0038898345082998276
256,0,smooth_256,14,smooth_256/iter_14,0,30,49,2.353910645410416e-06,0.0011958775590794938,0.003925399945164401,1.0730325922565193e-06,0.000715268509728568,0.0036481861025094986
256,0,smooth_256,14,smooth_256/iter_14,30,60,42,8.4309961790487e-06,0.001371983471174785,0.01344251597711682,2.5989119390360383e-06,0.0013273502242684896,0.0029596667736768723
256,0,smooth_256,14,smooth_256/iter_14,60,90,33,3.7565777224617613e-06,0.0010462583820152682,0.00841101499560487,1.3553913093843316e-06,0.0009798336858776483,0.002360314130783081
256,0,smooth_256,14,smooth_256/iter_14,90,120,51,1.9661683353735313e-06,0.0011186604175432633,0.003461636421288758,9.607833685802567e-07,0.0006998643717345069,0.0024949759244918823
256,0,smooth_256,14,smooth_256/iter_14,120,150,52,1.627064601546866e-06,0.0010545820162394784,0.002981441123563758,1.2785091792625117e-06,0.0007849040871056226,0.0029537323862314224
256,0,smooth_256,14,smooth_256/iter_14,150,180,37,6.633713470870011e-06,0.0016937471085424558,0.009288960497940785,2.726428287764071e-06,0.0013993144368853521,0.0033142603933811188
256,0,smooth_256,14,smooth_256/iter_14,180,210,39,9.687790659760673e-06,0.002014003728193057,0.009717640780786518,2.712681991267652e-06,0.00136182930929443,0.003240373916924
256,0,smooth_256,14,smooth_256/iter_14,210,240,52,1.6270646015468661e-06,0.0010545820162394786,0.002981441123563758,1.0969057453335455e-06,0.0007765787438704417,0.0027283933013677597
256,0,smooth_256,14,smooth_256/iter_14,240,270,51,1.9661683353735317e-06,0.001118660417543263,0.003461636421288758,7.45325106084599e-07,0.0006541374559495963,0.001914825290441513
256,0,smooth_256,14,smooth_256/iter_14,270,300,33,3.7565777224617613e-06,0.0010462583820152684,0.00841101499560487,1.6736611477178536e-06,0.0010649894900394208,0.003094792366027832
256,0,smooth_256,14,smooth_256/iter_14,300,330,42,8.4309961790487e-06,0.0013719834711747852,0.01344251597711682,2.9442346047730805e-06,0.001419934818321573,0.003159094601869583
256,0,smooth_256,14,smooth_256/iter_14,330,360,47,2.150519504482001e-06,0.0011646344081059957,0.003925399945164401,9.096407362677087e-07,0.0006895921331770877,0.0034591350704431534
256,0,smooth_256,15,smooth_256/iter_15,0,30,49,2.356897429821151e-06,0.001193316711766936,0.0039486487576147755,8.373069855585613e-07,0.000637822081239856,0.0032193567603826523
256,0,smooth_256,15,smooth_256/iter_15,30,60,42,8.602201061826046e-06,0.0013707348549053405,0.013683720228956309,1.9447019733619927e-06,0.0011669085014589307,0.002529112622141838
256,0,smooth_256,15,smooth_256/iter_15,60,90,33,3.818090101969521e-06,0.001039671967412587,0.008521530140620709,1.1411241146153792e-06,0.0008818620505432287,0.002549201250076294
256,0,smooth_256,15,smooth_256/iter_15,90,120,51,1.974668316771473e-06,0.001118410654471192,0.0034810600489406512,6.987145488948877e-07,0.0005989199248599071,0.0022507086396217346
256,0,smooth_256,15,smooth_256/iter_15,120,150,52,1.6249151350722886e-06,0.001053409152496305,0.0029996211322817767,9.58190097880968e-07,0.0006894810268512139,0.0027086157351732254
256,0,smooth_256,15,smooth_256/iter_15,150,180,37,6.718467953027441e-06,0.001687823238858753,0.009437652354330486,2.284557208586014e-06,0.0012882268087737062,0.002968261018395424
256,0,smooth_256,15,smooth_256/iter_15,180,210,39,9.899761986803214e-06,0.002016589143193003,0.009877469823083102,2.263035060635557e-06,0.0012514740213727914,0.0028740977868437767
256,0,smooth_256,15,smooth_256/iter_15,210,240,52,1.624915135072289e-06,0.001053409152496305,0.0029996211322817767,8.225473499749218e-07,0.0006882368157116267,0.002463763579726219
256,0,smooth_256,15,smooth_256/iter_15,240,270,51,1.974668316771473e-06,0.001118410654471192,0.0034810600489406512,5.909904472613112e-07,0.0005909822442952325,0.001742340624332428
256,0,smooth_256,15,smooth_256/iter_15,270,300,33,3.818090101969521e-06,0.001039671967412587,0.008521530140620709,1.4192059686113938e-06,0.000975061377341097,0.002817407250404358
256,0,smooth_256,15,smooth_256/iter_15,300,330,42,8.602201061826044e-06,0.0013707348549053405,0.013683720228956309,2.336817044540031e-06,0.0012694504333748704,0.002773227170109749
256,0,smooth_256,15,smooth_256/iter_15,330,360,47,2.1503017316722867e-06,0.0011615104570444146,0.0039486487576147755,7.463926860014525e-07,0.0006277998314892992,0.003112995997071266
256,0,smooth_256,16,smooth_256/iter_16,0,30,49,2.359175844364489e-06,0.0011910019634679089,0.003967574332452428,6.787819939718324e-07,0.0005763744821353834,0.0028697792440652847
256,0,smooth_256,16,smooth_256/iter_16,30,60,42,8.746467395501906e-06,0.0013716121234269157,0.01388334867346011,1.506677885697684e-06,0.0010376473475757631,0.0021844059228897095
256,0,smooth_256,16,smooth_256/iter_16,60,90,33,3.870666581563577e-06,0.001034252703117364,0.008608168653951753,1.0011240566540175e-06,0.0008046662480796151,0.002698957920074463
256,0,smooth_256,16,smooth_256/iter_16,90,120,51,1.98199182511303e-06,0.0011183567089994664,0.0034971765113782083,5.218827019982914e-07,0.0005190970704836003,0.002051800489425659
256,0,smooth_256,16,smooth_256/iter_16,120,150,52,1.6230026129183882e-06,0.0010531365893359527,0.0030144842999040716,7.469332620450212e-07,0.0006244652546369112,0.002512490376830101
256,0,smooth_256,16,smooth_256/iter_16,150,180,37,6.785032051974775e-06,0.001680493731880712,0.009560482969348416,1.978014988177719e-06,0.0012048979484904055,0.0026874840259552
256,0,smooth_256,16,smooth_256/iter_16,180,210,39,1.0072188473815608e-05,0.0020163432257690786,0.010006900473977093,1.946435952543042e-06,0.0011632633261167659,0.0026037245988845825
256,0,smooth_256,16,smooth_256/iter_16,210,240,52,1.6230026129183886e-06,0.0010531365893359527,0.0030144842999040716,6.435533860420762e-07,0.0006172060966491699,0.0022456608712673187
256,0,smooth_256,16,smooth_256/iter_16,240,270,51,1.9819918251130303e-06,0.0011183567089994662,0.0034971765113782083,4.861637143178154e-07,0.0005435899046121859,0.00160294771194458
256,0,smooth_256,16,smooth_256/iter_16,270,300,33,3.870666581563576e-06,0.0010342527031173639,0.008608168653951753,1.2410299369300636e-06,0.0009024612125799512,0.0025966912508010864
256,0,smooth_256,16,smooth_256/iter_16,300,330,42,8.746467395501904e-06,0.0013716121234269157,0.01388334867346011,1.9279161397147908e-06,0.0011580985128169967,0.002749323844909668
256,0,smooth_256,16,smooth_256/iter_16,330,360,47,2.149944689450609e-06,0.0011587266084407246,0.003967574332452428,6.341630805171234e-07,0.0005778262114271204,0.002833465114235878
256,0,smooth_256,17,smooth_256/iter_17,0,30,49,2.360552699291844e-06,0.0011887951484410787,0.003983151311165986,5.699510176845381e-07,0.0005278293119401348,0.0025866087526082993
256,0,smooth_256,17,smooth_256/iter_17,30,60,42,8.868948693048185e-06,0.0013728591179707054,0.014048966064897944,1.2068843410906286e-06,0.0009400059352628887,0.0019074343144893646
256,0,smooth_256,17,smooth_256/iter_17,60,90,33,3.915490259269474e-06,0.001030007208390046,0.008675521609647019,9.089470544979841e-07,0.0007420335913951876,0.002817094326019287
256,0,smooth_256,17,smooth_256/iter_17,90,120,51,1.988245376865798e-06,0.001118409993594738,0.003510458990856946,4.030040774445278e-07,0.00045707412794524546,0.0018894225358963013
256,0,smooth_256,17,smooth_256/iter_17,120,150,52,1.6214992467579834e-06,0.0010529080323159517,0.0030266940474955456,6.070603727461566e-07,0.000583013161443747,0.0023549161851406097
256,0,smooth_256,17,smooth_256/iter_17,150,180,37,6.836035782010152e-06,0.0016721265322673575,0.0096620188807644,1.7608553116639393e-06,0.001149536612305186,0.002481350675225258
256,0,smooth_256,17,smooth_256/iter_17,180,210,39,1.021099481577754e-05,0.0020138870191076224,0.010111628657493127,1.7219522355190667e-06,0.001107848200123184,0.00245530903339386
256,0,smooth_256,17,smooth_256/iter_17,210,240,52,1.6214992467579834e-06,0.0010529080323159515,0.0030266940474955456,5.26840867904311e-07,0.0005646777840761038,0.00206964835524559
256,0,smooth_256,17,smooth_256/iter_17,240,270,51,1.9882453768657974e-06,0.001118409993594738,0.003510458990856946,4.1313069177361347e-07,0.0005055170725373661,0.00151820108294487
256,0,smooth_256,17,smooth_256/iter_17,270,300,33,3.915490259269474e-06,0.001030007208390046,0.008675521609647019,1.1130014519140636e-06,0.0008487149819054387,0.0024200044572353363
256,0,smooth_256,17,smooth_256/iter_17,300,330,42,8.868948693048185e-06,0.0013728591179707054,0.014048966064897944,1.6506940374464994e-06,0.0010721049759359587,0.0027410686016082764
256,0,smooth_256,17,smooth_256/iter_17,330,360,47,2.149139042909924e-06,0.0011561231846774593,0.003983151311165986,5.550470274808013e-07,0.0005392841994762421,0.0026063304394483566
256,0,smooth_256,18,smooth_256/iter_18,0,30,49,2.3609975777884326e-06,0.0011865924134069445,0.003995990175975558,4.949100206384698e-07,0.0004917874324078462,0.0023591723293066025
256,0,smooth_256,18,smooth_256/iter_18,30,60,42,8.973302880103265e-06,0.001374696936775986,0.014186530282339349,1.0032811473290616e-06,0.0008629427729396238,0.0017124433070421219
256,0,smooth_256,18,smooth_256/iter_18,60,90,33,3.9535768759164615e-06,0.0010270061552271105,0.008727263160336535,8.489913804291687e-07,0.0006919796314005824,0.0029093921184539795
256,0,smooth_256,18,smooth_256/iter_18,90,120,51,1.9935292735416486e-06,0.0011185066495962787,0.0035212518560317624,3.218622831100649e-07,0.0004099469047551062,0.0017534568905830383
256,0,smooth_256,18,smooth_256/iter_18,120,150,52,1.620403591445805e-06,0.001052747815287327,0.003036651461660586,5.136116771579054e-07,0.0005518697703687045,0.0022272486239671707
256,0,smooth_256,18,smooth_256/iter_18,150,180,37,6.873902846108273e-06,0.0016630176958828853,0.00974609619847494,1.6038810094741308e-06,0.001106450055738458,0.002372831106185913
256,0,smooth_256,18,smooth_256/iter_18,180,210,39,1.032160337685818e-05,0.0020097319036868635,0.010196292929811446,1.5572859665128183e-06,0.0010640624155385946,0.002332031726837158
256,0,smooth_256,18,smooth_256/iter_18,210,240,52,1.6204035914458053e-06,0.0010527478152873272,0.003036651461660586,4.4915854959151356e-07,0.0005237553626872026,0.001926729455590248
256,0,smooth_256,18,smooth_256/iter_18,240,270,51,1.9935292735416486e-06,0.0011185066495962787,0.0035212518560317624,3.6167202715375334e-07,0.0004744615917112313,0.0014872699975967407
256,0,smooth_256,18,smooth_256/iter_18,270,300,33,3.9535768759164615e-06,0.0010270061552271103,0.008727263160336535,1.021029705908119e-06,0.000811082734303041,0.0022845640778541565
256,0,smooth_256,18,smooth_256/iter_18,300,330,42,8.973302880103265e-06,0.001374696936775986,0.014186530282339349,1.4577217827070435e-06,0.0010042628051624412,0.0027344226837158203
256,0,smooth_256,18,smooth_256/iter_18,330,360,47,2.1477420572580856e-06,0.0011535762807037447,0.003995990175975558,4.981550595816075e-07,0.0005098389104959812,0.0024212244898080826
256,0,smooth_256,19,smooth_256/iter_19,0,30,49,2.360612176327063e-06,0.0011843715840968317,0.004006438683741384,4.4208038590182017e-07,0.00046286728157072653,0.0021752621978521347
256,0,smooth_256,19,smooth_256/iter_19,30,60,42,9.062409823111086e-06,0.0013769216469699422,0.014301250963292586,8.653750747918803e-07,0.0008049274689429218,0.0016142576932907104
256,0,smooth_256,19,smooth_256/iter_19,60,90,33,3.985542267324211e-06,0.0010272371964873976,0.00876649259151091,8.096960172096129e-07,0.0006555286677074478,0.0029807239770889282
256,0,smooth_256,19,smooth_256/iter_19,90,120,51,1.997897252071126e-06,0.001118576982940453,0.0035300502821885293,2.6539133087365734e-07,0.00037357251287675373,0.0016331523656845093
256,0,smooth_256,19,smooth_256/iter_19,120,150,52,1.619585359956147e-06,0.001052642761721787,0.003044842641059156,4.5069510637716817e-07,0.0005302681014514887,0.002123486250638962
256,0,smooth_256,19,smooth_256/iter_19,150,180,37,6.900960180862661e-06,0.0016549719692779247,0.009815911499995597,1.4865363677258204e-06,0.0010695776106110094,0.0022793877869844437
256,0,smooth_256,19,smooth_256/iter_19,180,210,39,1.0408734949453558e-05,0.0020057661333056586,0.010264570568777803,1.4326249549654475e-06,0.001026563882194937,0.0022298991680145264
256,0,smooth_256,19,smooth_256/iter_19,210,240,52,1.619585359956147e-06,0.001052642761721787,0.003044842641059156,3.9743417223709577e-07,0.0004916167818009853,0.0018104352056980133
256,0,smooth_256,19,smooth_256/iter_19,240,270,51,1.9978972520711255e-06,0.001118576982940453,0.0035300502821885293,3.253217009805589e-07,0.00044938428875278025,0.0014617815613746643
256,0,smooth_256,19,smooth_256/iter_19,270,300,33,3.985542267324211e-06,0.0010272371964873976,0.00876649259151091,9.564724686281037e-07,0.0007832358788811799,0.0023255497217178345
256,0,smooth_256,19,smooth_256/iter_19,300,330,42,9.062409823111086e-06,0.0013769216469699424,0.014301250963292586,1.3220667095553305e-06,0.0009481138549745083,0.0027474910020828247
256,0,smooth_256,19,smooth_256/iter_19,330,360,47,2.145824273523685e-06,0.0011510574099335132,0.004006438683741384,4.5641500782225014e-07,0.0004867043029120628,0.002269679680466652
256,0,smooth_256,20,smooth_256/iter_20,0,30,49,2.359457825321876e-06,0.0011821203125214842,0.0040150499205037216,4.045206411277666e-07,0.00043936423501189875,0.002024119719862938
256,0,smooth_256,20,smooth_256/iter_20,30,60,42,9.138344427630071e-06,0.001379217077312941,0.014396974623314976,7.705353537765191e-07,0.0007595210807353613,0.0015907734632492065
256,0,smooth_256,20,smooth_256/iter_20,60,90,33,4.011838859248459e-06,0.001028992969736425,0.008795456438476207,7.825633898728431e-07,0.0006359925962787008,0.0030351579189300537
256,0,smooth_256,20,smooth_256/iter_20,90,120,51,2.001535850559555e-06,0.0011186371499083058,0.003537392732872416,2.261744710171795e-07,0.0003452375165972055,0.001534387469291687
256,0,smooth_256,20,smooth_256/iter_20,120,150,52,1.6190376557084319e-06,0.0010526041706800326,0.003051491186419217,4.078938712050306e-07,0.0005125679577199313,0.002038944512605667
256,0,smooth_256,20,smooth_256/iter_20,150,180,37,6.919068029327754e-06,0.0016463986302279676,0.009874265113172465,1.395322811446404e-06,0.0010375105634306532,0.0021909642964601517
256,0,smooth_256,20,smooth_256/iter_20,180,210,39,1.0476306045616744e-05,0.002000626926322523,0.010319311423670846,1.3358747609279734e-06,0.0009955249902887796,0.0021452903747558594
256,0,smooth_256,20,smooth_256/iter_20,210,240,52,1.619037655708432e-06,0.0010526041706800326,0.003051491186419217,3.631508793589725e-07,0.00046754413499281957,0.001715485006570816
256,0,smooth_256,20,smooth_256/iter_20,240,270,51,2.0015358505595547e-06,0.001118637149908306,0.003537392732872416,2.989412565342674e-07,0.0004293142507473628,0.001440592110157013
256,0,smooth_256,20,smooth_256/iter_20,270,300,33,4.011838859248459e-06,0.0010289929697364247,0.008795456438476207,9.070142783232256e-07,0.000760119224926739,0.0023658275604248047
256,0,smooth_256,20,smooth_256/iter_20,300,330,42,9.13834442763007e-06,0.001379217077312941,0.014396974623314976,1.229069363477308e-06,0.00090319062361405,0.0028504282236099243
256,0,smooth_256,20,smooth_256/iter_20,330,360,47,2.143374206521868e-06,0.0011485434351797645,0.0040150499205037216,4.253476981233632e-07,0.00046782203494234286,0.0021448638290166855
256,1,acute_256,1,acute_256/iter_1,0,30,61,8.435567841144079e-07,0.0006745446003578365,0.002606816205180995,0.00020910526698267833,0.010832147918007963,0.0334042739123106
256,1,acute_256,1,acute_256/iter_1,30,60,46,0.00014288082402590506,0.005311537832024843,0.047002130269006626,0.002784809329612633,0.04199262131916602,0.13950375467538834
256,1,acute_256,1,acute_256/iter_1,60,90,44,7.25122801473397e-05,0.005570916512204985,0.03206421783961659,0.0035544548723544806,0.04461176040124635,0.15783071517944336
256,1,acute_256,1,acute_256/iter_1,90,120,60,3.7994733310753247e-06,0.0015084361310240232,0.005301989483865531,0.00017455592676058127,0.009816668073957166,0.03209410794079304
256,1,acute_256,1,acute_256/iter_1,120,150,62,1.5281306602325983e-06,0.0010286203679942807,0.0030176511609902555,0.00019972670633761758,0.010860223849792214,0.030446790158748627
256,1,acute_256,1,acute_256/iter_1,150,180,39,0.00014356775418433287,0.007188791903769749,0.05658953946211587,0.0035903439118151158,0.04257506299174379,0.1708427220582962
256,1,acute_256,1,acute_256/iter_1,180,210,39,0.00014356775418433287,0.007188791903769752,0.05658953946211587,0.00279051838753649,0.03973330764543229,0.14132559299468994
256,1,acute_256,1,acute_256/iter_1,210,240,62,1.5281306602325985e-06,0.0010286203679942807,0.0030176511609902555,0.00022174120557051438,0.011075547416581802,0.03590733744204044
256,1,acute_256,1,acute_256/iter_1,240,270,60,3.7994733310753247e-06,0.0015084361310240234,0.005301989483865531,7.361224375737083e-05,0.00640957779251039,0.02150094322860241
256,1,acute_256,1,acute_256/iter_1,270,300,44,7.251228014733972e-05,0.005570916512204986,0.03206421783961659,0.0034530914124173595,0.043695256373956166,0.16975991241633892
256,1,acute_256,1,acute_256/iter_1,300,330,46,0.00014288082402590506,0.005311537832024844,0.047002130269006626,0.003922110545005664,0.05031151544687379,0.15996459871530533
256,1,acute_256,1,acute_256/iter_1,330,360,61,8.435567841144078e-07,0.0006745446003578367,0.002606816205180995,0.000256179212545823,0.011263173409417028,0.04311084933578968
256,1,acute_256,2,acute_256/iter_2,0,30,61,1.722358392969333e-06,0.0010152880557640306,0.0030307201373170924,0.0003259042663489244,0.012534281666405866,0.053764233365654945
256,1,acute_256,2,acute_256/iter_2,30,60,46,0.00011266246902782042,0.00502307526921454,0.04453926764249083,0.0025367618176562684,0.04306544550269356,0.1120549812912941
256,1,acute_256,2,acute_256/iter_2,60,90,44,7.846093870616466e-05,0.006095421329053504,0.02793486191297828,0.002464246641922033,0.04072774217043347,0.1325236689299345
256,1,acute_256,2,acute_256/iter_2,90,120,60,3.1994196781457734e-06,0.0014023177733610344,0.005224573693474531,0.0002040599257694707,0.009975912701338529,0.03920319862663746
256,1,acute_256,2,acute_256/iter_2,120,150,62,1.7282514209523736e-06,0.001081526558162392,0.003501186029824608,0.0003124163608943308,0.012669225553831747,0.040119536221027374
256,1,acute_256,2,acute_256/iter_2,150,180,39,0.00013917910355485606,0.0066947127288521455,0.05277117137106327,0.0021356446948028293,0.03644851830419308,0.12917743623256683
256,1,acute_256,2,acute_256/iter_2,180,210,39,0.00013917910355485603,0.006694712728852146,0.05277117137106327,0.0019376738266297627,0.036407886309182055,0.10225310921669006
256,1,acute_256,2,acute_256/iter_2,210,240,62,1.728251420952374e-06,0.001081526558162392,0.003501186029824608,0.00034805328811299594,0.013371252452000795,0.04799802042543888
256,1,acute_256,2,acute_256/iter_2,240,270,60,3.199419678145773e-06,0.0014023177733610346,0.005224573693474531,0.00011556418607109379,0.007692327406645442,0.029924651607871056
256,1,acute_256,2,acute_256/iter_2,270,300,44,7.846093870616466e-05,0.006095421329053505,0.02793486191297828,0.0022082988838544,0.03831306571439861,0.13183779828250408
256,1,acute_256,2,acute_256/iter_2,300,330,46,0.00011266246902782042,0.00502307526921454,0.04453926764249083,0.003324278685848842,0.049734451056397316,0.11746997386217117
256,1,acute_256,2,acute_256/iter_2,330,360,61,1.722358392969333e-06,0.0010152880557640306,0.0030307201373170924,0.00041343463568891883,0.013457411649201799,0.06287572719156742
256,1,acute_256,3,acute_256/iter_3,0,30,61,2.7616399038724744e-06,0.0012923279489881114,0.004762851983380473,0.0003255493066411546,0.012081144935810237,0.05710748769342899
256,1,acute_256,3,acute_256/iter_3,30,60,46,9.862268985430899e-05,0.005080378294628471,0.0432239841303064,0.0018656378447132918,0.03678147265631908,0.0947955884039402
256,1,acute_256,3,acute_256/iter_3,60,90,44,9.69337954798493e-05,0.00627424729698437,0.03872074089568178,0.0016328192389397866,0.03461885907282439,0.08979983441531658
256,1,acute_256,3,acute_256/iter_3,90,120,60,2.062958742445649e-06,0.0010984577564944814,0.0038775007973716677,0.00017432211671415023,0.009172722279132964,0.03651263751089573
256,1,acute_256,3,acute_256/iter_3,120,150,62,1.888020091270586e-06,0.0011364134264199091,0.002934339598588822,0.0003036690760411746,0.01218997641286302,0.04171238839626312
256,1,acute_256,3,acute_256/iter_3,150,180,39,0.00014057748138666934,0.005696616759330142,0.04941061142291536,0.0012618917583258405,0.029196718225974996,0.09305696189403534
256,1,acute_256,3,acute_256/iter_3,180,210,39,0.00014057748138666937,0.005696616759330141,0.04941061142291536,0.0013335118509804796,0.030866582939499773,0.07486826181411743
256,1,acute_256,3,acute_256/iter_3,210,240,62,1.8880200912705858e-06,0.001136413426419909,0.002934339598588822,0.0003294830420721501,0.012718084118058604,0.04947282560169697
256,1,acute_256,3,acute_256/iter_3,240,270,60,2.0629587424456486e-06,0.0010984577564944814,0.0038775007973716677,0.00011158889017033668,0.007506037426840824,0.029231837019324303
256,1,acute_256,3,acute_256/iter_3,270,300,44,9.69337954798493e-05,0.0062742472969843695,0.03872074089568178,0.0013955817141498032,0.03270538062299073,0.0826279055327177
256,1,acute_256,3,acute_256/iter_3,300,330,46,9.862268985430903e-05,0.005080378294628472,0.0432239841303064,0.002419699949035705,0.04243168897380162,0.10459617152810097
256,1,acute_256,3,acute_256/iter_3,330,360,61,2.7616399038724744e-06,0.0012923279489881114,0.004762851983380473,0.00036869767019114024,0.012589825447992285,0.06016809679567814
256,1,acute_256,4,acute_256/iter_4,0,30,61,3.5700576358069366e-06,0.0014587278806777976,0.005560447362021093,0.00023493720660029414,0.010284936330357536,0.04823068715631962
256,1,acute_256,4,acute_256/iter_4,30,60,46,9.017406377840555e-05,0.00504390989288708,0.042479174355719435,0.0011467622996398483,0.029001548516807026,0.07612200826406479
256,1,acute_256,4,acute_256/iter_4,60,90,44,0.00012097039438660985,0.0066297270003431,0.04883884568618391,0.0009531381355734838,0.026914915017683103,0.06293305195868015
256,1,acute_256,4,acute_256/iter_4,90,120,60,1.9284911663990535e-06,0.0010912174456151882,0.0032451762609254503,0.0001252279735938553,0.007791760905335347,0.03021279163658619
256,1,acute_256,4,acute_256/iter_4,120,150,62,2.1977221473911053e-06,0.001229591005135293,0.0038837256780476295,0.0002285013580031752,0.010489313113090072,0.036993421614170074
256,1,acute_256,4,acute_256/iter_4,150,180,39,0.0001545466344103088,0.005090445955729152,0.05716228553241032,0.0007291192850806501,0.022487516810845893,0.06430412828922272
256,1,acute_256,4,acute_256/iter_4,180,210,39,0.0001545466344103088,0.005090445955729153,0.05716228553241032,0.0008137764647974871,0.024069542717860222,0.055122390389442444
256,1,acute_256,4,acute_256/iter_4,210,240,62,2.1977221473911057e-06,0.0012295910051352925,0.0038837256780476295,0.0002374647038917551,0.010644712350181034,0.041774699464440346
256,1,acute_256,4,acute_256/iter_4,240,270,60,1.9284911663990535e-06,0.001091217445615188,0.0032451762609254503,8.588057741451508e-05,0.006593531486578286,0.02607451193034649
256,1,acute_256,4,acute_256/iter_4,270,300,44,0.00012097039438660985,0.0066297270003431,0.04883884568618391,0.0008875192628791262,0.026545629763197874,0.053063929080963135
256,1,acute_256,4,acute_256/iter_4,300,330,46,9.017406377840555e-05,0.005043909892887081,0.042479174355719435,0.0014827824445959104,0.032814651459415,0.08935217931866646
256,1,acute_256,4,acute_256/iter_4,330,360,61,3.570057635806936e-06,0.0014587278806777971,0.005560447362021093,0.0002529624298326457,0.010503332017058293,0.05055149830877781
256,1,acute_256,5,acute_256/iter_5,0,30,61,4.024976307339744e-06,0.001546246678034807,0.005785177990020044,0.00014535166086540076,0.008198751258801242,0.03720777668058872
256,1,acute_256,5,acute_256/iter_5,30,60,46,8.39681063456497e-05,0.004964356734571857,0.042041752192783055,0.0006176304852710495,0.021685709131618394,0.05349494889378548
256,1,acute_256,5,acute_256/iter_5,60,90,44,0.00014509776458736484,0.006907076088106997,0.057741549036809225,0.0005288218977807228,0.020249646008199885,0.0447170902043581
256,1,acute_256,5,acute_256/iter_5,90,120,60,2.0936429347883326e-06,0.0012022457123579292,0.0034378016609195733,8.223785274387259e-05,0.006336654590753218,0.023025186732411385
256,1,acute_256,5,acute_256/iter_5,120,150,62,2.399408128223932e-06,0.0012669898584081745,0.004355376589785832,0.0001520283089691769,0.00848876404005193,0.03138986974954605
256,1,acute_256,5,acute_256/iter_5,150,180,39,0.00017303449907513633,0.004741183933823919,0.06560856102600071,0.0004133582670356327,0.016977015595050313,0.04549047350883484
256,1,acute_256,5,acute_256/iter_5,180,210,39,0.00017303449907513636,0.00474118393382392,0.06560856102600071,0.00044643936192964893,0.017619194040889852,0.04481479525566101
256,1,acute_256,5,acute_256/iter_5,210,240,62,2.3994081282239323e-06,0.0012669898584081745,0.004355376589785832,0.0001479500334328581,0.00836843741877425,0.0330102127045393
256,1,acute_256,5,acute_256/iter_5,240,270,60,2.0936429347883326e-06,0.0012022457123579292,0.0034378016609195733,5.851778795849987e-05,0.005468330811709166,0.02115546725690365
256,1,acute_256,5,acute_256/iter_5,270,300,44,0.00014509776458736487,0.0069070760881069955,0.057741549036809225,0.0005422083737117631,0.02068112907066031,0.04235023446381092
256,1,acute_256,5,acute_256/iter_5,300,330,46,8.396810634564969e-05,0.004964356734571856,0.042041752192783055,0.0008311093336991598,0.024394752293238012,0.06881917640566826
256,1,acute_256,5,acute_256/iter_5,330,360,61,4.024976307339745e-06,0.0015462466780348072,0.005785177990020044,0.0001545347133871218,0.008317108367203323,0.038352543488144875
256,1,acute_256,6,acute_256/iter_6,0,30,61,4.217814109317234e-06,0.0015903046940618682,0.0057663919604323925,8.737464724107852e-05,0.006448255134288405,0.02888757549226284
256,1,acute_256,6,acute_256/iter_6,30,60,46,7.978270567082663e-05,0.004869953151340733,0.0418223130970527,0.0003234705122570375,0.015920743153875937,0.036009104922413826
256,1,acute_256,6,acute_256/iter_6,60,90,44,0.00016668242850541868,0.007075046714939675,0.06490873567085581,0.0003088753940665073,0.015313207545576997,0.03131408244371414
256,1,acute_256,6,acute_256/iter_6,90,120,60,2.182010844249192e-06,0.0012262755918985662,0.0036008851628035604,5.200919396780469e-05,0.0050658914260566235,0.01772693172097206
256,1,acute_256,6,acute_256/iter_6,120,150,62,2.4696061015388943e-06,0.0012716488927086546,0.004445588948003142,9.172052870082014e-05,0.006620437522689181,0.02478870376944542
256,1,acute_256,6,acute_256/iter_6,150,180,39,0.00019068400170932262,0.004726529906556529,0.07228275657936184,0.00023944441120397382,0.012764748816082899,0.037566572427749634
256,1,acute_256,6,acute_256/iter_6,180,210,39,0.0001906840017093226,0.004726529906556528,0.07228275657936184,0.0002443751690436758,0.012767396803470686,0.03762051463127136
256,1,acute_256,6,acute_256/iter_6,210,240,62,2.4696061015388943e-06,0.0012716488927086546,0.004445588948003142,8.68290005110418e-05,0.006408996128987881,0.024890149012207985
256,1,acute_256,6,acute_256/iter_6,240,270,60,2.182010848023717e-06,0.0012262753430945664,0.0036008851628035604,3.6138764061747016e-05,0.0043325538591792185,0.016519596800208092
256,1,acute_256,6,acute_256/iter_6,270,300,44,0.0001666824285054187,0.007075046714939675,0.06490873567085581,0.000328638162812051,0.01588119132595073,0.03188448213040829
256,1,acute_256,6,acute_256/iter_6,300,330,46,7.978270567082663e-05,0.004869953151340733,0.0418223130970527,0.00046074339760012893,0.018134726411359305,0.048382412642240524
256,1,acute_256,6,acute_256/iter_6,330,360,61,4.217814109317233e-06,0.001590304694061868,0.0057663919604323925,8.80395144355848e-05,0.006417357958242541,0.029120979830622673
256,1,acute_256,7,acute_256/iter_7,0,30,61,4.278681500899436e-06,0.001610320381552568,0.005664781748400852,5.361113602659326e-05,0.005099043753914168,0.022152749821543694
256,1,acute_256,7,acute_256/iter_7,30,60,46,7.745676146248267e-05,0.004814835097970793,0.041775891187379705,0.00018928875598707098,0.012018143194322676,0.027351471595466137
256,1,acute_256,7,acute_256/iter_7,60,90,44,0.0001847054674862115,0.007203964137398835,0.07031765937171697,0.0001941485900840661,0.01178654599657007,0.025810718536376953
256,1,acute_256,7,acute_256/iter_7,90,120,60,2.1929506084987203e-06,0.001221931092934008,0.00373400601355961,3.255573832565423e-05,0.0040317293566962085,0.014069877564907074
256,1,acute_256,7,acute_256/iter_7,120,150,62,2.47644490199807e-06,0.0012681841821011537,0.004385110017142625,5.385911339482855e-05,0.00511076012926717,0.01893666386604309
256,1,acute_256,7,acute_256/iter_7,150,180,39,0.00020622003585570465,0.004711109640868687,0.07760666455739101,0.00014769319215092628,0.009760217631059604,0.031381309032440186
256,1,acute_256,7,acute_256/iter_7,180,210,39,0.00020622003585570465,0.004711109640868686,0.07760666455739101,0.00014374033097547422,0.009483478839870375,0.031756505370140076
256,1,acute_256,7,acute_256/iter_7,210,240,62,2.4764449019980706e-06,0.0012681841821011537,0.004385110017142625,5.038631272350284e-05,0.004892316271340655,0.01816517487168312
256,1,acute_256,7,acute_256/iter_7,240,270,60,2.1929506084987203e-06,0.001221931092934008,0.00373400601355961,2.2680930938115176e-05,0.003434659664829572,0.012581227347254753
256,1,acute_256,7,acute_256/iter_7,270,300,44,0.00018470546748621149,0.007203964137398835,0.07031765937171697,0.00020259456536794894,0.012133778918889055,0.02597188949584961
256,1,acute_256,7,acute_256/iter_7,300,330,46,7.745676146248267e-05,0.004814835097970793,0.041775891187379705,0.00025787284826805457,0.013523184385596087,0.04182511568069458
256,1,acute_256,7,acute_256/iter_7,330,360,61,4.278681500899436e-06,0.0016103203815525683,0.005664781748400852,5.07445491044464e-05,0.00497200433164835,0.021518567577004433
256,1,acute_256,8,acute_256/iter_8,0,30,61,4.283825622175424e-06,0.0016234826247439641,0.005541942260299831,3.362359382179904e-05,0.00405528512401659,0.016921566799283028
256,1,acute_256,8,acute_256/iter_8,30,60,46,7.633837375569677e-05,0.004784812541273483,0.041858626664744075,0.00011713768065976432,0.00927432481219749,0.022227585315704346
256,1,acute_256,8,acute_256/iter_8,60,90,44,0.00019912012525252212,0.007286706141495811,0.0742866937402279,0.0001358463649229837,0.009474209794875193,0.024173356592655182
256,1,acute_256,8,acute_256/iter_8,90,120,60,2.1867491492717816e-06,0.0011990746044423406,0.0038379866005733565,2.0704562509894428e-05,0.0032232984900474547,0.01099281758069992
256,1,acute_256,8,acute_256/iter_8,120,150,62,2.46294590296613e-06,0.0012667998214743552,0.0042827040988597034,3.165653446987061e-05,0.003954903703303107,0.014187291264533997
256,1,acute_256,8,acute_256/iter_8,150,180,39,0.00021984676030718713,0.0046887261379649015,0.08189233663379314,9.693346663531363e-05,0.007593736120048935,0.027232885360717773
256,1,acute_256,8,acute_256/iter_8,180,210,39,0.00021984676030718708,0.004688726137964901,0.08189233663379314,9.198512104081621e-05,0.0072557064663553135,0.027178943157196045
256,1,acute_256,8,acute_256/iter_8,210,240,62,2.46294590296613e-06,0.0012667998214743552,0.0042827040988597034,2.9406296580790806e-05,0.003777193266057199,0.013735484331846237
256,1,acute_256,8,acute_256/iter_8,240,270,60,2.1867491492717816e-06,0.0011990746044423409,0.0038379866005733565,1.4182753482514775e-05,0.002724949394663175,0.009683521464467049
256,1,acute_256,8,acute_256/iter_8,270,300,44,0.00019912012525252212,0.007286706141495813,0.0742866937402279,0.00013590609550363962,0.009601080355588982,0.02258945256471634
256,1,acute_256,8,acute_256/iter_8,300,330,46,7.633837375569679e-05,0.004784812541273483,0.041858626664744075,0.00015205746023426816,0.010303027678594884,0.036053746938705444
256,1,acute_256,8,acute_256/iter_8,330,360,61,4.283825622175423e-06,0.0016234826247439641,0.005541942260299831,2.997308714124398e-05,0.0038809760427865824,0.015759555622935295
256,1,acute_256,9,acute_256/iter_9,0,30,61,4.266366168519669e-06,0.001631159027981273,0.0054196308510578856,2.165501257527055e-05,0.0032480788096541265,0.01319398544728756
256,1,acute_256,9,acute_256/iter_9,30,60,46,7.583155896952285e-05,0.0047642199986281586,0.042036922876755894,7.721513712131978e-05,0.007425175945568101,0.020494043827056885
256,1,acute_256,9,acute_256/iter_9,60,90,44,0.00021030645673087434,0.007333633654830129,0.07717419476672299,0.00010673774063294881,0.008040297025714111,0.02518656849861145
256,1,acute_256,9,acute_256/iter_9,90,120,60,2.1889367295506244e-06,0.0011745152086418222,0.003914955582325394,1.3142015763014867e-05,0.002588565150896708,0.008549094200134277
256,1,acute_256,9,acute_256/iter_9,120,150,62,2.4443347967694325e-06,0.001263775657001484,0.0041757124798579084,1.9244266242076126e-05,0.0030970979602106155,0.010630588978528976
256,1,acute_256,9,acute_256/iter_9,150,180,39,0.00023175625015578344,0.004677669185727421,0.08536669781469097,6.870890622003932e-05,0.006094953626206216,0.02528756856918335
256,1,acute_256,9,acute_256/iter_9,180,210,39,0.0002317562501557835,0.00467766918572742,0.08536669781469097,6.420994129842538e-05,0.005771944414636192,0.023713350296020508
256,1,acute_256,9,acute_256/iter_9,210,240,62,2.444334796769433e-06,0.001263775657001484,0.0041757124798579084,1.7496598127452887e-05,0.0029416658404854035,0.010218944400548935
256,1,acute_256,9,acute_256/iter_9,240,270,60,2.188936729550624e-06,0.0011745152086418222,0.003914955582325394,8.903281215911242e-06,0.0021703220903873444,0.007422333583235741
256,1,acute_256,9,acute_256/iter_9,270,300,44,0.00021030645673087431,0.007333633654830128,0.07717419476672299,0.0001044656789917964,0.008093057019736576,0.022460907697677612
256,1,acute_256,9,acute_256/iter_9,300,330,46,7.583155896952285e-05,0.0047642199986281586,0.042036922876755894,9.980919690262965e-05,0.008222042689221385,0.031484365463256836
256,1,acute_256,9,acute_256/iter_9,330,360,61,4.26636616851967e-06,0.001631159027981273,0.0054196308510578856,1.8602442424782793e-05,0.003082003994066207,0.012209741398692131
256,1,acute_256,10,acute_256/iter_10,0,30,61,4.240141424520433e-06,0.0016344471598325739,0.005305555148912691,1.4368186026490521e-05,0.0026234206056497135,0.010578703135251999
256,1,acute_256,10,acute_256/iter_10,30,60,46,7.560236812481557e-05,0.004747013633786774,0.04228811230952445,5.60937117579698e-05,0.006239418897008442,0.019208163022994995
256,1,acute_256,10,acute_256/iter_10,60,90,44,0.0002188123634087699,0.007352066649351058,0.07926755752589038,9.14305231117015e-05,0.007161826095729008,0.025967419147491455
256,1,acute_256,10,acute_256/iter_10,90,120,60,2.200733010714317e-06,0.001155145152868322,0.0039682043567186714,8.36194995927006e-06,0.00208574328571558,0.006734635680913925
256,1,acute_256,10,acute_256/iter_10,120,150,62,2.425102803522166e-06,0.0012598784609167781,0.004074892774566137,1.2219626209182711e-05,0.0024758894296903764,0.008200692012906075
256,1,acute_256,10,acute_256/iter_10,150,180,39,0.00024212058421923936,0.004673331187455214,0.08820045203857013,5.27855036419941e-05,0.0051537279165737955,0.024383753538131714
256,1,acute_256,10,acute_256/iter_10,180,210,39,0.00024212058421923936,0.004673331187455214,0.08820045203857013,4.871450729892937e-05,0.004874921805682019,0.0213472843170166
256,1,acute_256,10,acute_256/iter_10,210,240,62,2.425102803522167e-06,0.001259878460916778,0.004074892774566137,1.0900115511040988e-05,0.0023404350804705773,0.007734311744570732
256,1,acute_256,10,acute_256/iter_10,240,270,60,2.2007330107143178e-06,0.001155145152868322,0.0039682043567186714,5.708044765930705e-06,0.0017488091873625914,0.0060891397297382355
256,1,acute_256,10,acute_256/iter_10,270,300,44,0.0002188123634087699,0.007352066649351058,0.07926755752589038,8.69689211950692e-05,0.007101193991812496,0.02309316396713257
256,1,acute_256,10,acute_256/iter_10,300,330,46,7.560236812481557e-05,0.004747013633786774,0.04228811230952445,7.138902179118752e-05,0.006799175267350738,0.027954459190368652
256,1,acute_256,10,acute_256/iter_10,330,360,61,4.240141424520433e-06,0.001634447159832574,0.005305555148912691,1.242284598524717e-05,0.0025080451283787117,0.009925084188580513
256,1,acute_256,11,acute_256/iter_11,0,30,61,4.212398886157734e-06,0.0016349281544937963,0.005202061683534306,9.847814735012992e-06,0.002171089994858523,0.00904594361782074
256,1,acute_256,11,acute_256/iter_11,30,60,46,7.550747093063046e-05,0.004729012876200992,0.04259162211936671,4.411919102594664e-05,0.005382298537449021,0.018222957849502563
256,1,acute_256,11,acute_256/iter_11,60,90,44,0.00022517544835866886,0.007349192124448414,0.08078168266894831,8.268320263333899e-05,0.006668753281039905,0.02650180459022522
256,1,acute_256,11,acute_256/iter_11,90,120,60,2.217249788749215e-06,0.0011447124937693307,0.004016504356386549,5.421293623851693e-06,0.0016988934638599554,0.005326360464096069
256,1,acute_256,11,acute_256/iter_11,120,150,62,2.4064449450907907e-06,0.0012550696491229621,0.003982684091289199,8.03286093166131e-06,0.002008748390982228,0.006882611662149429
256,1,acute_256,11,acute_256/iter_11,150,180,39,0.00025109879047810544,0.004682063923658451,0.09052521026254551,4.330274160510865e-05,0.0044754278470720285,0.02360391616821289
256,1,acute_256,11,acute_256/iter_11,180,210,39,0.00025109879047810544,0.004682063923658451,0.09052521026254551,3.972909161695507e-05,0.004284603672343879,0.01992449164390564
256,1,acute_256,11,acute_256/iter_11,210,240,62,2.406444945090791e-06,0.0012550696491229626,0.003982684091289199,7.138771471515482e-06,0.0019364284591809396,0.006313333287835121
256,1,acute_256,11,acute_256/iter_11,240,270,60,2.2172497887492154e-06,0.0011447124937693307,0.004016504356386549,3.7821579244449085e-06,0.0014328170567750932,0.005047459155321121
256,1,acute_256,11,acute_256/iter_11,270,300,44,0.00022517544835866886,0.007349192124448413,0.08078168266894831,7.712324157815144e-05,0.006569551435611423,0.023559659719467163
256,1,acute_256,11,acute_256/iter_11,300,330,46,7.550747093063046e-05,0.004729012876200994,0.04259162211936671,5.4838390482002634e-05,0.00579972611234078,0.025171726942062378
256,1,acute_256,11,acute_256/iter_11,330,360,61,4.2123988861577346e-06,0.0016349281544937968,0.005202061683534306,8.74696518468291e-06,0.002115040712180685,0.00820445828139782
256,1,acute_256,12,acute_256/iter_12,0,30,61,4.1876217165153e-06,0.0016329531402800518,0.0051095371826502395,7.034386805383968e-06,0.0018433915054211852,0.007870759814977646
256,1,acute_256,12,acute_256/iter_12,30,60,46,7.547585663159731e-05,0.004710376077088305,0.042922496915237335,3.6788948527612887e-05,0.0048269712538255944,0.01732736825942993
256,1,acute_256,12,acute_256/iter_12,60,90,44,0.00022988049793532485,0.007331358618969431,0.08187473922537336,7.734982404557414e-05,0.006334323176071683,0.026925712823867798
256,1,acute_256,12,acute_256/iter_12,90,120,60,2.2348454380866837e-06,0.0011429184615119597,0.004067747209552497,3.5853119084972827e-06,0.001395932740221421,0.0042015500366687775
256,1,acute_256,12,acute_256/iter_12,120,150,62,2.3885994610053862e-06,0.0012498665054128286,0.0038988653485645883,5.547360446185847e-06,0.001688538690007502,0.005839142948389053
256,1,acute_256,12,acute_256/iter_12,150,180,39,0.00025884702599514764,0.004705904837679605,0.09244312210634947,3.76146012500618e-05,0.003984767449974942,0.022943437099456787
256,1,acute_256,12,acute_256/iter_12,180,210,39,0.00025884702599514764,0.004705904837679605,0.09244312210634947,3.41044218806031e-05,0.0038397594624443743,0.019337058067321777
256,1,acute_256,12,acute_256/iter_12,210,240,62,2.388599461005387e-06,0.0012498665054128286,0.0038988653485645883,4.949228208464226e-06,0.0016471978216882675,0.005219420418143272
256,1,acute_256,12,acute_256/iter_12,240,270,60,2.2348454380866837e-06,0.0011429184615119594,0.004067747209552497,2.572563482296809e-06,0.00119391946742932,0.004173733294010162
256,1,acute_256,12,acute_256/iter_12,270,300,44,0.00022988049793532485,0.007331358618969431,0.08187473922537336,7.13470094141841e-05,0.006214627663377376,0.023914605379104614
256,1,acute_256,12,acute_256/iter_12,300,330,46,7.547585663159731e-05,0.004710376077088305,0.042922496915237335,4.531761657464448e-05,0.005110084641036456,0.022939085960388184
256,1,acute_256,12,acute_256/iter_12,330,360,61,4.187621716515302e-06,0.0016329531402800518,0.0051095371826502395,6.439143724078734e-06,0.001831805883128135,0.0069202519953250885
256,1,acute_256,13,acute_256/iter_13,0,30,61,4.166865282280955e-06,0.0016298681624127669,0.0050275269121711035,5.243645222563623e-06,0.001602736591804223,0.006937343627214432
256,1,acute_256,13,acute_256/iter_13,30,60,46,7.546134806585629e-05,0.004691630947991121,0.04324607478156789,3.222955884798167e-05,0.004450190795899328,0.01636296510696411
256,1,acute_256,13,acute_256/iter_13,60,90,44,0.00023333901743330805,0.007303627986207486,0.08266210937051222,7.410350703792142e-05,0.006069071775445164,0.027270376682281494
256,1,acute_256,13,acute_256/iter_13,90,120,60,2.2516724772692108e-06,0.0011427236590160394,0.004109616621508397,2.410576866082997e-06,0.0011589784485598405,0.0034853219985961914
256,1,acute_256,13,acute_256/iter_13,120,150,62,2.3714836150297648e-06,0.0012445306312949887,0.0038227087710034323,4.008519875165947e-06,0.001462643695694785,0.005025280639529228
256,1,acute_256,13,acute_256/iter_13,150,180,39,0.0002655199959635933,0.004735380533353488,0.09403442228840192,3.420731784632546e-05,0.00361634549298264,0.02239087224006653
256,1,acute_256,13,acute_256/iter_13,180,210,39,0.00026551999596359326,0.0047353805333534855,0.09403442228840192,3.0643738097891804e-05,0.003489895934576336,0.018874794244766235
256,1,acute_256,13,acute_256/iter_13,210,240,62,2.3714836150297648e-06,0.001244530631294989,0.0038227087710034323,3.5717466843546196e-06,0.0014283375874642402,0.0043844375759363174
256,1,acute_256,13,acute_256/iter_13,240,270,60,2.2516724772692108e-06,0.0011427236590160392,0.004109616621508397,1.8170295636915055e-06,0.0010168930205206076,0.003440726548433304
256,1,acute_256,13,acute_256/iter_13,270,300,44,0.00023333901743330797,0.007303627986207486,0.08266210937051222,6.768778297551182e-05,0.005941487599391787,0.024182528257369995
256,1,acute_256,13,acute_256/iter_13,300,330,46,7.546134806585628e-05,0.004691630947991121,0.04324607478156789,3.953114907577567e-05,0.004652063175023574,0.02113613486289978
256,1,acute_256,13,acute_256/iter_13,330,360,61,4.166865282280956e-06,0.0016298681624127669,0.0050275269121711035,4.9904407901854575e-06,0.0016145560218662513,0.006149183958768845
256,1,acute_256,14,acute_256/iter_14,0,30,61,4.149085641510138e-06,0.0016263379218141864,0.0049552839418760194,4.113328663710636e-06,0.0014148468426505073,0.006181679666042328
256,1,acute_256,14,acute_256/iter_14,30,60,46,7.543358309661688e-05,0.0046734488967680385,0.04352971002071532,2.9530958176749993e-05,0.004169928319954678,0.015577256679534912
256,1,acute_256,14,acute_256/iter_14,60,90,44,0.0002358777743080051,0.007283272948950009,0.08322661278378668,7.204663902264618e-05,0.0059323092976807275,0.027558177709579468
256,1,acute_256,14,acute_256/iter_14,90,120,60,2.2671035561588327e-06,0.0011434588023316573,0.004144006080379153,1.6646681673428143e-06,0.000976747584839662,0.002952270209789276
256,1,acute_256,14,acute_256/iter_14,120,150,62,2.3550616148196086e-06,0.0012392067777708918,0.003753409039202977,3.017909667379489e-06,0.0012929047788343122,0.004388963803648949
256,1,acute_256,14,acute_256/iter_14,150,180,39,0.0002712665299005982,0.004761689096947271,0.09536233455252285,3.2073816490714865e-05,0.0033418139736078535,0.021876007318496704
256,1,acute_256,14,acute_256/iter_14,180,210,39,0.00027126652990059827,0.004761689096947271,0.09536233455252285,2.8612280414526638e-05,0.00323631394339594,0.018501371145248413
256,1,acute_256,14,acute_256/iter_14,210,240,62,2.3550616148196077e-06,0.0012392067777708918,0.003753409039202977,2.68313224645826e-06,0.0012566778929002822,0.0038961954414844513
256,1,acute_256,14,acute_256/iter_14,240,270,60,2.2671035561588323e-06,0.0011434588023316573,0.004144006080379153,1.3292271751062443e-06,0.0008777341184516748,0.0028532780706882477
256,1,acute_256,14,acute_256/iter_14,270,300,44,0.0002358777743080051,0.007283272948950008,0.08322661278378668,6.541697792894422e-05,0.0058125283361402,0.024400919675827026
256,1,acute_256,14,acute_256/iter_14,300,330,46,7.543358309661688e-05,0.0046734488967680385,0.04352971002071532,3.597469584956335e-05,0.004337867880088236,0.0196840763092041
256,1,acute_256,14,acute_256/iter_14,330,360,61,4.149085641510137e-06,0.0016263379218141864,0.0049552839418760194,4.050506608558531e-06,0.0014575321349452753,0.005522947758436203
256,1,acute_256,15,acute_256/iter_15,0,30,61,4.132885373736439e-06,0.0016225467675288663,0.004891700002721877,3.3845423135729225e-06,0.0012688858159741417,0.005565296858549118
256,1,acute_256,15,acute_256/iter_15,30,60,46,7.537878431234768e-05,0.004656954775958953,0.04376144341831559,2.7990789879243726e-05,0.003962302627295013,0.014958322048187256
256,1,acute_256,15,acute_256/iter_15,60,90,44,0.0002377410183025671,0.007262138282235617,0.08362750929133367,7.065889047032573e-05,0.005839426846333398,0.027805358171463013
256,1,acute_256,15,acute_256/iter_15,90,120,60,2.280868134542894e-06,0.0011446356056083443,0.004172158711588533,1.187089811578492e-06,0.0008344866956273715,0.002522498369216919
256,1,acute_256,15,acute_256/iter_15,120,150,62,2.339167230292152e-06,0.0012339694079768595,0.0036900615656321016,2.3679276868543455e-06,0.0011623566970229149,0.0038866400718688965
256,1,acute_256,15,acute_256/iter_15,150,180,39,0.00027622201372815984,0.004784311885258492,0.09647702718245921,3.081100920987402e-05,0.003141268200124614,0.02145761251449585
256,1,acute_256,15,acute_256/iter_15,180,210,39,0.0002762220137281598,0.004784311885258493,0.09647702718245921,2.7450597881985277e-05,0.003046130900680183,0.018207311630249023
256,1,acute_256,15,acute_256/iter_15,210,240,62,2.339167230292152e-06,0.0012339694079768595,0.0036900615656321016,2.102484894461015e-06,0.0011212526850642697,0.00350322388112545
256,1,acute_256,15,acute_256/iter_15,240,270,60,2.280868134542895e-06,0.0011446356056083443,0.004172158711588533,1.000185595000554e-06,0.0007672799751162529,0.0022914372384548187
256,1,acute_256,15,acute_256/iter_15,270,300,44,0.00023774101830256712,0.007262138282235617,0.08362750929133367,6.455100859902312e-05,0.005769714557655706,0.02458551526069641
256,1,acute_256,15,acute_256/iter_15,300,330,46,7.537878431234766e-05,0.004656954775958954,0.04376144341831559,3.3794032159841314e-05,0.004101607377853487,0.01852366328239441
256,1,acute_256,15,acute_256/iter_15,330,360,61,4.132885373736439e-06,0.0016225467675288665,0.004891700002721877,3.428000680231933e-06,0.001334494193557833,0.005009938031435013
256,1,acute_256,16,acute_256/iter_16,0,30,61,4.117356609249438e-06,0.001618974770232442,0.004866318564495792,2.9032667077265114e-06,0.0011717256952504642,0.005061507225036621
256,1,acute_256,16,acute_256/iter_16,30,60,46,7.529327482797658e-05,0.004643333150636104,0.04394153022352931,2.7026674892192125e-05,0.0037927744244529017,0.014480113983154297
256,1,acute_256,16,acute_256/iter_16,60,90,44,0.00023910712388204873,0.007241434991791067,0.0839078820642789,6.971781066277525e-05,0.005759447826924522,0.028024286031723022
256,1,acute_256,16,acute_256/iter_16,90,120,60,2.2929812190990576e-06,0.0011459178825802213,0.00419527049199446,8.708115854470325e-07,0.0007186221579710642,0.002174563705921173
256,1,acute_256,16,acute_256/iter_16,120,150,62,2.3237278657378017e-06,0.0012288606553466743,0.0036318857555551615,1.930829814977606e-06,0.001058969646692276,0.003486599773168564
256,1,acute_256,16,acute_256/iter_16,150,180,39,0.00028050744296616184,0.004803838389857719,0.09741852156830594,3.0133291566993908e-05,0.0029914775965526365,0.021124333143234253
256,1,acute_256,16,acute_256/iter_16,180,210,39,0.0002805074429661619,0.004803838389857719,0.09741852156830594,2.684761861110299e-05,0.002902406789078855,0.017982393503189087
256,1,acute_256,16,acute_256/iter_16,210,240,62,2.323727865737802e-06,0.0012288606553466747,0.0036318857555551615,1.7168022742706552e-06,0.0010141224089649417,0.0031836088746786118
256,1,acute_256,16,acute_256/iter_16,240,270,60,2.2929812190990576e-06,0.0011459178825802213,0.00419527049199446,7.810527154756645e-07,0.0006798205897212029,0.002071952447295189
256,1,acute_256,16,acute_256/iter_16,270,300,44,0.00023910712388204876,0.007241434991791068,0.0839078820642789,6.370955606128732e-05,0.005704279367901935,0.0247480571269989
256,1,acute_256,16,acute_256/iter_16,300,330,46,7.529327482797658e-05,0.004643333150636105,0.04394153022352931,3.242902241936818e-05,0.003918901466734141,0.018705129623413086
256,1,acute_256,16,acute_256/iter_16,330,360,61,4.117356609249436e-06,0.0016189747702324423,0.004866318564495792,3.009574524608185e-06,0.0012450888752937317,0.004605740308761597
256,1,acute_256,17,acute_256/iter_17,0,30,61,4.101771837367999e-06,0.0016168774610916979,0.004889069696158252,2.569103513791482e-06,0.0011003578967246853,0.004619218409061432
256,1,acute_256,17,acute_256/iter_17,30,60,46,7.517933888730222e-05,0.004631019708993058,0.04407497516628259,2.6468814457813876e-05,0.003671665054634618,0.014102429151535034
256,1,acute_256,17,acute_256/iter_17,60,90,44,0.00024010216338364807,0.007218370299981089,0.08409803514540853,6.907928937635727e-05,0.005696391764186873,0.02822384238243103
256,1,acute_256,17,acute_256/iter_17,90,120,60,2.303459959047995e-06,0.0011471241118910594,0.004214397756823696,6.601825217518338e-07,0.0006281223458548386,0.001887582242488861
256,1,acute_256,17,acute_256/iter_17,120,150,62,2.3085852741561797e-06,0.0012238913912310746,0.0035782023586745683,1.6328634464926314e-06,0.0009810890581819318,0.0031654052436351776
256,1,acute_256,17,acute_256/iter_17,150,180,39,0.0002842296085916761,0.004820861261730815,0.0982190680207336,2.9824389577073513e-05,0.002875950469901093,0.020867139101028442
256,1,acute_256,17,acute_256/iter_17,180,210,39,0.000284229608591676,0.004820861261730815,0.0982190680207336,2.6597832834395943e-05,0.0027928467416831362,0.017816632986068726
256,1,acute_256,17,acute_256/iter_17,210,240,62,2.3085852741561793e-06,0.0012238913912310746,0.0035782023586745683,1.4537371773293106e-06,0.0009279943882457672,0.0029293373227119446
256,1,acute_256,17,acute_256/iter_17,240,270,60,2.3034599590479956e-06,0.0011471241118910594,0.004214397756823696,6.324355076184572e-07,0.0006103735417127609,0.0019002500921487808
256,1,acute_256,17,acute_256/iter_17,270,300,44,0.00024010216338364812,0.007218370299981087,0.08409803514540853,6.306475572605367e-05,0.005642969503242057,0.024897277355194092
256,1,acute_256,17,acute_256/iter_17,300,330,46,7.517933888730223e-05,0.004631019708993059,0.04407497516628259,3.155327899849626e-05,0.003798415870456349,0.01918470859527588
256,1,acute_256,17,acute_256/iter_17,330,360,61,4.101771837367998e-06,0.0016168774610916979,0.004889069696158252,2.723962784470672e-06,0.0011845932143633483,0.004288662225008011
256,1,acute_256,18,acute_256/iter_18,0,30,61,4.085814139392739e-06,0.001614524414930079,0.004907774767142256,2.3415597773268034e-06,0.001054921294333505,0.004248868674039841
256,1,acute_256,18,acute_256/iter_18,30,60,46,7.504216956012652e-05,0.004620049591851435,0.04416849435790293,2.6161082595016386e-05,0.0035944960305325526,0.014430612325668335
256,1,acute_256,18,acute_256/iter_18,60,90,44,0.00024081864957910536,0.007195872415102275,0.08421967658784274,6.858208810002482e-05,0.00564463048530425,0.02841082215309143
256,1,acute_256,18,acute_256/iter_18,90,120,60,2.3124291775432708e-06,0.001148176495440902,0.004229959002156405,5.203563188380112e-07,0.000563842865327994,0.0016571134328842163
256,1,acute_256,18,acute_256/iter_18,120,150,62,2.2937362578363026e-06,0.0012190729187840105,0.003528509588939039,1.4253953359207687e-06,0.000918953018563409,0.0029056277126073837
256,1,acute_256,18,acute_256/iter_18,150,180,39,0.0002874794858662234,0.004835842694807994,0.0989045458780915,2.975015291280357e-05,0.00278506532665163,0.020670652389526367
256,1,acute_256,18,acute_256/iter_18,180,210,39,0.00028747948586622344,0.004835842694807994,0.0989045458780915,2.6579721289722083e-05,0.0027082819593861364,0.01770097017288208
256,1,acute_256,18,acute_256/iter_18,210,240,62,2.2937362578363026e-06,0.0012190729187840108,0.003528509588939039,1.2708063157024464e-06,0.0008629865403617582,0.0027191080152988434
256,1,acute_256,18,acute_256/iter_18,240,270,60,2.3124291775432704e-06,0.001148176495440902,0.004229959002156405,5.317104040644209e-07,0.0005591966211795807,0.001758430153131485
256,1,acute_256,18,acute_256/iter_18,270,300,44,0.00024081864957910536,0.007195872415102277,0.08421967658784274,6.260837544836132e-05,0.005589746196082243,0.025039196014404297
256,1,acute_256,18,acute_256/iter_18,300,330,46,7.504216956012652e-05,0.0046200495918514335,0.04416849435790293,3.101389139617726e-05,0.0037137818707497386,0.01957574486732483
256,1,acute_256,18,acute_256/iter_18,330,360,61,4.085814139392739e-06,0.0016145244149300788,0.004907774767142256,2.5214250930474893e-06,0.0011357793920352811,0.004023369401693344
256,1,acute_256,19,acute_256/iter_19,0,30,61,4.069354059327999e-06,0.0016119149352766392,0.004923069754835321,2.184191333740538e-06,0.0010224225946137162,0.0039463527500629425
256,1,acute_256,19,acute_256/iter_19,30,60,46,7.488688541464917e-05,0.004610365884219904,0.04422840819545165,2.599194400230597e-05,0.0035420360876267532,0.014814883470535278
256,1,acute_256,19,acute_256/iter_19,60,90,44,0.00024132707575933398,0.007172050590580361,0.08428859619503459,6.821660679669359e-05,0.005597009940670846,0.028589993715286255
256,1,acute_256,19,acute_256/iter_19,90,120,60,2.3200855407642237e-06,0.0011490840475442971,0.004242835949892665,4.276168338118146e-07,0.0005135110579431057,0.001516055315732956
256,1,acute_256,19,acute_256/iter_19,120,150,62,2.2791457628144765e-06,0.001214419580426934,0.003482417810137004,1.2784146942638616e-06,0.0008686052094544134,0.0027166642248630524
256,1,acute_256,19,acute_256/iter_19,150,180,39,0.00029033417565573426,0.004849094211266425,0.0994957759002063,2.9833016953826652e-05,0.002713286242140338,0.0205247700214386
256,1,acute_256,19,acute_256/iter_19,180,210,39,0.00029033417565573426,0.0048490942112664245,0.0994957759002063,2.6713573354162606e-05,0.002642314365053048,0.017627596855163574
256,1,acute_256,19,acute_256/iter_19,210,240,62,2.2791457628144773e-06,0.0012144195804269342,0.003482417810137004,1.1407601167352361e-06,0.0008117040739424767,0.002569727599620819
256,1,acute_256,19,acute_256/iter_19,240,270,60,2.3200855407642233e-06,0.0011490840475442974,0.004242835949892665,4.62625588326486e-07,0.0005201769682268302,0.0016408804804086685
256,1,acute_256,19,acute_256/iter_19,270,300,44,0.000241327075759334,0.007172050590580362,0.08428859619503459,6.235002803649698e-05,0.0055462343397349205,0.02517828345298767
256,1,acute_256,19,acute_256/iter_19,300,330,46,7.488688541464918e-05,0.004610365884219905,0.04422840819545165,3.071902502855862e-05,0.0036503647557844447,0.01990056037902832
256,1,acute_256,19,acute_256/iter_19,330,360,61,4.069354059327999e-06,0.0016119149352766392,0.004923069754835321,2.37290098543531e-06,0.0011062581763892877,0.0037998519837856293
256,1,acute_256,20,acute_256/iter_20,0,30,61,4.052435140031934e-06,0.0016090789020835345,0.004935586252008323,2.071245529523972e-06,0.0009953132906898123,0.003695320338010788
256,1,acute_256,20,acute_256/iter_20,30,60,46,7.47192850421017e-05,0.004602119685276178,0.044260991593889354,2.5889780494588395e-05,0.0035022801742382835,0.015087693929672241
256,1,acute_256,20,acute_256/iter_20,60,90,44,0.00024167877891104913,0.007147639585747831,0.084316258251315,6.797423866078118e-05,0.005557731326420749,0.02876463532447815
256,1,acute_256,20,acute_256/iter_20,90,120,60,2.3265137734553865e-06,0.0011498280481963296,0.004253271762047345,3.6593941163017005e-07,0.0004738104219237963,0.0014163553714752197
256,1,acute_256,20,acute_256/iter_20,120,150,62,2.264786461912036e-06,0.0012099317606391142,0.0034394838933717344,1.1720470323812388e-06,0.0008300669611461701,0.002608291804790497
256,1,acute_256,20,acute_256/iter_20,150,180,39,0.0002928611994115861,0.004860913216608339,0.100009977535722,3.0023265677757514e-05,0.0026572689683421347,0.020420879125595093
256,1,acute_256,20,acute_256/iter_20,180,210,39,0.0002928611994115861,0.004860913216608339,0.100009977535722,2.6957776418495864e-05,0.0025955382947218963,0.017975658178329468
256,1,acute_256,20,acute_256/iter_20,210,240,62,2.2647864619120366e-06,0.001209931760639114,0.0034394838933717344,1.0465643333533559e-06,0.0007706234952615153,0.0024649053812026978
256,1,acute_256,20,acute_256/iter_20,240,270,60,2.3265137734553865e-06,0.0011498280481963296,0.004253271762047345,4.1459441088940314e-07,0.0004936620282630126,0.0015431120991706848
256,1,acute_256,20,acute_256/iter_20,270,300,44,0.00024167877891104908,0.007147639585747831,0.084316258251315,6.22408030801692e-05,0.00551036331837002,0.025317490100860596
256,1,acute_256,20,acute_256/iter_20,300,330,46,7.471928504210171e-05,0.004602119685276178,0.044260991593889354,3.055800953735675e-05,0.003599786327433084,0.02016618847846985
256,1,acute_256,20,acute_256/iter_20,330,360,61,4.052435140031934e-06,0.0016090789020835343,0.004935586252008323,2.2625465280019593e-06,0.0010845672155989975,0.0036234334111213684
266,0,smooth_266,1,smooth_266/iter_1,0,30,53,7.378824000387275e-07,0.0006123190962229558,0.0022329067136776515,2.7946148579006737e-05,0.00394938791276149,0.013725152239203453
266,0,smooth_266,1,smooth_266/iter_1,30,60,42,4.830702691946231e-06,0.0016487265970365078,0.006222978527806844,0.0006599699252648882,0.020953525888866613,0.0504646822810173
266,0,smooth_266,1,smooth_266/iter_1,60,90,35,3.45449279007105e-06,0.0013854572646724468,0.004904934672258825,0.00038329091871983496,0.015811948395068092,0.04042799770832062
266,0,smooth_266,1,smooth_266/iter_1,90,120,53,1.0932911933737513e-06,0.0008302027332468735,0.002146706636259689,3.1444299345891336e-05,0.003910488958628672,0.014420785009860992
266,0,smooth_266,1,smooth_266/iter_1,120,150,55,8.862172773310287e-07,0.0008106895179201891,0.0018918841265700495,5.274920970652056e-05,0.005542358044873585,0.015223223716020584
266,0,smooth_266,1,smooth_266/iter_1,150,180,38,3.5008835748274078e-06,0.0011692120277194235,0.005926982311512383,0.0004842364357456708,0.018158425383980534,0.046257276087999344
266,0,smooth_266,1,smooth_266/iter_1,180,210,40,3.829647456160777e-06,0.0012663267118437143,0.005926982311512383,0.0003986568096128209,0.016999253994436005,0.04066047444939613
266,0,smooth_266,1,smooth_266/iter_1,210,240,55,8.862172773310288e-07,0.0008106895179201889,0.0018918841265700495,6.472116539996017e-05,0.006070275401527232,0.01858634501695633
266,0,smooth_266,1,smooth_266/iter_1,240,270,53,1.093291193373751e-06,0.0008302027332468733,0.002146706636259689,2.8158447240461798e-05,0.004204627583330532,0.012711212038993835
266,0,smooth_266,1,smooth_266/iter_1,270,300,35,3.4544927900710496e-06,0.0013854572646724468,0.004904934672258825,0.00035413960642740575,0.015799594188242085,0.03686750214546919
266,0,smooth_266,1,smooth_266/iter_1,300,330,42,4.830702691946231e-06,0.0016487265970365078,0.006222978527806844,0.00041781978994563965,0.017150173484835596,0.03738871403038502
266,0,smooth_266,1,smooth_266/iter_1,330,360,51,6.701550632293936e-07,0.0005921539901471403,0.0022329067136776515,3.275081124386752e-05,0.004302099274069655,0.016137829050421715
266,0,smooth_266,2,smooth_266/iter_2,0,30,53,9.472565261767322e-07,0.000736789699829148,0.0024939727575945814,5.1354925486865065e-05,0.005087536566381184,0.022111838683485985
266,0,smooth_266,2,smooth_266/iter_2,30,60,42,3.3199738149424276e-06,0.001393105987689677,0.005507946556983223,0.0004590693062667243,0.018089365114324858,0.03963050991296768
266,0,smooth_266,2,smooth_266/iter_2,60,90,35,2.568745709399138e-06,0.0012457906470001413,0.004551429508957705,0.000235562452524385,0.013259238746416355,0.030856773257255554
266,0,smooth_266,2,smooth_266/iter_2,90,120,53,1.1778493125561929e-06,0.0008547852497460996,0.0022843664796694946,4.753114650926871e-05,0.0047732517826107315,0.020093686878681183
266,0,smooth_266,2,smooth_266/iter_2,120,150,55,9.267359759530904e-07,0.0008314763410975706,0.001906040991493288,9.90670114693218e-05,0.006970308619466695,0.02849920466542244
266,0,smooth_266,2,smooth_266/iter_2,150,180,38,3.2043056272406456e-06,0.0012845498123715984,0.0056322030578009885,0.0004191706279822767,0.016597087951499577,0.041913235327228904
266,0,smooth_266,2,smooth_266/iter_2,180,210,40,3.1410307017121467e-06,0.0012716181493515589,0.0056322030578009885,0.00034615407809616766,0.015663097865763122,0.036494279047474265
266,0,smooth_266,2,smooth_266/iter_2,210,240,55,9.267359759530905e-07,0.0008314763410975705,0.001906040991493288,0.00012155515624290228,0.007716720280322162,0.03292471915483475
266,0,smooth_266,2,smooth_266/iter_2,240,270,53,1.1778493125561929e-06,0.0008547852497460995,0.0022843664796694946,4.561626071018218e-05,0.005191410733562596,0.017024844884872437
266,0,smooth_266,2,smooth_266/iter_2,270,300,35,2.568745709399138e-06,0.001245790647000141,0.004551429508957705,0.00021751789976967402,0.012459256177368974,0.03108370117843151
266,0,smooth_266,2,smooth_266/iter_2,300,330,42,3.3199738149424284e-06,0.001393105987689677,0.005507946556983223,0.0004028381033029223,0.017006783712921397,0.043717021122574806
266,0,smooth_266,2,smooth_266/iter_2,330,360,51,8.653569261651595e-07,0.0007165691752801612,0.0024939727575945814,6.509061355452365e-05,0.005500943381704536,0.02892387844622135
266,0,smooth_266,3,smooth_266/iter_3,0,30,53,1.2425057483327707e-06,0.0008748843328525778,0.002713418859796937,5.615578886832177e-05,0.005184847018066442,0.024928489699959755
266,0,smooth_266,3,smooth_266/iter_3,30,60,42,2.7021740632263532e-06,0.0012852245781926545,0.00501444640411472,0.0003301687192676386,0.015490016578474925,0.03600548207759857
266,0,smooth_266,3,smooth_266/iter_3,60,90,35,2.324469478761585e-06,0.0011304867180079615,0.004424685413302765,0.00015352857762650977,0.010667924586284374,0.023879796266555786
266,0,smooth_266,3,smooth_266/iter_3,90,120,53,1.225415224077591e-06,0.0008417827808924303,0.002401971949311507,4.738426947916536e-05,0.004806491950491689,0.020532846450805664
266,0,smooth_266,3,smooth_266/iter_3,120,150,55,1.057160832145553e-06,0.0008858618042422162,0.002036574400531385,0.00010865072338418972,0.007173209214075045,0.03187986835837364
266,0,smooth_266,3,smooth_266/iter_3,150,180,38,3.6121918316088172e-06,0.001498219646162505,0.005372482009159102,0.0003202613340008893,0.014217501637942501,0.03708074986934662
266,0,smooth_266,3,smooth_266/iter_3,180,210,40,3.5207969593263956e-06,0.0014810083322811618,0.005372482009159102,0.0002849041308612109,0.013792965942411684,0.03377709910273552
266,0,smooth_266,3,smooth_266/iter_3,210,240,55,1.057160832145553e-06,0.0008858618042422163,0.002036574400531385,0.00012960325948580963,0.0077806719663468275,0.03608090430498123
266,0,smooth_266,3,smooth_266/iter_3,240,270,53,1.2254152240775907e-06,0.0008417827808924304,0.002401971949311507,4.620887784219531e-05,0.005153607155354518,0.01788913831114769
266,0,smooth_266,3,smooth_266/iter_3,270,300,35,2.324469478761585e-06,0.0011304867180079617,0.004424685413302765,0.00014127291620013094,0.010059372438783092,0.026211755350232124
266,0,smooth_266,3,smooth_266/iter_3,300,330,42,2.7021740632263532e-06,0.0012852245781926545,0.00501444640411472,0.00034653039649864756,0.015660537750504556,0.04175674729049206
266,0,smooth_266,3,smooth_266/iter_3,330,360,51,1.1518043414723933e-06,0.0008559774325184747,0.002713418859796937,7.262874066805313e-05,0.005690360770506018,0.031337594613432884
266,0,smooth_266,4,smooth_266/iter_4,0,30,53,1.559793455725716e-06,0.0009898418338394833,0.0028967847095257016,4.611829056185602e-05,0.004643843069953739,0.02347356267273426
266,0,smooth_266,4,smooth_266/iter_4,30,60,42,2.5480765508806903e-06,0.0012273297813614526,0.0046740753459297985,0.00022836981681340312,0.01281845058491897,0.031363269314169884
266,0,smooth_266,4,smooth_266/iter_4,60,90,35,2.678611780793935e-06,0.0011608368959339734,0.0043546548426327825,0.00010093679311687751,0.008581603215342121,0.019330736249685287
266,0,smooth_266,4,smooth_266/iter_4,90,120,53,1.3547341249719178e-06,0.0008897799568558173,0.002542828565276621,3.814729167394093e-05,0.0043510633678931114,0.01821974292397499
266,0,smooth_266,4,smooth_266/iter_4,120,150,55,1.19784670781631e-06,0.0009351092103834996,0.00235159481987356,8.923039061762749e-05,0.006515644126656381,0.02979227527976036
266,0,smooth_266,4,smooth_266/iter_4,150,180,38,4.049268449126666e-06,0.0015923038163682182,0.005179450535685026,0.0002198981543146529,0.011648898928940884,0.030693333595991135
266,0,smooth_266,4,smooth_266/iter_4,180,210,40,4.142760609154507e-06,0.001615518281106925,0.005179450535685026,0.0002053336941687936,0.011379858930013143,0.03137439861893654
266,0,smooth_266,4,smooth_266/iter_4,210,240,55,1.19784670781631e-06,0.0009351092103834998,0.00235159481987356,0.00010439249438356615,0.006958264044739983,0.03333798050880432
266,0,smooth_266,4,smooth_266/iter_4,240,270,53,1.3547341249719178e-06,0.0008897799568558175,0.002542828565276621,3.7572625396320226e-05,0.004619469795868082,0.01610015705227852
266,0,smooth_266,4,smooth_266/iter_4,270,300,35,2.678611780793935e-06,0.0011608368959339734,0.0043546548426327825,9.115126054978686e-05,0.008020264312757977,0.020537542179226875
266,0,smooth_266,4,smooth_266/iter_4,300,330,42,2.5480765508806907e-06,0.0012273297813614526,0.0046740753459297985,0.0002617102870796579,0.01334933225908095,0.03546527586877346
266,0,smooth_266,4,smooth_266/iter_4,330,360,51,1.463424536614504e-06,0.0009720449489824262,0.0028967847095257016,6.093740639137924e-05,0.005229023924353076,0.028911272063851357
266,0,smooth_266,5,smooth_266/iter_5,0,30,53,1.8157862742254603e-06,0.0010793903252030283,0.0030489733231258698,3.3234953544914585e-05,0.003927095740471246,0.020189104601740837
266,0,smooth_266,5,smooth_266/iter_5,30,60,42,2.624988310593984e-06,0.0011930613767743776,0.004799977006800044,0.00014796332416424612,0.010228506267248165,0.0253352802246809
266,0,smooth_266,5,smooth_266/iter_5,60,90,35,3.2392556134101214e-06,0.001246866587676432,0.005138841109018286,6.522090502761843e-05,0.006908620684407651,0.016049612313508987
266,0,smooth_266,5,smooth_266/iter_5,90,120,53,1.5023994931946596e-06,0.0009710404823808896,0.002669635572553876,2.7346992992422133e-05,0.0037170760684980537,0.015254836529493332
266,0,smooth_266,5,smooth_266/iter_5,120,150,55,1.3056246591306131e-06,0.0009665230061453468,0.0025601611099568614,6.408339615388628e-05,0.0055669640614227816,0.02545473724603653
266,0,smooth_266,5,smooth_266/iter_5,150,180,38,4.351833564173389e-06,0.0016164964458233483,0.005223059306827621,0.00013792290566012015,0.009088464507122376,0.024286800995469093
266,0,smooth_266,5,smooth_266/iter_5,180,210,40,4.739111822587019e-06,0.0016948797606648087,0.005223059306827621,0.00013498130303980516,0.008993059521890246,0.02688394859433174
266,0,smooth_266,5,smooth_266/iter_5,210,240,55,1.3056246591306134e-06,0.0009665230061453469,0.0025601611099568614,7.346393102818415e-05,0.005846049805933779,0.027880895882844925
266,0,smooth_266,5,smooth_266/iter_5,240,270,53,1.5023994931946598e-06,0.0009710404823808897,0.002669635572553876,2.7882382021663423e-05,0.003968777802755248,0.01384728029370308
266,0,smooth_266,5,smooth_266/iter_5,270,300,35,3.239255613410122e-06,0.0012468665876764317,0.005138841109018286,5.922875001503937e-05,0.006467370838592095,0.016558924689888954
266,0,smooth_266,5,smooth_266/iter_5,300,330,42,2.6249883105939844e-06,0.0011930613767743774,0.004799977006800044,0.00017733243563133855,0.010908582746716482,0.02902868390083313
266,0,smooth_266,5,smooth_266/iter_5,330,360,51,1.7136831057966142e-06,0.001062302400481782,0.0030489733231258698,4.382508776378896e-05,0.004474363289773464,0.02449602447450161
266,0,smooth_266,6,smooth_266/iter_6,0,30,53,1.9752686409639973e-06,0.00113398917449695,0.0031749216556577337,2.23650590476071e-05,0.003215910515414094,0.016522785648703575
266,0,smooth_266,6,smooth_266/iter_6,30,60,42,2.8104367919846317e-06,0.0011612071760355252,0.005548118519010117,9.350943207080948e-05,0.008108183575261916,0.020301565527915955
266,0,smooth_266,6,smooth_266/iter_6,60,90,35,3.789056585189304e-06,0.0013091197219588116,0.006023567637803012,4.187509690559933e-05,0.005488723905624024,0.012962676584720612
266,0,smooth_266,6,smooth_266/iter_6,90,120,53,1.6079661221973583e-06,0.0010167117596871448,0.002771118080319379,1.8287580727169138e-05,0.003070626196996221,0.012011881917715073
266,0,smooth_266,6,smooth_266/iter_6,120,150,55,1.3759381462041018e-06,0.0009832425141044097,0.0026238086296562803,4.2049789217052696e-05,0.004570169645276937,0.020214233547449112
266,0,smooth_266,6,smooth_266/iter_6,150,180,38,4.566440688269321e-06,0.0016037870738460935,0.005702322323625317,8.192085997051639e-05,0.0069285525272502315,0.018898271024227142
266,0,smooth_266,6,smooth_266/iter_6,180,210,40,5.2875939097618865e-06,0.001728778654678418,0.005702322323625317,8.507593801251503e-05,0.006977001306950115,0.021851547062397003
266,0,smooth_266,6,smooth_266/iter_6,210,240,55,1.3759381462041018e-06,0.0009832425141044097,0.0026238086296562803,4.7851615594271216e-05,0.004732413352890448,0.02246023714542389
266,0,smooth_266,6,smooth_266/iter_6,240,270,53,1.607966122197358e-06,0.001016711759687145,0.002771118080319379,1.9229035929290855e-05,0.003299770736188259,0.011302638798952103
266,0,smooth_266,6,smooth_266/iter_6,270,300,35,3.789056585189304e-06,0.0013091197219588114,0.006023567637803012,3.707233412974787e-05,0.005154340917111508,0.0133752953261137
266,0,smooth_266,6,smooth_266/iter_6,300,330,42,2.8104367919846317e-06,0.0011612071760355252,0.005548118519010117,0.00011087636479435835,0.008638412248165835,0.023210376501083374
266,0,smooth_266,6,smooth_266/iter_6,330,360,51,1.8658500397668828e-06,0.0011167321028894752,0.0031749216556577337,2.9235197042453775e-05,0.003710365361150573,0.020223481580615044
266,0,smooth_266,7,smooth_266/iter_7,0,30,53,2.0573681516637814e-06,0.0011577123089734531,0.003278927496539019,1.4366151039208327e-05,0.0025807457431307377,0.013589942827820778
266,0,smooth_266,7,smooth_266/iter_7,30,60,42,3.041633000934451e-06,0.0011375382377821805,0.006143249712675533,5.7547873314509694e-05,0.006359645675513006,0.016520045697689056
266,0,smooth_266,7,smooth_266/iter_7,60,90,35,4.293458390600015e-06,0.0013269632812369816,0.006731193441722058,2.62781406686174e-05,0.004340530562746738,0.01008702628314495
266,0,smooth_266,7,smooth_266/iter_7,90,120,53,1.66610776745821e-06,0.001032770194548282,0.0028488930190467554,1.1506982159431055e-05,0.0024876738634874236,0.009250234812498093
266,0,smooth_266,7,smooth_266/iter_7,120,150,55,1.4186917283606013e-06,0.0009917858189449362,0.00262850898303928,2.7127973904542515e-05,0.0037184237079186874,0.01588648557662964
266,0,smooth_266,7,smooth_266/iter_7,150,180,38,4.759226651651843e-06,0.001583756869289711,0.006310235904514294,4.79798125786426e-05,0.0052321207507415425,0.015000633895397186
266,0,smooth_266,7,smooth_266/iter_7,180,210,40,5.813259523951365e-06,0.0017472592456812535,0.006363925906183787,5.244392541324361e-05,0.005334906032658182,0.018033478409051895
266,0,smooth_266,7,smooth_266/iter_7,210,240,55,1.418691728360601e-06,0.0009917858189449362,0.00262850898303928,3.0976148419046736e-05,0.0038068578324534676,0.017977789044380188
266,0,smooth_266,7,smooth_266/iter_7,240,270,53,1.6661077674582104e-06,0.0010327701945482817,0.0028488930190467554,1.270997980269832e-05,0.0026973458182699274,0.008739009499549866
266,0,smooth_266,7,smooth_266/iter_7,270,300,35,4.293458390600016e-06,0.0013269632812369816,0.006731193441722058,2.3422930293833542e-05,0.004095240233332983,0.010782245546579361
266,0,smooth_266,7,smooth_266/iter_7,300,330,42,3.041633000934451e-06,0.0011375382377821802,0.006143249712675533,6.726680634565044e-05,0.006775683246641641,0.017627302557229996
266,0,smooth_266,7,smooth_266/iter_7,330,360,51,1.939621903161419e-06,0.0011394851759637349,0.003278927496539019,1.8794576171489754e-05,0.003022351283945289,0.01641595922410488
266,0,smooth_266,8,smooth_266/iter_8,0,30,53,2.094743154426248e-06,0.0011639946197161783,0.003364474915304033,9.104006860262114e-06,0.0020722165914638987,0.01081615500152111
266,0,smooth_266,8,smooth_266/iter_8,30,60,42,3.2844454912208636e-06,0.0011206176626463314,0.006618283060543864,3.550170287218886e-05,0.005011398555888306,0.012435490265488625
266,0,smooth_266,8,smooth_266/iter_8,60,90,35,4.76499092678735e-06,0.0013297137077941936,0.007298089827320206,1.6559383014253992e-05,0.0034536550653034024,0.00806454662233591
266,0,smooth_266,8,smooth_266/iter_8,90,120,53,1.695690470722385e-06,0.0010334296910510887,0.0029042616018969195,7.0674330565778365e-06,0.001994827762246132,0.006769899278879166
266,0,smooth_266,8,smooth_266/iter_8,120,150,55,1.443940315936707e-06,0.0009966174077808416,0.0026246910340935667,1.717453075228673e-05,0.002995492145419121,0.012155503034591675
266,0,smooth_266,8,smooth_266/iter_8,150,180,38,4.954774103618111e-06,0.001578617796164897,0.006874935429540374,2.800351004005661e-05,0.003991054037071176,0.011123927310109138
266,0,smooth_266,8,smooth_266/iter_8,180,210,40,6.319412189781039e-06,0.0017729989219793338,0.007004990673423056,3.2995323635131964e-05,0.0041391997569007796,0.01502148061990738
266,0,smooth_266,8,smooth_266/iter_8,210,240,55,1.443940315936707e-06,0.0009966174077808416,0.0026246910340935667,1.956119168014733e-05,0.003039102561094544,0.01405719667673111
266,0,smooth_266,8,smooth_266/iter_8,240,270,53,1.6956904707223851e-06,0.001033429691051089,0.0029042616018969195,8.185366753969351e-06,0.00216981958387033,0.006796490401029587
266,0,smooth_266,8,smooth_266/iter_8,270,300,35,4.764990926787349e-06,0.0013297137077941936,0.007298089827320206,1.5042814822993894e-05,0.003281910082192293,0.008423272520303726
266,0,smooth_266,8,smooth_266/iter_8,300,330,42,3.2844454912208636e-06,0.0011206176626463314,0.006618283060543864,4.206919740408999e-05,0.005365658163403471,0.014135748147964478
266,0,smooth_266,8,smooth_266/iter_8,330,360,51,1.968720101038095e-06,0.0011444532760526637,0.003364474915304033,1.2162872181552468e-05,0.00246622307481719,0.01322120986878872
266,0,smooth_266,9,smooth_266/iter_9,0,30,53,2.109457187427529e-06,0.001161292029041717,0.003434748159522036,5.986955246522556e-06,0.0017007689501317043,0.008910560980439186
266,0,smooth_266,9,smooth_266/iter_9,30,60,42,3.51952626408344e-06,0.0011095980957882424,0.007000679511000488,2.225686719553521e-05,0.003987613012127224,0.009212741628289223
266,0,smooth_266,9,smooth_266/iter_9,60,90,35,5.211730913371592e-06,0.0013371827057574283,0.007752598454217732,1.0897160948590785e-05,0.0027845272029350912,0.00692423339933157
266,0,smooth_266,9,smooth_266/iter_9,90,120,53,1.7131365591275436e-06,0.0010294370708135785,0.002939147983413583,4.398238539771525e-06,0.0016040406629162015,0.004903413355350494
266,0,smooth_266,9,smooth_266/iter_9,120,150,55,1.4576613093962498e-06,0.0009995675933568066,0.002653604636658001,1.1023675122904707e-05,0.0024223085154186598,0.00910746306180954
266,0,smooth_266,9,smooth_266/iter_9,150,180,38,5.150695305491388e-06,0.0015767330786082168,0.007333330323972778,1.7371591605555055e-05,0.0031123321448256703,0.00893077626824379
266,0,smooth_266,9,smooth_266/iter_9,180,210,40,6.794325161783879e-06,0.0017962141403447065,0.00752388718267144,2.085284286067171e-05,0.0032551347132539375,0.01205362007021904
266,0,smooth_266,9,smooth_266/iter_9,210,240,55,1.4576613093962498e-06,0.0009995675933568066,0.002653604636658001,1.2392010394621107e-05,0.002432195571335879,0.010937504470348358
266,0,smooth_266,9,smooth_266/iter_9,240,270,53,1.7131365591275434e-06,0.0010294370708135781,0.002939147983413583,5.261685929399807e-06,0.0017441945888523787,0.005509771406650543
266,0,smooth_266,9,smooth_266/iter_9,270,300,35,5.211730913371592e-06,0.0013371827057574285,0.007752598454217732,9.91620641948246e-06,0.0026565240729334097,0.007300958037376404
266,0,smooth_266,9,smooth_266/iter_9,300,330,42,3.5195262640834403e-06,0.0011095980957882424,0.007000679511000488,2.6604616384958846e-05,0.004288234692510395,0.01106862910091877
266,0,smooth_266,9,smooth_266/iter_9,330,360,51,1.9758400353444433e-06,0.0011403638179702542,0.003434748159522036,8.027563452700734e-06,0.0020259350319119063,0.010693887248635292
266,0,smooth_266,10,smooth_266/iter_10,0,30,53,2.113257944757205e-06,0.0011555040114565839,0.0034925382020052353,4.0584866924871996e-06,0.0014183804533391628,0.0074533578008413315
266,0,smooth_266,10,smooth_266/iter_10,30,60,42,3.736498638158943e-06,0.0011030965230188305,0.007311183248259773,1.4323128480073804e-05,0.00320572781908725,0.007301121950149536
266,0,smooth_266,10,smooth_266/iter_10,60,90,35,5.6299809392196135e-06,0.0013494193172781564,0.008390668388853606,7.4420687228643e-06,0.002303013967217079,0.005720615386962891
266,0,smooth_266,10,smooth_266/iter_10,90,120,53,1.7256403582160545e-06,0.00102612153145673,0.002956572370421816,2.847128364090849e-06,0.0013119893253974195,0.0038904957473278046
266,0,smooth_266,10,smooth_266/iter_10,120,150,55,1.4631542499471139e-06,0.001000082396774469,0.002634157099049357,7.325645125840446e-06,0.00200021815570918,0.007307719439268112
266,0,smooth_266,10,smooth_266/iter_10,150,180,38,5.333480190090828e-06,0.0015823531650892685,0.007706954038673261,1.094850942728667e-05,0.0024685492880005193,0.007125783711671829
266,0,smooth_266,10,smooth_266/iter_10,180,210,40,7.221975209899774e-06,0.001821977522995483,0.007944805749520834,1.3248914589888606e-05,0.0026178267638897524,0.009592089802026749
266,0,smooth_266,10,smooth_266/iter_10,210,240,55,1.463154249947114e-06,0.0010000823967744692,0.002634157099049357,7.866396430284493e-06,0.0019561634822325273,0.008456479758024216
266,0,smooth_266,10,smooth_266/iter_10,240,270,53,1.7256403582160545e-06,0.0010261215314567298,0.002956572370421816,3.4257066686624316e-06,0.0014176318808546606,0.004485022276639938
266,0,smooth_266,10,smooth_266/iter_10,270,300,35,5.629980939219614e-06,0.0013494193172781561,0.008390668388853606,7.001926700467572e-06,0.0022029986372217535,0.006872624158859253
266,0,smooth_266,10,smooth_266/iter_10,300,330,42,3.736498638158942e-06,0.0011030965230188305,0.007311183248259773,1.7075388725017976e-05,0.0034510996081821973,0.00836574099957943
266,0,smooth_266,10,smooth_266/iter_10,330,360,51,1.97296658268786e-06,0.0011332976480011112,0.0034925382020052353,5.490838294901308e-06,0.0016834333758143818,0.008932316675782204
266,0,smooth_266,11,smooth_266/iter_11,0,30,53,2.1133918475224297e-06,0.0011486198152148015,0.003539892301435907,2.8439041680632207e-06,0.001212930939388725,0.006310010328888893
266,0,smooth_266,11,smooth_266/iter_11,30,60,42,3.93054511654011e-06,0.0011011219924344487,0.007564658372816918,9.336073186726348e-06,0.0025913152466749863,0.0058857109397649765
266,0,smooth_266,11,smooth_266/iter_11,60,90,35,6.013549318954063e-06,0.0013579010546440192,0.008973900064871976,5.133702582495026e-06,0.0019182348657133324,0.005414709448814392
266,0,smooth_266,11,smooth_266/iter_11,90,120,53,1.7357260069994411e-06,0.0010232526872620332,0.0029610730643003305,1.9447126333774813e-06,0.0011028635122303694,0.003131866455078125
266,0,smooth_266,11,smooth_266/iter_11,120,150,55,1.4632572633447197e-06,0.0009991788161920851,0.0026680537927775,4.9475041163685675e-06,0.0016668060963804072,0.005857579410076141
266,0,smooth_266,11,smooth_266/iter_11,150,180,38,5.4932233443731775e-06,0.0015832184367750557,0.008012319548084776,7.415961215099014e-06,0.0020516085236235277,0.005772680044174194
266,0,smooth_266,11,smooth_266/iter_11,180,210,40,7.593396727296938e-06,0.0018394896401342088,0.00828687149777839,8.937100108673032e-06,0.002183770839474164,0.0076732337474823
266,0,smooth_266,11,smooth_266/iter_11,210,240,55,1.4632572633447197e-06,0.0009991788161920851,0.0026680537927775,5.08093461450345e-06,0.0015824561769312078,0.006647024303674698
266,0,smooth_266,11,smooth_266/iter_11,240,270,53,1.7357260069994411e-06,0.0010232526872620332,0.0029610730643003305,2.241358535992676e-06,0.0011552083393875157,0.003670003265142441
266,0,smooth_266,11,smooth_266/iter_11,270,300,35,6.0135493189540645e-06,0.0013579010546440192,0.008973900064871976,5.1697139568468805e-06,0.0018795426436034697,0.006510481238365173
266,0,smooth_266,11,smooth_266/iter_11,300,330,42,3.930545116540109e-06,0.0011011219924344487,0.007564658372816918,1.1163372034894971e-05,0.0027960898421172586,0.006341338157653809
266,0,smooth_266,11,smooth_266/iter_11,330,360,51,1.96745178594521e-06,0.001125284595721918,0.003539892301435907,3.857494416418157e-06,0.0014065219198956208,0.007597817108035088
266,0,smooth_266,12,smooth_266/iter_12,0,30,53,2.113811790072473e-06,0.0011422214116022372,0.0035788289087083924,2.0693440138923692e-06,0.0010685793844596395,0.0053648632019758224
266,0,smooth_266,12,smooth_266/iter_12,30,60,42,4.100461251501146e-06,0.0011011023922665464,0.00777252639286273,6.2442942530080425e-06,0.0021151496385712,0.004830034449696541
266,0,smooth_266,12,smooth_266/iter_12,60,90,35,6.358599068209541e-06,0.0013666195126545745,0.009469862106459392,3.8003289228060954e-06,0.0016279325454628894,0.005140230059623718
266,0,smooth_266,12,smooth_266/iter_12,90,120,53,1.7444627409444514e-06,0.0010212608135698594,0.002957986222578743,1.3653635842779504e-06,0.000938767004968985,0.002902604639530182
266,0,smooth_266,12,smooth_266/iter_12,120,150,55,1.460786827460782e-06,0.0009975998028639997,0.002697815270505499,3.4122206551688067e-06,0.0014066540720787915,0.004691042006015778
266,0,smooth_266,12,smooth_266/iter_12,150,180,38,5.6282301230824915e-06,0.001583495777663741,0.0082625661492928,5.265785958374891e-06,0.001746878282191526,0.004757842049002647
266,0,smooth_266,12,smooth_266/iter_12,180,210,40,7.909226507522835e-06,0.001853391837485548,0.008565075663855795,6.3055065457908335e-06,0.0018765765096759423,0.0061833858489990234
266,0,smooth_266,12,smooth_266/iter_12,210,240,55,1.4607868274607815e-06,0.0009975998028639997,0.002697815270505499,3.348206757682616e-06,0.001292362775314938,0.005231108516454697
266,0,smooth_266,12,smooth_266/iter_12,240,270,53,1.7444627409444508e-06,0.0010212608135698592,0.002957986222578743,1.4676630041483237e-06,0.0009425217110031056,0.0029142051935195923
266,0,smooth_266,12,smooth_266/iter_12,270,300,35,6.358599068209541e-06,0.0013666195126545745,0.009469862106459392,3.999699163817384e-06,0.0016306322899514011,0.0062109678983688354
266,0,smooth_266,12,smooth_266/iter_12,300,330,42,4.100461251501146e-06,0.0011011023922665466,0.00777252639286273,7.456908854180021e-06,0.0022898471492919185,0.004966511391103268
266,0,smooth_266,12,smooth_266/iter_12,330,360,51,1.963183810274477e-06,0.0011179287468678755,0.0035788289087083924,2.7648635479457805e-06,0.0011807112936295715,0.0065805260092020035
266,0,smooth_266,13,smooth_266/iter_13,0,30,53,2.1150859685773925e-06,0.001137004536750143,0.003610627072543282,1.5791111664230727e-06,0.0009577102467136563,0.004597989842295647
266,0,smooth_266,13,smooth_266/iter_13,30,60,42,4.247075479763732e-06,0.0011017281787623057,0.007943310616667754,4.2645024111562225e-06,0.0017430060321376437,0.004010092467069626
266,0,smooth_266,13,smooth_266/iter_13,60,90,35,6.664218084619664e-06,0.0013750488518873571,0.009892767605767516,2.9691832163316714e-06,0.0014156571489625743,0.004912227392196655
266,0,smooth_266,13,smooth_266/iter_13,90,120,53,1.7522125586633712e-06,0.0010201253295974257,0.002951565896924739,9.887018065535663e-07,0.0008052227280612262,0.002716977149248123
266,0,smooth_266,13,smooth_266/iter_13,120,150,55,1.4579651204972115e-06,0.000995901040196715,0.002722129788752789,2.421013755731265e-06,0.0012031675401059064,0.003773842006921768
266,0,smooth_266,13,smooth_266/iter_13,150,180,38,5.740172589296381e-06,0.0015808586029411203,0.00846802649311336,3.88193083793899e-06,0.0015224144812428246,0.0038733556866645813
266,0,smooth_266,13,smooth_266/iter_13,180,210,40,8.174278350224763e-06,0.0018620390409118726,0.008791268494385274,4.61978257009002e-06,0.0016552316112210975,0.005021993070840836
266,0,smooth_266,13,smooth_266/iter_13,210,240,55,1.4579651204972113e-06,0.0009959010401967155,0.002722129788752789,2.257521231813346e-06,0.001074202155525034,0.004359737038612366
266,0,smooth_266,13,smooth_266/iter_13,240,270,53,1.7522125586633712e-06,0.0010201253295974255,0.002951565896924739,9.753948482740515e-07,0.0007772601367730014,0.0022951774299144745
266,0,smooth_266,13,smooth_266/iter_13,270,300,35,6.6642180846196635e-06,0.0013750488518873573,0.009892767605767516,3.240760305810412e-06,0.0014364174201286265,0.005962207913398743
266,0,smooth_266,13,smooth_266/iter_13,300,330,42,4.247075479763732e-06,0.0011017281787623053,0.007943310616667754,5.116854586272143e-06,0.001896694934527789,0.004180820658802986
266,0,smooth_266,13,smooth_266/iter_13,330,360,51,1.960632493564947e-06,0.001111930588679459,0.003610627072543282,2.0401574207852793e-06,0.0010101762326324686,0.005677884444594383
266,0,smooth_266,14,smooth_266/iter_14,0,30,53,2.1165095222112204e-06,0.0011328544395774682,0.003636823571355141,1.2622621771236699e-06,0.0008718449762969647,0.0039824191480875015
266,0,smooth_266,14,smooth_266/iter_14,30,60,42,4.37195794242433e-06,0.0011021387758176706,0.008083581784019536,2.9981960553752328e-06,0.0014575831481211242,0.003365354612469673
266,0,smooth_266,14,smooth_266/iter_14,60,90,35,6.931359171152799e-06,0.001381572897731382,0.010253989302153516,2.4296978702796305e-06,0.0012576862404655132,0.004721403121948242
266,0,smooth_266,14,smooth_266/iter_14,90,120,53,1.7592260996615744e-06,0.0010196411918623476,0.0029463887013412987,7.342642614678649e-07,0.0006972183385547602,0.0024273544549942017
266,0,smooth_266,14,smooth_266/iter_14,120,150,55,1.455682714385005e-06,0.000994353938254462,0.0027420327698837177,1.7830758129004264e-06,0.0010551514950665562,0.0030564777553081512
266,0,smooth_266,14,smooth_266/iter_14,150,180,38,5.831272911769419e-06,0.0015774325361622196,0.008637217473676878,2.916562911739811e-06,0.0013625734258982305,0.00335482694208622
266,0,smooth_266,14,smooth_266/iter_14,180,210,40,8.393990819096829e-06,0.0018678973939225483,0.008974764805895,3.520530251126911e-06,0.0014799195196246728,0.004106692969799042
266,0,smooth_266,14,smooth_266/iter_14,210,240,55,1.4556827143850051e-06,0.0009943539382544623,0.0027420327698837177,1.574536953796345e-06,0.0009054457599466497,0.0037212148308753967
266,0,smooth_266,14,smooth_266/iter_14,240,270,53,1.7592260996615744e-06,0.0010196411918623476,0.0029463887013412987,6.652155174066541e-07,0.0006511814470561045,0.001794286072254181
266,0,smooth_266,14,smooth_266/iter_14,270,300,35,6.931359171152799e-06,0.001381572897731382,0.010253989302153516,2.7366423206772354e-06,0.0012866218740652715,0.005754068493843079
266,0,smooth_266,14,smooth_266/iter_14,300,330,42,4.37195794242433e-06,0.0011021387758176706,0.008083581784019536,3.6371316213000925e-06,0.0016038193079155115,0.003564678132534027
266,0,smooth_266,14,smooth_266/iter_14,330,360,51,1.9589003581976206e-06,0.0011071434225305102,0.003636823571355141,1.57055175413084e-06,0.0008849757266979592,0.004952715709805489
266,0,smooth_266,15,smooth_266/iter_15,0,30,53,2.1174572116833493e-06,0.0011294331133372053,0.0036581833898316762,1.0530925848196667e-06,0.0008066554887677139,0.0034955348819494247
266,0,smooth_266,15,smooth_266/iter_15,30,60,42,4.477555305275505e-06,0.001102784293111117,0.008198907246928414,2.1850965339118946e-06,0.0012474788153277977,0.0028554555028676987
266,0,smooth_266,15,smooth_266/iter_15,60,90,35,7.162274871958815e-06,0.0013859267507120388,0.010563353860586822,2.0729228306955895e-06,0.0011295151796990206,0.004559949040412903
266,0,smooth_266,15,smooth_266/iter_15,90,120,53,1.7655214150959887e-06,0.0010195695090389036,0.002962170259645916,5.626126229716203e-07,0.0006098397568149387,0.002130277454853058
266,0,smooth_266,15,smooth_266/iter_15,120,150,55,1.4541453489723838e-06,0.0009930573760816672,0.002758390088958035,1.379814428241477e-06,0.0009513047608462247,0.002766614779829979
266,0,smooth_266,15,smooth_266/iter_15,150,180,38,5.904085100093273e-06,0.0015731618459341487,0.008776439850969542,2.3152179827691094e-06,0.0012402578324422632,0.0029566725715994835
266,0,smooth_266,15,smooth_266/iter_15,180,210,40,8.574365223323387e-06,0.0018712935724323517,0.009123707124553501,2.823965422845974e-06,0.001349486710387282,0.0033539235591888428
266,0,smooth_266,15,smooth_266/iter_15,210,240,55,1.4541453489723838e-06,0.0009930573760816672,0.002758390088958035,1.1363745190798932e-06,0.0007799102840098468,0.00321175716817379
266,0,smooth_266,15,smooth_266/iter_15,240,270,53,1.7655214150959887e-06,0.0010195695090389036,0.002962170259645916,4.680368327704514e-07,0.0005533820685912978,0.0016126558184623718
266,0,smooth_266,15,smooth_266/iter_15,270,300,35,7.162274871958815e-06,0.001385926750712039,0.010563353860586822,2.4013803443784533e-06,0.00116870523363884,0.005578204989433289
266,0,smooth_266,15,smooth_266/iter_15,300,330,42,4.477555305275505e-06,0.0011027842931111169,0.008198907246928414,2.6759288399739974e-06,0.0013822546406161216,0.003078533336520195
266,0,smooth_266,15,smooth_266/iter_15,330,360,51,1.9572493145066015e-06,0.001103201015142357,0.0036581833898316762,1.26307019888162e-06,0.0007901756713787714,0.004367062821984291
266,0,smooth_266,16,smooth_266/iter_16,0,30,53,2.11751212608375e-06,0.001126425175047367,0.0036758534868609333,9.134152687833815e-07,0.0007635643881446911,0.00311855785548687
266,0,smooth_266,16,smooth_266/iter_16,30,60,42,4.566173047397493e-06,0.0011039395388179852,0.008293759432862341,1.6544532918908094e-06,0.001089407496952585,0.00244998000562191
266,0,smooth_266,16,smooth_266/iter_16,60,90,35,7.359874483652992e-06,0.0013879656959320773,0.010828516293885121,1.8314922512388338e-06,0.0010242203549881066,0.004421457648277283
266,0,smooth_266,16,smooth_266/iter_16,90,120,53,1.7710647226355345e-06,0.001019694357227881,0.002974966802791759,4.5040224327077213e-07,0.000542603222266683,0.0018895044922828674
266,0,smooth_266,16,smooth_266/iter_16,120,150,55,1.453142902560331e-06,0.0009919940309882141,0.0027716453992370216,1.1218572013698742e-06,0.000868844985961914,0.002657689154148102
266,0,smooth_266,16,smooth_266/iter_16,150,180,38,5.960929157960443e-06,0.0015672386885559574,0.008891261732119918,1.9350914618069164e-06,0.0011521244979169416,0.0026355525478720665
266,0,smooth_266,16,smooth_266/iter_16,180,210,40,8.720831413259563e-06,0.0018717643062703573,0.009244516063180955,2.361758829378538e-06,0.0012594636500580236,0.0028307419270277023
266,0,smooth_266,16,smooth_266/iter_16,210,240,55,1.4531429025603312e-06,0.0009919940309882143,0.0027716453992370216,8.613284985574398e-07,0.0006925375962799245,0.0028705932199954987
266,0,smooth_266,16,smooth_266/iter_16,240,270,53,1.7710647226355345e-06,0.0010196943572278812,0.002974966802791759,3.441574351055701e-07,0.0004780383183146423,0.0014987513422966003
266,0,smooth_266,16,smooth_266/iter_16,270,300,35,7.359874483652993e-06,0.0013879656959320773,0.010828516293885121,2.1733909111800262e-06,0.0010866076053519334,0.005427643656730652
266,0,smooth_266,16,smooth_266/iter_16,300,330,42,4.566173047397493e-06,0.0011039395388179854,0.008293759432862341,2.0395565282309937e-06,0.001204778329424915,0.0029197484254837036
266,0,smooth_266,16,smooth_266/iter_16,330,360,51,1.955135938829659e-06,0.001099758073367344,0.0036758534868609333,1.0601904843753089e-06,0.0007353189090887705,0.0038918238133192062
266,0,smooth_266,17,smooth_266/iter_17,0,30,53,2.116590182672918e-06,0.001123627269651945,0.003690228490175737,8.178787846846133e-07,0.0007317411309143283,0.002822304144501686
266,0,smooth_266,17,smooth_266/iter_17,30,60,42,4.640251353402215e-06,0.0011055767691910223,0.008371972188539106,1.2983628045083431e-06,0.0009673655232680696,0.0022589266300201416
266,0,smooth_266,17,smooth_266/iter_17,60,90,35,7.527300009188848e-06,0.0013876902940926613,0.011055675701729717,1.6673027258216556e-06,0.0009379551113982286,0.0043015629053115845
266,0,smooth_266,17,smooth_266/iter_17,90,120,53,1.775920793595897e-06,0.0010199045720279104,0.002985638729618899,3.7658570998383434e-07,0.0004920702216760168,0.0016942881047725677
266,0,smooth_266,17,smooth_266/iter_17,120,150,55,1.4525196235816999e-06,0.0009911268078379694,0.002782743014762612,9.550499591498435e-07,0.0008072656325318596,0.0025931037962436676
266,0,smooth_266,17,smooth_266/iter_17,150,180,38,6.004248560261894e-06,0.0015600187303861674,0.008986180963989898,1.6729022227785551e-06,0.0010879117670763087,0.0024582520127296448
266,0,smooth_266,17,smooth_266/iter_17,180,210,40,8.838503299235305e-06,0.0018698891781841098,0.009342249137126765,2.0391268595337818e-06,0.0011873278504936024,0.00242658331990242
266,0,smooth_266,17,smooth_266/iter_17,210,240,55,1.4525196235816997e-06,0.0009911268078379692,0.002782743014762612,6.837258697425291e-07,0.0006263321096246893,0.0025941450148820877
266,0,smooth_266,17,smooth_266/iter_17,240,270,53,1.7759207935958965e-06,0.0010199045720279104,0.002985638729618899,2.685160828095512e-07,0.0004235852580025511,0.001430276781320572
266,0,smooth_266,17,smooth_266/iter_17,270,300,35,7.527300009188848e-06,0.0013876902940926615,0.011055675701729717,2.013712496112658e-06,0.0010254493548667856,0.005297631025314331
266,0,smooth_266,17,smooth_266/iter_17,300,330,42,4.640251353402215e-06,0.0011055767691910223,0.008371972188539106,1.6143388681578271e-06,0.0010646381969785406,0.0028327107429504395
266,0,smooth_266,17,smooth_266/iter_17,330,360,51,1.9523761178485112e-06,0.0010965884473021776,0.003690228490175737,9.24020104712267e-07,0.0006970781102484348,0.003505004569888115
266,0,smooth_266,18,smooth_266/iter_18,0,30,53,2.114698134327572e-06,0.00112090796361822,0.003702094331330827,7.511640354084494e-07,0.0007061300061221393,0.0025901328772306442
266,0,smooth_266,18,smooth_266/iter_18,30,60,42,4.701822754930893e-06,0.0011068975341396077,0.008436742916359985,1.0544010212299824e-06,0.0008682774801162027,0.002155303955078125
266,0,smooth_266,18,smooth_266/iter_18,60,90,35,7.668908210623318e-06,0.0013855719064263738,0.011250412603478782,1.5520045797876177e-06,0.0008779161509924701,0.004196599125862122
266,0,smooth_266,18,smooth_266/iter_18,90,120,53,1.7801101232195093e-06,0.0010201337509861733,0.0029942455775566618,3.2805179143871125e-07,0.0004565089519293803,0.001535765826702118
266,0,smooth_266,18,smooth_266/iter_18,120,150,55,1.4520951698338404e-06,0.000990421527315569,0.0027915552898997026,8.472412405538279e-07,0.0007577971301295541,0.0025405175983905792
266,0,smooth_266,18,smooth_266/iter_18,150,180,38,6.036205896156056e-06,0.0015517951273536909,0.009064610175359478,1.4898652128252423e-06,0.0010377710997617167,0.002399526536464691
266,0,smooth_266,18,smooth_266/iter_18,180,210,40,8.932023981326722e-06,0.001866150675882941,0.00942134686689941,1.8097159935207102e-06,0.001129903455148451,0.002191813662648201
266,0,smooth_266,18,smooth_266/iter_18,210,240,55,1.4520951698338404e-06,0.000990421527315569,0.0027915552898997026,5.665905799883989e-07,0.0005744382739067078,0.002368982881307602
266,0,smooth_266,18,smooth_266/iter_18,240,270,53,1.780110123219509e-06,0.0010201337509861733,0.0029942455775566618,2.1859505608061043e-07,0.0003801909679511808,0.00129728764295578
266,0,smooth_266,18,smooth_266/iter_18,270,300,35,7.668908210623317e-06,0.0013855719064263738,0.011250412603478782,1.8990095230731579e-06,0.0009833342961168715,0.005184262990951538
266,0,smooth_266,18,smooth_266/iter_18,300,330,42,4.701822754930892e-06,0.0011068975341396075,0.008436742916359985,1.327219403726877e-06,0.0009561075185913415,0.0027631372213363647
266,0,smooth_266,18,smooth_266/iter_18,330,360,51,1.9489464955417905e-06,0.0010935503318640497,0.003702094331330827,8.29141178961208e-07,0.0006748383828237945,0.0031839925795793533
266,0,smooth_266,19,smooth_266/iter_19,0,30,53,2.1119322003333998e-06,0.0011182318802635991,0.0037117413579421943,7.026270943337072e-07,0.000687066043885249,0.0023980606347322464
266,0,smooth_266,19,smooth_266/iter_19,30,60,42,4.752917418299402e-06,0.0011083971788546556,0.008490378597497836,8.862362338561403e-07,0.0007880192493931169,0.0020653754472732544
266,0,smooth_266,19,smooth_266/iter_19,60,90,35,7.789279687380487e-06,0.001382494514620374,0.011417595524011614,1.4695917660477581e-06,0.0008398516402978982,0.004104211926460266
266,0,smooth_266,19,smooth_266/iter_19,90,120,53,1.7836842178869909e-06,0.0010203540022260457,0.0030013060764614297,2.9598047597392924e-07,0.000431171179098903,0.001406453549861908
266,0,smooth_266,19,smooth_266/iter_19,120,150,55,1.4517752904233644e-06,0.000989842721342058,0.002798910035900007,7.768855396576341e-07,0.0007250918922099201,0.0024969689548015594
266,0,smooth_266,19,smooth_266/iter_19,150,180,38,6.0586778985281185e-06,0.0015428449922138222,0.009129799110680542,1.3582716481680762e-06,0.0009953284262385416,0.002351902425289154
266,0,smooth_266,19,smooth_266/iter_19,180,210,40,9.005381164836953e-06,0.0018609798574531346,0.009485144846709218,1.6443914401891737e-06,0.0010894014005316422,0.0020961016416549683
266,0,smooth_266,19,smooth_266/iter_19,210,240,55,1.4517752904233644e-06,0.0009898427213420582,0.002798910035900007,4.899396314108553e-07,0.0005336204374378377,0.0021799616515636444
266,0,smooth_266,19,smooth_266/iter_19,240,270,53,1.7836842178869904e-06,0.0010203540022260457,0.0030013060764614297,1.8890227191882363e-07,0.000346055676071149,0.0011815018951892853
266,0,smooth_266,19,smooth_266/iter_19,270,300,35,7.789279687380489e-06,0.001382494514620374,0.011417595524011614,1.814152233205445e-06,0.0009510505977751953,0.005084693431854248
266,0,smooth_266,19,smooth_266/iter_19,300,330,42,4.752917418299401e-06,0.0011083971788546556,0.008490378597497836,1.1303443825662837e-06,0.0008683030693126577,0.0027079135179519653
266,0,smooth_266,19,smooth_266/iter_19,330,360,51,1.9448637271098627e-06,0.0010905946381377946,0.0037117413579421943,7.604940357084927e-07,0.0006644929229628806,0.002883685752749443
266,0,smooth_266,20,smooth_266/iter_20,0,30,53,2.1085073997340037e-06,0.0011155833519607943,0.0037196028766993405,6.667000012758171e-07,0.0006729759416490231,0.002239411696791649
266,0,smooth_266,20,smooth_266/iter_20,30,60,42,4.7951049528290125e-06,0.0011095897142112054,0.008535070837905168,7.695517492042715e-07,0.000727842306895625,0.0019873231649398804
266,0,smooth_266,20,smooth_266/iter_20,60,90,35,7.89194415257929e-06,0.001379088340703843,0.011561257089006571,1.4102572669341169e-06,0.0008090657614437597,0.004022553563117981
266,0,smooth_266,20,smooth_266/iter_20,90,120,53,1.7867178547237197e-06,0.001020564460896991,0.00300705886368368,2.7476207777319007e-07,0.00041381150202931096,0.001298859715461731
266,0,smooth_266,20,smooth_266/iter_20,120,150,55,1.4514764886069563e-06,0.0009893526155466917,0.00280493713493557,7.310787675065595e-07,0.0007034900513562289,0.0024602189660072327
266,0,smooth_266,20,smooth_266/iter_20,150,180,38,6.073433560448169e-06,0.0015334031078191072,0.009183909475779392,1.2620498612336073e-06,0.0009592564647870237,0.0023132041096687317
266,0,smooth_266,20,smooth_266/iter_20,180,210,40,9.06218012618093e-06,0.0018547372154310965,0.009536602791739582,1.5230460007307858e-06,0.0010580731759546325,0.0020276233553886414
266,0,smooth_266,20,smooth_266/iter_20,210,240,55,1.4514764886069567e-06,0.000989352615546692,0.00280493713493557,4.40578562485646e-07,0.0005047555335543373,0.0020254291594028473
266,0,smooth_266,20,smooth_266/iter_20,240,270,53,1.78671785472372e-06,0.001020564460896991,0.00300705886368368,1.7221789647654307e-07,0.0003208526814321302,0.0011299364268779755
266,0,smooth_266,20,smooth_266/iter_20,270,300,35,7.891944152579292e-06,0.0013790883407038433,0.011561257089006571,1.750042628677501e-06,0.0009277777646535209,0.004996925592422485
266,0,smooth_266,20,smooth_266/iter_20,300,330,42,4.795104952829012e-06,0.0011095897142112056,0.008535070837905168,9.937030888684575e-07,0.0007968212677431959,0.002664536237716675
266,0,smooth_266,20,smooth_266/iter_20,330,360,51,1.940318501535974e-06,0.001087700018011375,0.0037196028766993405,7.126352144136836e-07,0.0006565857021247639,0.002636915072798729
266,1,acute_266,1,acute_266/iter_1,0,30,65,7.28210816152024e-07,0.0006325516851512238,0.0024338563744743386,0.00027714754683125914,0.011161710823384616,0.047836897894740105
266,1,acute_266,1,acute_266/iter_1,30,60,48,0.0001160747392530688,0.004767949852018562,0.05189046069230932,0.00681387848492592,0.06636242825758625,0.18936212826520205
266,1,acute_266,1,acute_266/iter_1,60,90,46,0.0001242684927737333,0.006346066940099837,0.0444632864649413,0.006103746457152389,0.058682651221043554,0.20361313223838806
266,1,acute_266,1,acute_266/iter_1,90,120,62,4.05139972563424e-06,0.0015219818992030217,0.005402141030662881,0.00016480424904981888,0.008471787531649875,0.04661056399345398
266,1,acute_266,1,acute_266/iter_1,120,150,63,1.4861095002094503e-06,0.0010037278834803768,0.003490886001395698,0.00025966474594267563,0.011832627408679516,0.04444080591201782
266,1,acute_266,1,acute_266/iter_1,150,180,40,9.479906905087828e-05,0.0070755141849160345,0.0415570440483333,0.00381230007737455,0.04711317222881917,0.15971356630325317
266,1,acute_266,1,acute_266/iter_1,180,210,40,9.479906905087828e-05,0.0070755141849160345,0.0415570440483333,0.003994711865107758,0.04758267503548268,0.17438137531280518
266,1,acute_266,1,acute_266/iter_1,210,240,63,1.4861095002094503e-06,0.001003727883480377,0.003490886001395698,0.00035212237579157555,0.013660699365630982,0.050972774624824524
266,1,acute_266,1,acute_266/iter_1,240,270,62,4.05139972563424e-06,0.0015219818992030219,0.005402141030662881,0.00010365277320912347,0.007704994160561792,0.030410297214984894
266,1,acute_266,1,acute_266/iter_1,270,300,46,0.0001242684927737333,0.006346066940099836,0.0444632864649413,0.006956971192827892,0.06306138861691579,0.18294566869735718
266,1,acute_266,1,acute_266/iter_1,300,330,48,0.00011607473925306878,0.004767949852018561,0.05189046069230932,0.004551797060317817,0.05355159788147527,0.15240969229489565
266,1,acute_266,1,acute_266/iter_1,330,360,65,7.28210816152024e-07,0.0006325516851512238,0.0024338563744743386,0.0003024512376370117,0.0112367417376775,0.05462220869958401
266,1,acute_266,2,acute_266/iter_2,0,30,65,1.3922881499435262e-06,0.0009013385368657903,0.0030069672095517502,0.0005887470496104307,0.01508974412885996,0.07752606831490993
266,1,acute_266,2,acute_266/iter_2,30,60,48,0.00011078310220456858,0.004912008020228529,0.052767540328958445,0.005643710850891571,0.06445216899434551,0.16918127704411745
266,1,acute_266,2,acute_266/iter_2,60,90,46,0.0001363213884078009,0.0071533686209826535,0.04915527316596485,0.004534367993097088,0.05585237135148972,0.15473613142967224
266,1,acute_266,2,acute_266/iter_2,90,120,62,3.545996429018837e-06,0.001436081005009603,0.005884974074487133,0.0002627897219450342,0.01045255896244799,0.0648549273610115
266,1,acute_266,2,acute_266/iter_2,120,150,63,1.7531151189924359e-06,0.0010646264305562265,0.004320831073135634,0.0005102800924334018,0.015571169096917387,0.06815795600414276
266,1,acute_266,2,acute_266/iter_2,150,180,40,9.146099953732252e-05,0.006527659494998461,0.03806975000348625,0.002952445387381165,0.043869250089301204,0.1258758008480072
266,1,acute_266,2,acute_266/iter_2,180,210,40,9.146099953732252e-05,0.006527659494998461,0.03806975000348625,0.002861738126742833,0.043435915474219655,0.13135486841201782
266,1,acute_266,2,acute_266/iter_2,210,240,63,1.7531151189924355e-06,0.0010646264305562267,0.004320831073135634,0.0006511871644267795,0.017380225250408762,0.07930772006511688
266,1,acute_266,2,acute_266/iter_2,240,270,62,3.545996429018837e-06,0.001436081005009603,0.005884974074487133,0.00019401090795363775,0.009946907630130168,0.0478745698928833
266,1,acute_266,2,acute_266/iter_2,270,300,46,0.00013632138840780094,0.0071533686209826535,0.04915527316596485,0.005011033506631723,0.05715789400678857,0.14883339125663042
266,1,acute_266,2,acute_266/iter_2,300,330,48,0.00011078310220456858,0.004912008020228529,0.052767540328958445,0.004446071225130987,0.058036658017347996,0.13578263390809298
266,1,acute_266,2,acute_266/iter_2,330,360,65,1.3922881499435262e-06,0.0009013385368657903,0.0030069672095517502,0.000668655280820312,0.015650649211154534,0.08552408777177334
266,1,acute_266,3,acute_266/iter_3,0,30,65,2.254928975670314e-06,0.0011567007095174997,0.004326536124913134,0.000603641914000825,0.014955262904270338,0.08426529727876186
266,1,acute_266,3,acute_266/iter_3,30,60,48,0.00011397211056947312,0.005300586897419076,0.05339283281176757,0.004158724973675272,0.05591566419934679,0.13482051342725754
266,1,acute_266,3,acute_266/iter_3,60,90,46,0.0001701657205713686,0.007547548899279719,0.05308600539404218,0.0030931215279468172,0.047209020944453936,0.11669138073921204
266,1,acute_266,3,acute_266/iter_3,90,120,62,2.1973113888241884e-06,0.0011372786326465955,0.004321149726706813,0.00023913505597120949,0.01017013047972033,0.06094358116388321
266,1,acute_266,3,acute_266/iter_3,120,150,63,1.8181295814522553e-06,0.001125075427573749,0.003705887608855693,0.0005007793782536186,0.01526554561560116,0.06823115050792694
266,1,acute_266,3,acute_266/iter_3,150,180,40,9.37649243362878e-05,0.005317414936096445,0.03575416298185216,0.002014591045897525,0.036651237223668434,0.0951961874961853
266,1,acute_266,3,acute_266/iter_3,180,210,40,9.37649243362878e-05,0.005317414936096445,0.03575416298185216,0.0019484261305121064,0.036343315088561215,0.09674215316772461
266,1,acute_266,3,acute_266/iter_3,210,240,63,1.8181295814522549e-06,0.0011250754275737493,0.003705887608855693,0.0006304672756702684,0.01665469616769798,0.08149096369743347
266,1,acute_266,3,acute_266/iter_3,240,270,62,2.197311388824188e-06,0.0011372786326465957,0.004321149726706813,0.00019027744356908097,0.009802712405460977,0.04790850356221199
266,1,acute_266,3,acute_266/iter_3,270,300,46,0.00017016572057136859,0.007547548899279718,0.05308600539404218,0.003260598623630664,0.047465752605247595,0.12921519950032234
266,1,acute_266,3,acute_266/iter_3,300,330,48,0.00011397211056947316,0.005300586897419077,0.05339283281176757,0.0035678076064320843,0.05162328815094952,0.12240707129240036
266,1,acute_266,3,acute_266/iter_3,330,360,65,2.254928975670314e-06,0.0011567007095174997,0.004326536124913134,0.0006765477894259767,0.015642142467773876,0.08766273222863674
266,1,acute_266,4,acute_266/iter_4,0,30,65,2.94761582198188e-06,0.0013262300152955414,0.004944758883081754,0.0004386910010217908,0.012734252415024317,0.07675088010728359
266,1,acute_266,4,acute_266/iter_4,30,60,48,0.00011892665260941527,0.0054442651289044785,0.05411053502605334,0.00264255325842057,0.04407807769105906,0.10649660602211952
266,1,acute_266,4,acute_266/iter_4,60,90,46,0.00020588408068092668,0.00785488177689864,0.05819084626928467,0.0018554892066484385,0.03664360782283399,0.08737799525260925
266,1,acute_266,4,acute_266/iter_4,90,120,62,1.7894274752901607e-06,0.0010132123808276976,0.002880583530285738,0.000167917554930474,0.008684786126738595,0.050131238996982574
266,1,acute_266,4,acute_266/iter_4,120,150,63,2.0059125097657475e-06,0.0011775448452889278,0.003666169024553738,0.000372370660632142,0.01310528310695811,0.059470146894454956
266,1,acute_266,4,acute_266/iter_4,150,180,40,0.0001066633783960064,0.00498193887072091,0.03671884823872473,0.0012255627540025908,0.02837290771622065,0.07310807704925537
266,1,acute_266,4,acute_266/iter_4,180,210,40,0.0001066633783960064,0.004981938870720911,0.03671884823872473,0.0012201740219009833,0.028721915332971547,0.07375824451446533
266,1,acute_266,4,acute_266/iter_4,210,240,63,2.0059125097657475e-06,0.001177544845288928,0.003666169024553738,0.0004556230267271792,0.014143206548714449,0.06926751136779785
266,1,acute_266,4,acute_266/iter_4,240,270,62,1.7894274752901607e-06,0.0010132123808276976,0.002880583530285738,0.00013556541612582003,0.008375329371061056,0.03925739787518978
266,1,acute_266,4,acute_266/iter_4,270,300,46,0.00020588408068092668,0.007854881776898638,0.05819084626928467,0.0018995049770305524,0.03636160101893399,0.09464218094944954
266,1,acute_266,4,acute_266/iter_4,300,330,48,0.00011892665260941527,0.0054442651289044785,0.05411053502605334,0.0023167605615120415,0.04081751413650636,0.09858650714159012
266,1,acute_266,4,acute_266/iter_4,330,360,65,2.9476158219818794e-06,0.0013262300152955414,0.004944758883081754,0.000495863558814312,0.013394578245396797,0.07661638222634792
266,1,acute_266,5,acute_266/iter_5,0,30,65,3.3291680845206196e-06,0.001406859259325516,0.005145762639910432,0.0002548045736974689,0.009888583292754797,0.05835271440446377
266,1,acute_266,5,acute_266/iter_5,30,60,48,0.00012419570134077507,0.005451731446525732,0.054941356698750665,0.0015257120441256784,0.033258151221161825,0.08682957664132118
266,1,acute_266,5,acute_266/iter_5,60,90,46,0.00023578231076331948,0.007933825857723308,0.06864624674962072,0.0010789147442976355,0.027729069912785908,0.06456783413887024
266,1,acute_266,5,acute_266/iter_5,90,120,62,1.8364020904198904e-06,0.0010519973328241962,0.0030299185601483786,0.00010194219159475332,0.006901704300675661,0.03834668546915054
266,1,acute_266,5,acute_266/iter_5,120,150,63,2.1262109472243016e-06,0.0011907069736177536,0.004184904024171692,0.00023465800178467405,0.010493355315356027,0.04711863398551941
266,1,acute_266,5,acute_266/iter_5,150,180,40,0.00012283264742483127,0.004908063253627133,0.04199307726666679,0.0006919381350184734,0.021114307160860334,0.05772608518600464
266,1,acute_266,5,acute_266/iter_5,180,210,40,0.00012283264742483127,0.004908063253627133,0.04199307726666679,0.0007079754448566452,0.021862281913308836,0.05579339526593685
266,1,acute_266,5,acute_266/iter_5,210,240,63,2.126210947224302e-06,0.0011907069736177536,0.004184904024171692,0.0002925403139864914,0.01141788201436164,0.05460250377655029
266,1,acute_266,5,acute_266/iter_5,240,270,62,1.8364020904198904e-06,0.0010519973328241962,0.0030299185601483786,8.516117817804233e-05,0.006748787502968504,0.02844025380909443
266,1,acute_266,5,acute_266/iter_5,270,300,46,0.00023578231076331948,0.00793382585772331,0.06864624674962072,0.0010482144999449127,0.026962504132509068,0.06548266112804413
266,1,acute_266,5,acute_266/iter_5,300,330,48,0.00012419570134077507,0.005451731446525732,0.054941356698750665,0.001323030337818465,0.030304524307211977,0.07589458301663399
266,1,acute_266,5,acute_266/iter_5,330,360,65,3.3291680845206187e-06,0.001406859259325516,0.005145762639910432,0.00031588463516378707,0.010780453123152256,0.06273438595235348
266,1,acute_266,6,acute_266/iter_6,0,30,65,3.4884913455220205e-06,0.0014353963194702639,0.005145013980979392,0.0001401462695626034,0.007511587942448946,0.04118244908750057
266,1,acute_266,6,acute_266/iter_6,30,60,48,0.00012997808476588774,0.005407439658628826,0.0557756378036432,0.0008194963344191317,0.024269613434322917,0.06238660588860512
266,1,acute_266,6,acute_266/iter_6,60,90,46,0.0002605656212289448,0.007911740908977541,0.0768004648506081,0.0006124199478748291,0.020931405215220446,0.0521332323551178
266,1,acute_266,6,acute_266/iter_6,90,120,62,1.9219174283481236e-06,0.0010964673801826066,0.0031417895583604194,5.9473245322406674e-05,0.00540639781543324,0.028213564306497574
266,1,acute_266,6,acute_266/iter_6,120,150,63,2.149471092076502e-06,0.0011817974191814763,0.004190864799415717,0.00014125352469204354,0.008253894539342986,0.036588966846466064
266,1,acute_266,6,acute_266/iter_6,150,180,40,0.00013854906842849867,0.004926320415317742,0.04619520778107766,0.0003877541924194244,0.015693079920856688,0.04531067609786987
266,1,acute_266,6,acute_266/iter_6,180,210,40,0.00013854906842849867,0.004926320415317742,0.04619520778107766,0.00039606033614769085,0.016353960249944066,0.04209846816956997
266,1,acute_266,6,acute_266/iter_6,210,240,63,2.149471092076502e-06,0.001181797419181476,0.004190864799415717,0.0001747727336559544,0.008863354900053569,0.042250990867614746
266,1,acute_266,6,acute_266/iter_6,240,270,62,1.9219174283481236e-06,0.0010964673801826064,0.0031417895583604194,5.179276509723999e-05,0.0053443375659445605,0.02141034509986639
266,1,acute_266,6,acute_266/iter_6,270,300,46,0.0002605656212289448,0.007911740908977543,0.0768004648506081,0.0005654742215643918,0.01968273017099937,0.04785263538360596
266,1,acute_266,6,acute_266/iter_6,300,330,48,0.00012997808476588772,0.005407439658628826,0.0557756378036432,0.0007442582569717721,0.02256554450226152,0.05686374381184578
266,1,acute_266,6,acute_266/iter_6,330,360,65,3.48849134552202e-06,0.0014353963194702636,0.005145013980979392,0.00018323938961962446,0.008387888222932816,0.04883546195924282
266,1,acute_266,7,acute_266/iter_7,0,30,65,3.533004501660408e-06,0.0014378828425485374,0.00506509814627509,7.418856795708455e-05,0.0055963240277308686,0.03005135990679264
266,1,acute_266,7,acute_266/iter_7,30,60,48,0.00013610476541194274,0.005420174881698425,0.056534104240226285,0.00045773018314127493,0.018109817927931243,0.04207446426153183
266,1,acute_266,7,acute_266/iter_7,60,90,46,0.00028199199141076895,0.007895842845977117,0.0832224161445489,0.00035743597758518194,0.015814101320954607,0.04430186748504639
266,1,acute_266,7,acute_266/iter_7,90,120,62,1.9626584259402834e-06,0.0011173070098703664,0.0032232505356060565,3.457213232756923e-05,0.004210378133481549,0.020598866045475006
266,1,acute_266,7,acute_266/iter_7,120,150,63,2.1290545464176827e-06,0.0011739377339364838,0.003997041037085383,8.029685249057652e-05,0.006366033254871293,0.02662822976708412
266,1,acute_266,7,acute_266/iter_7,150,180,40,0.00015286746260240877,0.004920954426198528,0.04957012034012498,0.00021228332152381562,0.011439230463838612,0.03559470176696777
266,1,acute_266,7,acute_266/iter_7,180,210,40,0.0001528674626024088,0.004920954426198529,0.04957012034012498,0.00021757402034495646,0.011997650245575642,0.030814768746495247
266,1,acute_266,7,acute_266/iter_7,210,240,63,2.129054546417683e-06,0.001173937733936484,0.003997041037085383,0.00010049413346224531,0.006792362616767013,0.03070247918367386
266,1,acute_266,7,acute_266/iter_7,240,270,62,1.9626584259402834e-06,0.0011173070098703666,0.0032232505356060565,3.016783786432722e-05,0.004173435360914276,0.014828190207481384
266,1,acute_266,7,acute_266/iter_7,270,300,46,0.00028199199141076895,0.007895842845977118,0.0832224161445489,0.00032023453676141437,0.014599295290004786,0.03776967525482178
266,1,acute_266,7,acute_266/iter_7,300,330,48,0.00013610476541194274,0.005420174881698423,0.056534104240226285,0.000426532763052693,0.016929402536940568,0.040996115654706955
266,1,acute_266,7,acute_266/iter_7,330,360,65,3.533004501660408e-06,0.0014378828425485374,0.00506509814627509,0.00010230591525851899,0.006439108852870189,0.03671483136713505
266,1,acute_266,8,acute_266/iter_8,0,30,65,3.5272366155958917e-06,0.001430724908522086,0.0049623535691127076,4.084142282606658e-05,0.004285238052789982,0.020981037989258766
266,1,acute_266,8,acute_266/iter_8,30,60,48,0.00014215525559945792,0.005430832296766723,0.057141877027868604,0.00028394269481171096,0.014039747336331251,0.038617849349975586
266,1,acute_266,8,acute_266/iter_8,60,90,46,0.00030075119184514105,0.00789237108592729,0.08831326333879574,0.0002279891697316675,0.01226821298579402,0.03844979405403137
266,1,acute_266,8,acute_266/iter_8,90,120,62,1.9799473886757555e-06,0.0011158562983320272,0.003280495467765668,1.9278013670816477e-05,0.003232070485190038,0.014749795198440552
266,1,acute_266,8,acute_266/iter_8,120,150,63,2.0974976595495786e-06,0.0011668879101735317,0.0038457191372218667,4.7182669633848815e-05,0.004966680019620865,0.01912565529346466
266,1,acute_266,8,acute_266/iter_8,150,180,40,0.0001655550920071898,0.004901876582485859,0.052301688379853994,0.00012376510868496057,0.008567137418685889,0.028342843055725098
266,1,acute_266,8,acute_266/iter_8,180,210,40,0.0001655550920071898,0.00490187658248586,0.052301688379853994,0.0001240815601411543,0.008959692049211298,0.023367613554000854
266,1,acute_266,8,acute_266/iter_8,210,240,63,2.0974976595495778e-06,0.0011668879101735317,0.0038457191372218667,6.000273093154498e-05,0.0052684517429461555,0.022964555770158768
266,1,acute_266,8,acute_266/iter_8,240,270,62,1.9799473886757555e-06,0.0011158562983320272,0.003280495467765668,1.8114886587164103e-05,0.0032716903444980423,0.011521376669406891
266,1,acute_266,8,acute_266/iter_8,270,300,46,0.00030075119184514105,0.007892371085927292,0.08831326333879574,0.00020125663727974747,0.011366580772395853,0.03028130531311035
266,1,acute_266,8,acute_266/iter_8,300,330,48,0.00014215525559945792,0.005430832296766723,0.057141877027868604,0.0002591003960384731,0.012930068106773737,0.034230589866638184
266,1,acute_266,8,acute_266/iter_8,330,360,65,3.5272366155958917e-06,0.001430724908522086,0.0049623535691127076,5.6941656889839204e-05,0.004964756908325049,0.026515578851103783
266,1,acute_266,9,acute_266/iter_9,0,30,65,3.503893111665853e-06,0.0014226921691918356,0.004858433061106039,2.4382354130895318e-05,0.003376909259420175,0.015031741932034492
266,1,acute_266,9,acute_266/iter_9,30,60,48,0.00014775645576665868,0.005446128875622812,0.057584909319854855,0.00019161126356237628,0.011096027812527609,0.03892529010772705
266,1,acute_266,9,acute_266/iter_9,60,90,46,0.000316972096519034,0.007891886462342665,0.09236396554480869,0.00015876176560587383,0.009963828794475969,0.033961713314056396
266,1,acute_266,9,acute_266/iter_9,90,120,62,1.994566602542154e-06,0.0011060873454662972,0.0033185844900011086,1.1504885990313759e-05,0.0025328455132342153,0.01163778081536293
266,1,acute_266,9,acute_266/iter_9,120,150,63,2.0637422916708535e-06,0.0011577056980582611,0.003759476387876645,2.868028446493255e-05,0.00392037970087831,0.014288745820522308
266,1,acute_266,9,acute_266/iter_9,150,180,40,0.0001765823290328781,0.004895713264904866,0.05452748333886975,7.661187968490224e-05,0.006642421203105186,0.022342920303344727
266,1,acute_266,9,acute_266/iter_9,180,210,40,0.0001765823290328781,0.004895713264904866,0.05452748333886975,7.317617409903215e-05,0.006788376586882805,0.0186460018157959
266,1,acute_266,9,acute_266/iter_9,210,240,63,2.0637422916708535e-06,0.0011577056980582611,0.003759476387876645,3.703283105318185e-05,0.004145981359576422,0.016904160380363464
266,1,acute_266,9,acute_266/iter_9,240,270,62,1.994566602542154e-06,0.0011060873454662972,0.0033185844900011086,1.1379159225537195e-05,0.0026077395605464135,0.009588617831468582
266,1,acute_266,9,acute_266/iter_9,270,300,46,0.000316972096519034,0.007891886462342665,0.09236396554480869,0.00013697473582975105,0.009302414040101448,0.02716347575187683
266,1,acute_266,9,acute_266/iter_9,300,330,48,0.0001477564557666587,0.005446128875622812,0.057584909319854855,0.00017463688293679436,0.010373179700764013,0.03314182162284851
266,1,acute_266,9,acute_266/iter_9,330,360,65,3.503893111665853e-06,0.0014226921691918356,0.004858433061106039,3.314066089594031e-05,0.0038775773575672736,0.019681209698319435
266,1,acute_266,10,acute_266/iter_10,0,30,65,3.477354722249337e-06,0.0014107772520961471,0.004760928369825796,1.529619557871482e-05,0.0027245238709908267,0.011873813346028328
266,1,acute_266,10,acute_266/iter_10,30,60,48,0.00015275872091880438,0.0054689930786597325,0.057918510188731426,0.00014317494648830576,0.009144243160335463,0.039303094148635864
266,1,acute_266,10,acute_266/iter_10,60,90,46,0.00033076073000642205,0.007886635955628883,0.09559253428107045,0.00011657815687873618,0.008412798681883547,0.030422508716583252
266,1,acute_266,10,acute_266/iter_10,90,120,62,2.012843957498566e-06,0.0010967670525608806,0.0033409937707163107,7.220088103277124e-06,0.002021643543435681,0.009289339184761047
266,1,acute_266,10,acute_266/iter_10,120,150,63,2.030272883583258e-06,0.0011476376779478855,0.0036724687075500896,1.730092292641631e-05,0.0031027321718514913,0.010022059082984924
266,1,acute_266,10,acute_266/iter_10,150,180,40,0.00018601989384686168,0.004895715078169123,0.056350909135327476,5.114374271105184e-05,0.005280481379850243,0.020894020795822144
266,1,acute_266,10,acute_266/iter_10,180,210,40,0.00018601989384686168,0.004895715078169123,0.056350909135327476,4.5803528943780704e-05,0.005292306173032557,0.014887452125549316
266,1,acute_266,10,acute_266/iter_10,210,240,63,2.0302728835832574e-06,0.0011476376779478853,0.0036724687075500896,2.360665196643221e-05,0.0033084957727364133,0.013541800901293755
266,1,acute_266,10,acute_266/iter_10,240,270,62,2.0128439574985663e-06,0.0010967670525608808,0.0033409937707163107,7.2759564933164176e-06,0.0020873870159829814,0.008023597300052643
266,1,acute_266,10,acute_266/iter_10,270,300,46,0.00033076073000642205,0.007886635955628881,0.09559253428107045,0.00010121119332773718,0.00794181869233675,0.0265672504901886
266,1,acute_266,10,acute_266/iter_10,300,330,48,0.00015275872091880438,0.0054689930786597325,0.057918510188731426,0.00013006047557737627,0.008654822825216494,0.03324149549007416
266,1,acute_266,10,acute_266/iter_10,330,360,65,3.4773547222493375e-06,0.0014107772520961471,0.004760928369825796,2.0021560817512388e-05,0.0030785786417814403,0.014669513329863548
266,1,acute_266,11,acute_266/iter_11,0,30,65,3.452219900270923e-06,0.0013971631947560428,0.004689345367652101,9.952466129493855e-06,0.002228003768966748,0.009404836222529411
266,1,acute_266,11,acute_266/iter_11,30,60,48,0.000157177261910794,0.005495035277783766,0.05820846240519642,0.000116171008101358,0.007825746411375198,0.039653122425079346
266,1,acute_266,11,acute_266/iter_11,60,90,46,0.00034231328793099,0.007870208064405996,0.09816513611955424,9.165780449496225e-05,0.007279456408350202,0.027470916509628296
266,1,acute_266,11,acute_266/iter_11,90,120,62,2.033236013031533e-06,0.0010903534791450785,0.0033515328966514796,4.6413851389337465e-06,0.0016334526120655,0.007517583668231964
266,1,acute_266,11,acute_266/iter_11,120,150,63,1.9983349828229383e-06,0.0011373856425422179,0.0035882205583576826,1.1233596949015615e-05,0.0025332938465807173,0.008023671805858612
266,1,acute_266,11,acute_266/iter_11,150,180,40,0.0001940007390466017,0.004899862866307235,0.05785223042360871,3.7270499807077494e-05,0.004345051439850067,0.020020514726638794
266,1,acute_266,11,acute_266/iter_11,180,210,40,0.0001940007390466017,0.004899862866307235,0.05785223042360871,3.0465592058720437e-05,0.004271164451165532,0.012471631169319153
266,1,acute_266,11,acute_266/iter_11,210,240,63,1.9983349828229383e-06,0.0011373856425422179,0.0035882205583576826,1.5067405686190496e-05,0.0026625639921615996,0.010887360200285912
266,1,acute_266,11,acute_266/iter_11,240,270,62,2.0332360130315324e-06,0.0010903534791450785,0.0033515328966514796,4.734496968868857e-06,0.0016819413210595808,0.006745513528585434
266,1,acute_266,11,acute_266/iter_11,270,300,46,0.00034231328793098994,0.007870208064405994,0.09816513611955424,8.115672561531186e-05,0.007034500795112842,0.026316136121749878
266,1,acute_266,11,acute_266/iter_11,300,330,48,0.000157177261910794,0.005495035277783766,0.05820846240519642,0.0001056436526805907,0.0074847782349631116,0.033810749650001526
266,1,acute_266,11,acute_266/iter_11,330,360,65,3.4522199002709226e-06,0.0013971631947560428,0.004689345367652101,1.2969176171307791e-05,0.0025032157794787333,0.011271944269537926
266,1,acute_266,12,acute_266/iter_12,0,30,65,3.430715142131533e-06,0.001383741796280254,0.004676620404724028,6.834444785824631e-06,0.0018910378217697143,0.007514027878642082
266,1,acute_266,12,acute_266/iter_12,30,60,48,0.00016106013995049166,0.005517988724114434,0.05848444377004933,9.966233901733219e-05,0.006838648188931984,0.03995847702026367
266,1,acute_266,12,acute_266/iter_12,60,90,46,0.00035188717570988073,0.007846517840706358,0.10021152290836405,7.636837999064535e-05,0.006448704382384439,0.025175243616104126
266,1,acute_266,12,acute_266/iter_12,90,120,62,2.0535837573893132e-06,0.0010867860219140363,0.003385414566650327,3.122710757814111e-06,0.0013479217586498107,0.006227085366845131
266,1,acute_266,12,acute_266/iter_12,120,150,63,1.9684442215782184e-06,0.0011273678800234892,0.003507925407595709,7.496239006919714e-06,0.00209997845665803,0.00660184770822525
266,1,acute_266,12,acute_266/iter_12,150,180,40,0.0002006912339081089,0.004909152433675073,0.059094809917908664,2.9294587090402173e-05,0.0036885378029182904,0.01933416724205017
266,1,acute_266,12,acute_266/iter_12,180,210,40,0.0002006912339081089,0.004909152433675073,0.059094809917908664,2.158358114652067e-05,0.003558272294139897,0.011263936758041382
266,1,acute_266,12,acute_266/iter_12,210,240,63,1.968444221578218e-06,0.0011273678800234892,0.003507925407595709,9.720400125592205e-06,0.0021714850491474547,0.008703639730811119
266,1,acute_266,12,acute_266/iter_12,240,270,62,2.0535837573893137e-06,0.001086786021914036,0.003385414566650327,3.1686360560699543e-06,0.0013687625347125914,0.00572286918759346
266,1,acute_266,12,acute_266/iter_12,270,300,46,0.00035188717570988073,0.007846517840706358,0.10021152290836405,6.833731477063057e-05,0.006346515235592327,0.026163607835769653
266,1,acute_266,12,acute_266/iter_12,300,330,48,0.00016106013995049166,0.005517988724114434,0.05848444377004933,9.154139201206397e-05,0.0066398842385145445,0.03450272977352142
266,1,acute_266,12,acute_266/iter_12,330,360,65,3.4307151421315325e-06,0.0013837417962802542,0.004676620404724028,8.903543492059647e-06,0.0020966329253636873,0.009094687178730965
266,1,acute_266,13,acute_266/iter_13,0,30,65,3.4140268542049863e-06,0.0013718808764168944,0.004661290093624086,4.919362870154995e-06,0.0016435595085987679,0.006076356396079063
266,1,acute_266,13,acute_266/iter_13,30,60,48,0.00016446180085167165,0.005534181164938673,0.05875354994291823,8.963324952334377e-05,0.006153438916347416,0.040104180574417114
266,1,acute_266,13,acute_266/iter_13,60,90,46,0.0003597552287793448,0.007823466776019118,0.10183401777383877,6.578783950120617e-05,0.005801894881701825,0.024964898824691772
266,1,acute_266,13,acute_266/iter_13,90,120,62,2.0726410349787146e-06,0.0010867559341081964,0.0034177062291621124,2.171404426572221e-06,0.0011297900289777786,0.005213744938373566
266,1,acute_266,13,acute_266/iter_13,120,150,63,1.9408469965111403e-06,0.0011178822829536754,0.003431659302188996,5.198951481289114e-06,0.001780446884887559,0.0054452307522296906
266,1,acute_266,13,acute_266/iter_13,150,180,40,0.00020626470808296412,0.0049254365200086395,0.06012899008887118,2.4316676342919725e-05,0.0031928322821840995,0.018796324729919434
266,1,acute_266,13,acute_266/iter_13,180,210,40,0.00020626470808296412,0.0049254365200086395,0.06012899008887118,1.6082540109079473e-05,0.0030127079769954436,0.010355442762374878
266,1,acute_266,13,acute_266/iter_13,210,240,63,1.9408469965111403e-06,0.0011178822829536756,0.003431659302188996,6.392560443976957e-06,0.0018014518159722526,0.0070072803646326065
266,1,acute_266,13,acute_266/iter_13,240,270,62,2.072641034978715e-06,0.0010867559341081962,0.0034177062291621124,2.161139138656262e-06,0.0011209127222818712,0.004809904843568802
266,1,acute_266,13,acute_266/iter_13,270,300,46,0.00035975522877934477,0.00782346677601912,0.10183401777383877,6.059204315642564e-05,0.005861149592142876,0.02604183554649353
266,1,acute_266,13,acute_266/iter_13,300,330,48,0.0001644618008516717,0.005534181164938673,0.05875354994291823,8.326352731648986e-05,0.006030995337520532,0.035056546330451965
266,1,acute_266,13,acute_266/iter_13,330,360,65,3.414026854204986e-06,0.0013718808764168944,0.004661290093624086,6.37289735713326e-06,0.0017993117181154398,0.0074812304228544235
266,1,acute_266,14,acute_266/iter_14,0,30,65,3.401628088202012e-06,0.0013648031401144833,0.004644875058856652,3.6916282156911703e-06,0.001446886733174324,0.004891704767942429
266,1,acute_266,14,acute_266/iter_14,30,60,48,0.00016744008251251555,0.005554661930972658,0.05901405465825152,8.31202815775571e-05,0.005663948188763849,0.040209949016571045
266,1,acute_266,14,acute_266/iter_14,60,90,46,0.00036617753587845964,0.007801388492759409,0.1031141502745308,5.895161290457683e-05,0.005411470812522684,0.02479878067970276
266,1,acute_266,14,acute_266/iter_14,90,120,62,2.089913343941988e-06,0.0010877401480107708,0.0034441148021555346,1.5532371010475927e-06,0.000952519356243072,0.004412572830915451
266,1,acute_266,14,acute_266/iter_14,120,150,63,1.915585019397528e-06,0.0011093469351811571,0.003359442659729154,3.7275774532402583e-06,0.0015421684476591292,0.004512421786785126
266,1,acute_266,14,acute_266/iter_14,150,180,40,0.0002108863402666225,0.004940752609162706,0.06099481532193074,2.1167222741129898e-05,0.002826923791690206,0.018376290798187256
266,1,acute_266,14,acute_266/iter_14,180,210,40,0.0002108863402666225,0.004940752609162706,0.06099481532193074,1.2742225304974446e-05,0.002614489321967994,0.009634405374526978
266,1,acute_266,14,acute_266/iter_14,210,240,63,1.915585019397528e-06,0.0011093469351811571,0.003359442659729154,4.3578322973496185e-06,0.001519696077420598,0.005675731226801872
266,1,acute_266,14,acute_266/iter_14,240,270,62,2.089913343941988e-06,0.0010877401480107703,0.0034441148021555346,1.5176633045788201e-06,0.00092569014598285,0.004089595749974251
266,1,acute_266,14,acute_266/iter_14,270,300,46,0.00036617753587845974,0.007801388492759409,0.1031141502745308,5.573174098673304e-05,0.005512400224055771,0.025971323251724243
266,1,acute_266,14,acute_266/iter_14,300,330,48,0.0001674400825125156,0.005554661930972658,0.05901405465825152,7.77721181166965e-05,0.005559674907393249,0.03550344705581665
266,1,acute_266,14,acute_266/iter_14,330,360,65,3.401628088202012e-06,0.0013648031401144833,0.004644875058856652,4.719711630547849e-06,0.0015633454403051962,0.006234927102923393
266,1,acute_266,15,acute_266/iter_15,0,30,65,3.39210022611909e-06,0.001359643207287228,0.0046281357007361065,2.920193305853702e-06,0.0012929737854462404,0.004687860608100891
266,1,acute_266,15,acute_266/iter_15,30,60,48,0.00017005245613532565,0.005584035446158262,0.059261958456096525,7.887687433922634e-05,0.005293876763971639,0.0403016060590744
266,1,acute_266,15,acute_266/iter_15,60,90,46,0.00037139163566916015,0.007790038117176249,0.10411678423381077,5.4348834950928555e-05,0.005136688662510689,0.02465614676475525
266,1,acute_266,15,acute_266/iter_15,90,120,62,2.105213205079975e-06,0.0010891531134119483,0.003465630399906168,1.1525276246584097e-06,0.0008148483391250334,0.0037760231643915176
266,1,acute_266,15,acute_266/iter_15,120,150,63,1.8924431913419823e-06,0.001102629674438677,0.0032910697291287754,2.7837709353237657e-06,0.001359323069216713,0.003951476886868477
266,1,acute_266,15,acute_266/iter_15,150,180,40,0.00021470575294750923,0.004952827096550071,0.06172415690086508,1.9149664959945043e-05,0.002555115691757237,0.01804843544960022
266,1,acute_266,15,acute_266/iter_15,180,210,40,0.00021470575294750923,0.004952827096550072,0.06172415690086508,1.064960476253826e-05,0.002321308230420982,0.009094029664993286
266,1,acute_266,15,acute_266/iter_15,210,240,63,1.8924431913419823e-06,0.0011026296744386772,0.0032910697291287754,3.0898967629453076e-06,0.0013028302836039709,0.004766371101140976
266,1,acute_266,15,acute_266/iter_15,240,270,62,2.105213205079976e-06,0.0010891531134119483,0.003465630399906168,1.09257815090677e-06,0.0007708719180476281,0.003518393263220787
266,1,acute_266,15,acute_266/iter_15,270,300,46,0.00037139163566916015,0.00779003811717625,0.10411678423381077,5.270104328182855e-05,0.005250060563886781,0.025928884744644165
266,1,acute_266,15,acute_266/iter_15,300,330,48,0.00017005245613532563,0.005584035446158262,0.059261958456096525,7.457216806905789e-05,0.005202859540077043,0.0358765572309494
266,1,acute_266,15,acute_266/iter_15,330,360,65,3.3921002261190906e-06,0.001359643207287228,0.0046281357007361065,3.6364542448666916e-06,0.0013835282566455694,0.005197171121835709
266,1,acute_266,16,acute_266/iter_16,0,30,65,3.3842632619912123e-06,0.0013551579005226168,0.004611423346232265,2.4315021342674602e-06,0.0011777192927323855,0.004531398415565491
266,1,acute_266,16,acute_266/iter_16,30,60,48,0.00017235301512532206,0.00560909025533549,0.059494939151564674,7.595215940734618e-05,0.0050153714031087775,0.04039540886878967
266,1,acute_266,16,acute_266/iter_16,60,90,46,0.0003756079203298397,0.007783644430531839,0.10489515701065094,5.096585039958718e-05,0.004923599040763372,0.02455359697341919
266,1,acute_266,16,acute_266/iter_16,90,120,62,2.118532818708844e-06,0.001090669492373943,0.003483346092198178,8.89423506969746e-07,0.0007145766529344744,0.0032701045274734497
266,1,acute_266,16,acute_266/iter_16,120,150,63,1.8711912047413485e-06,0.0010963596333130258,0.003226230838625676,2.1569602948781343e-06,0.001210045985995777,0.003614025190472603
266,1,acute_266,16,acute_266/iter_16,150,180,40,0.00021785423757986726,0.004962151711152689,0.06234265591699584,1.7843470532644872e-05,0.0023452877378076662,0.017793774604797363
266,1,acute_266,16,acute_266/iter_16,180,210,40,0.00021785423757986726,0.0049621517111526885,0.06234265591699584,9.29205983496969e-06,0.0020935528989866727,0.008694440126419067
266,1,acute_266,16,acute_266/iter_16,210,240,63,1.8711912047413485e-06,0.0010963596333130256,0.003226230838625676,2.2900752765079407e-06,0.0011320474838453626,0.004199381917715073
266,1,acute_266,16,acute_266/iter_16,240,270,62,2.1185328187088437e-06,0.0010906694923739433,0.003483346092198178,8.129033248523759e-07,0.0006534551240263447,0.0031265784054994583
266,1,acute_266,16,acute_266/iter_16,270,300,46,0.0003756079203298396,0.007783644430531839,0.10489515701065094,5.06730225230235e-05,0.005049399664605279,0.025909245014190674
266,1,acute_266,16,acute_266/iter_16,300,330,48,0.00017235301512532206,0.00560909025533549,0.059494939151564674,7.262358786274982e-05,0.004925907547658426,0.03617912530899048
266,1,acute_266,16,acute_266/iter_16,330,360,65,3.3842632619912127e-06,0.0013551579005226168,0.004611423346232265,2.9156992851753538e-06,0.0012459031950968963,0.004425860941410065
266,1,acute_266,17,acute_266/iter_17,0,30,65,3.377347797162138e-06,0.0013510836048732558,0.004595059859968317,2.1170148777304955e-06,0.0010887064326267975,0.004407018423080444
266,1,acute_266,17,acute_266/iter_17,30,60,48,0.00017439183775726228,0.0056308573824823465,0.05971337188079459,7.402253634109956e-05,0.00480255971281925,0.04049038887023926
266,1,acute_266,17,acute_266/iter_17,60,90,46,0.0003790017321887525,0.007776214714363455,0.10549151124895068,4.8491673747496535e-05,0.004771266960154247,0.024485379457473755
266,1,acute_266,17,acute_266/iter_17,90,120,62,2.1299441285577154e-06,0.0010920730772888433,0.003497823643004959,7.155327005742105e-07,0.0006399760323186074,0.0028677135705947876
266,1,acute_266,17,acute_266/iter_17,120,150,63,1.8515667419709659e-06,0.001090519610293122,0.003164810109820171,1.7371733380388648e-06,0.0010920419165539362,0.003328850492835045
266,1,acute_266,17,acute_266/iter_17,150,180,40,0.0002204443985816987,0.004969198944917293,0.06287095105515184,1.700384683131469e-05,0.002181257198935782,0.017598062753677368
266,1,acute_266,17,acute_266/iter_17,180,210,40,0.0002204443985816987,0.004969198944917292,0.06287095105515184,8.387935450820581e-06,0.0019148004319504252,0.008347198367118835
266,1,acute_266,17,acute_266/iter_17,210,240,63,1.8515667419709659e-06,0.0010905196102931217,0.003164810109820171,1.7686563701278228e-06,0.0009943989829884635,0.003784213215112686
266,1,acute_266,17,acute_266/iter_17,240,270,62,2.129944128557716e-06,0.0010920730772888433,0.003497823643004959,6.296926620423929e-07,0.0005667069626431312,0.002982666715979576
266,1,acute_266,17,acute_266/iter_17,270,300,46,0.00037900173218875246,0.007776214714363456,0.10549151124895068,4.9271795137563054e-05,0.004908750134864417,0.025908470153808594
266,1,acute_266,17,acute_266/iter_17,300,330,48,0.00017439183775726228,0.0056308573824823465,0.05971337188079459,7.151772006208965e-05,0.0047132127189494595,0.03643856942653656
266,1,acute_266,17,acute_266/iter_17,330,360,65,3.377347797162138e-06,0.0013510836048732558,0.004595059859968317,2.448836057528744e-06,0.0011422200271716484,0.004343939945101738
266,1,acute_266,18,acute_266/iter_18,0,30,65,3.3707899493239938e-06,0.001347238792529155,0.004579428372547489,1.9120559546466995e-06,0.0010168474740706957,0.0043067652732133865
266,1,acute_266,18,acute_266/iter_18,30,60,48,0.00017621440737531363,0.005650059693464565,0.05991994599683512,7.294849583139655e-05,0.004642599763731899,0.04058872163295746
266,1,acute_266,18,acute_266/iter_18,60,90,46,0.0003817163534601281,0.007767793030921619,0.10594042525289732,4.6649843516259425e-05,0.004656216633283411,0.02444586157798767
266,1,acute_266,18,acute_266/iter_18,90,120,62,2.1396010812217547e-06,0.0010932847789288922,0.003509492516896362,6.000002633099452e-07,0.0005857950196631493,0.002541385591030121
266,1,acute_266,18,acute_266/iter_18,120,150,63,1.8332704210608191e-06,0.0010850273138226368,0.0031066549406782405,1.4609461280003806e-06,0.001000074196666006,0.003094092011451721
266,1,acute_266,18,acute_266/iter_18,150,180,40,0.0002225723394010668,0.004976894583458604,0.06332550272419035,1.648871832096712e-05,0.0020541864758342855,0.01744893193244934
266,1,acute_266,18,acute_266/iter_18,180,210,40,0.00022257233940106686,0.004976894583458604,0.06332550272419035,7.799056944915193e-06,0.001776328341475164,0.008080467581748962
266,1,acute_266,18,acute_266/iter_18,210,240,63,1.8332704210608191e-06,0.0010850273138226366,0.0031066549406782405,1.4239310821438248e-06,0.0008853777710880552,0.0034658685326576233
266,1,acute_266,18,acute_266/iter_18,240,270,62,2.139601081221755e-06,0.0010932847789288922,0.003509492516896362,5.070105659043955e-07,0.0005049647222603521,0.0028540194034576416
266,1,acute_266,18,acute_266/iter_18,270,300,46,0.000381716353460128,0.0077677930309216206,0.10594042525289732,4.827632309709019e-05,0.004792085461541201,0.025923609733581543
266,1,acute_266,18,acute_266/iter_18,300,330,48,0.00017621440737531363,0.005650059693464565,0.05991994599683512,7.09748925775798e-05,0.004544811494876437,0.03666523098945618
266,1,acute_266,18,acute_266/iter_18,330,360,65,3.3707899493239938e-06,0.001347238792529155,0.004579428372547489,2.1521241345142894e-06,0.0010642345994710922,0.004278605803847313
266,1,acute_266,19,acute_266/iter_19,0,30,65,3.3641967602436863e-06,0.0013435141416701139,0.004593713498895605,1.776487735387569e-06,0.0009608955910572639,0.0042274631559848785
266,1,acute_266,19,acute_266/iter_19,30,60,48,0.0001778615747615922,0.005667268695188192,0.06011886571471281,7.234324899341289e-05,0.004531628526819986,0.04068771004676819
266,1,acute_266,19,acute_266/iter_19,60,90,46,0.0003838674490538151,0.0077582611733189805,0.10627057093489872,4.5298026092370085e-05,0.00457218161571528,0.02442970871925354
266,1,acute_266,19,acute_266/iter_19,90,120,62,2.14763614796124e-06,0.001094281365611452,0.003519035450381257,5.222207387536646e-07,0.000547981130019311,0.0023602228611707687
266,1,acute_266,19,acute_266/iter_19,120,150,63,1.8161532280974507e-06,0.0010798515283992004,0.0030514999097651617,1.2752800459954185e-06,0.0009265343939501142,0.0028992686420679092
266,1,acute_266,19,acute_266/iter_19,150,180,40,0.00022431864376848187,0.004983709877230769,0.0637196390363271,1.619392281225709e-05,0.0019628704603746883,0.01733684539794922
266,1,acute_266,19,acute_266/iter_19,180,210,40,0.00022431864376848193,0.004983709877230769,0.0637196390363271,7.419823267011518e-06,0.0016672809919327848,0.007884189486503601
266,1,acute_266,19,acute_266/iter_19,210,240,63,1.8161532280974503e-06,0.0010798515283992002,0.0030514999097651617,1.1933427288027067e-06,0.0008010791821612252,0.0032031554728746414
266,1,acute_266,19,acute_266/iter_19,240,270,62,2.1476361479612404e-06,0.001094281365611452,0.003519035450381257,4.265576489986061e-07,0.00046182147437526336,0.002743251621723175
266,1,acute_266,19,acute_266/iter_19,270,300,46,0.0003838674490538151,0.007758261173318983,0.10627057093489872,4.755028072527848e-05,0.004696783485680657,0.025951802730560303
266,1,acute_266,19,acute_266/iter_19,300,330,48,0.0001778615747615922,0.005667268695188192,0.06011886571471281,7.081661904288883e-05,0.004415387342911951,0.03686690330505371
266,1,acute_266,19,acute_266/iter_19,330,360,65,3.3641967602436863e-06,0.0013435141416701139,0.004593713498895605,1.9540950766320424e-06,0.0010067284966890628,0.004225235432386398
266,1,acute_266,20,acute_266/iter_20,0,30,65,3.3574325356946206e-06,0.001339897314105841,0.004605390893541325,1.685946699505208e-06,0.0009172946214675903,0.004161404445767403
266,1,acute_266,20,acute_266/iter_20,30,60,48,0.00017936962846850694,0.005682890007161742,0.06031447475780996,7.20260753078235e-05,0.004463735751414788,0.04078713059425354
266,1,acute_266,20,acute_266/iter_20,60,90,46,0.00038554714044551364,0.007747651372556915,0.10650462088410195,4.423236336357614e-05,0.004499695615579739,0.024432271718978882
266,1,acute_266,20,acute_266/iter_20,90,120,62,2.154258235081859e-06,0.001095072923489061,0.003526799662475627,4.6957783259424636e-07,0.0005187168416957702,0.002266259863972664
266,1,acute_266,20,acute_266/iter_20,120,150,63,1.7999745119536722e-06,0.0010749269224876775,0.003049454794943729,1.1471730194790986e-06,0.000871525929560737,0.002735517919063568
266,1,acute_266,20,acute_266/iter_20,150,180,40,0.00022575121837459374,0.0049889213726639955,0.0640641869784313,1.6035357470156437e-05,0.0018951117837787024,0.017254263162612915
266,1,acute_266,20,acute_266/iter_20,180,210,40,0.00022575121837459374,0.0049889213726639955,0.0640641869784313,7.182868817547542e-06,0.0015865704122916212,0.007743075489997864
266,1,acute_266,20,acute_266/iter_20,210,240,63,1.7999745119536722e-06,0.001074926922487678,0.003049454794943729,1.0396244368634604e-06,0.0007355279097008327,0.0029848534613847733
266,1,acute_266,20,acute_266/iter_20,240,270,62,2.154258235081858e-06,0.001095072923489061,0.003526799662475627,3.7358481514946075e-07,0.0004277211283483813,0.002650810405611992
266,1,acute_266,20,acute_266/iter_20,270,300,46,0.00038554714044551375,0.007747651372556915,0.10650462088410195,4.69995573427398e-05,0.004617040721274427,0.025990337133407593
266,1,acute_266,20,acute_266/iter_20,300,330,48,0.00017936962846850694,0.005682890007161742,0.06031447475780996,7.094488641798864e-05,0.004339755509742342,0.03705047070980072
266,1,acute_266,20,acute_266/iter_20,330,360,65,3.357432535694621e-06,0.0013398973141058408,0.004605390893541325,1.821883801667942e-06,0.00095943112212878,0.004180196672677994
276,0,smooth_276,1,smooth_276/iter_1,0,30,53,5.937287307457901e-07,0.0005296854256873368,0.0021663856791164227,0.00011950458721757949,0.008246328927717119,0.024074234068393707
276,0,smooth_276,1,smooth_276/iter_1,30,60,42,4.2581252929769566e-06,0.001518522893166851,0.00632057619511546,0.0010258833435710126,0.026934045039871263,0.058777173049747944
276,0,smooth_276,1,smooth_276/iter_1,60,90,36,3.286653576489874e-06,0.0013615338883645213,0.0045468356823575445,0.0003662462390579509,0.016713373786640458,0.04520578868687153
276,0,smooth_276,1,smooth_276/iter_1,90,120,54,1.0296979490328974e-06,0.000809648539937659,0.0021319632126467064,8.029453753613834e-05,0.007455530886848767,0.018865160644054413
276,0,smooth_276,1,smooth_276/iter_1,120,150,56,8.940708918395365e-07,0.0007801482086367833,0.0017519859976063562,0.00013218185618416492,0.00868115168330925,0.027331963181495667
276,0,smooth_276,1,smooth_276/iter_1,150,180,41,3.0882006710561218e-06,0.0011253097879086519,0.005853517033278188,0.00036491270772643454,0.01653135646412876,0.0381881482899189
276,0,smooth_276,1,smooth_276/iter_1,180,210,41,3.0882006710561218e-06,0.0011253097879086519,0.005853517033278188,0.00042788323030272133,0.01813505006607667,0.0361135033890605
276,0,smooth_276,1,smooth_276/iter_1,210,240,56,8.940708918395365e-07,0.0007801482086367833,0.0017519859976063562,0.00016689213849792068,0.009918931405991316,0.03123920038342476
276,0,smooth_276,1,smooth_276/iter_1,240,270,54,1.0296979490328976e-06,0.0008096485399376589,0.0021319632126467064,8.323199132039971e-05,0.006879946975796311,0.022623151540756226
276,0,smooth_276,1,smooth_276/iter_1,270,300,36,3.2866535764898747e-06,0.0013615338883645211,0.0045468356823575445,0.00039399416041623547,0.017276541417231783,0.03691866248846054
276,0,smooth_276,1,smooth_276/iter_1,300,330,42,4.258125292976956e-06,0.001518522893166851,0.00632057619511546,0.00048321588827139356,0.018844835346542476,0.040433771908283234
276,0,smooth_276,1,smooth_276/iter_1,330,360,53,5.937287307457901e-07,0.0005296854256873368,0.0021663856791164227,0.00010793943556254892,0.007908984772720427,0.02559283748269081
276,0,smooth_276,2,smooth_276/iter_2,0,30,53,7.855631930750921e-07,0.0006490361241910517,0.002422640244182074,0.0001262003816481535,0.008078499626860304,0.0329723721370101
276,0,smooth_276,2,smooth_276/iter_2,30,60,42,3.156535124340736e-06,0.0013350310218974966,0.0051725112193356515,0.0008077954959627264,0.02401293707745416,0.05403980240225792
276,0,smooth_276,2,smooth_276/iter_2,60,90,36,2.462505582917766e-06,0.0012216071554310654,0.004345161264109568,0.0002667348143870288,0.014077156639864875,0.043173717334866524
276,0,smooth_276,2,smooth_276/iter_2,90,120,54,1.1343014998542479e-06,0.0008495026076787192,0.0022422479365068124,6.610925182895297e-05,0.006428490599824322,0.01815304160118103
276,0,smooth_276,2,smooth_276/iter_2,120,150,56,9.165278413236741e-07,0.0008030713240145468,0.0017803836583877505,0.0001513875263785216,0.008906214897121702,0.03201865032315254
276,0,smooth_276,2,smooth_276/iter_2,150,180,41,2.636480211527764e-06,0.001183190256582938,0.0049589196399618465,0.0003411112281563051,0.015473161033275196,0.03407969232648611
276,0,smooth_276,2,smooth_276/iter_2,180,210,41,2.636480211527764e-06,0.001183190256582938,0.0049589196399618465,0.0004233665826796325,0.017276611294109012,0.041051920503377914
276,0,smooth_276,2,smooth_276/iter_2,210,240,56,9.16527841323674e-07,0.0008030713240145468,0.0017803836583877505,0.00016800565135291297,0.009363902499899268,0.0362204909324646
276,0,smooth_276,2,smooth_276/iter_2,240,270,54,1.134301499854248e-06,0.0008495026076787192,0.0022422479365068124,8.010290337886599e-05,0.0063226485314468546,0.023431625217199326
276,0,smooth_276,2,smooth_276/iter_2,270,300,36,2.462505582917765e-06,0.0012216071554310654,0.004345161264109568,0.0002754897045654727,0.014881795724957354,0.028500057756900787
276,0,smooth_276,2,smooth_276/iter_2,300,330,42,3.1565351243407365e-06,0.0013350310218974968,0.0051725112193356515,0.00046284387303749684,0.01842589171359404,0.039908308535814285
276,0,smooth_276,2,smooth_276/iter_2,330,360,53,7.855631930750922e-07,0.0006490361241910518,0.002422640244182074,0.0001261061495926107,0.007879340511588555,0.030841121450066566
276,0,smooth_276,3,smooth_276/iter_3,0,30,53,1.100128813211095e-06,0.0008094768253833663,0.002638024780332822,0.00010949632474426056,0.007324760270146829,0.033760241232812405
276,0,smooth_276,3,smooth_276/iter_3,30,60,42,2.7556634226756344e-06,0.0012319811909504332,0.005422636806820327,0.0005881947794490857,0.020453434725779863,0.0522804819047451
276,0,smooth_276,3,smooth_276/iter_3,60,90,36,2.2505857616522607e-06,0.0011514578330148989,0.004319150012761827,0.00018284544333619908,0.011412670670930916,0.035968443378806114
276,0,smooth_276,3,smooth_276/iter_3,90,120,54,1.163259068525033e-06,0.0008382100733579736,0.002435109445623612,5.124494447461997e-05,0.005566957027271942,0.016733352094888687
276,0,smooth_276,3,smooth_276/iter_3,120,150,56,1.0111533858436924e-06,0.0008425660714898133,0.0019235019791578184,0.00013869487666005298,0.008279966223718864,0.031709108501672745
276,0,smooth_276,3,smooth_276/iter_3,150,180,41,3.1349112789608863e-06,0.0014212038129641173,0.004416358457161346,0.0002667397106741693,0.013184248845990202,0.0326571399345994
276,0,smooth_276,3,smooth_276/iter_3,180,210,41,3.134911278960886e-06,0.001421203812964117,0.004416358457161346,0.00033190136304235053,0.014793467618490956,0.04014027491211891
276,0,smooth_276,3,smooth_276/iter_3,210,240,56,1.0111533858436924e-06,0.0008425660714898133,0.0019235019791578184,0.00014176338422912396,0.008351077658257313,0.033050209283828735
276,0,smooth_276,3,smooth_276/iter_3,240,270,54,1.1632590685250333e-06,0.0008382100733579737,0.002435109445623612,6.646981251622767e-05,0.005655443864978022,0.02109166979789734
276,0,smooth_276,3,smooth_276/iter_3,270,300,36,2.250585761652261e-06,0.001151457833014899,0.004319150012761827,0.00019204568852215873,0.012237135896510962,0.02561833430081606
276,0,smooth_276,3,smooth_276/iter_3,300,330,42,2.7556634226756344e-06,0.0012319811909504332,0.005422636806820327,0.000356660188276888,0.015810733744209365,0.0384873915463686
276,0,smooth_276,3,smooth_276/iter_3,330,360,53,1.100128813211095e-06,0.0008094768253833662,0.002638024780332822,0.00011310400852465762,0.007109584972121805,0.033166678622365
276,0,smooth_276,4,smooth_276/iter_4,0,30,53,1.4191296601093502e-06,0.000929694970849522,0.00281784142718159,8.024643012616848e-05,0.006235229027158809,0.02938162349164486
276,0,smooth_276,4,smooth_276/iter_4,30,60,42,2.704672112589174e-06,0.001181005817791869,0.005739312017660786,0.00039053393729371333,0.01667683680508552,0.045485131442546844
276,0,smooth_276,4,smooth_276/iter_4,60,90,36,2.5882628589611884e-06,0.0011937538093898022,0.004334797265147058,0.00011379832028126795,0.0089258545550466,0.03011026419699192
276,0,smooth_276,4,smooth_276/iter_4,90,120,54,1.2586420533266382e-06,0.0008708553572032038,0.0025945258892226195,3.747378742648853e-05,0.0047891077895959215,0.014266163110733032
276,0,smooth_276,4,smooth_276/iter_4,120,150,56,1.1144420977699316e-06,0.0008779881170391775,0.002054572902224272,0.00010841785640588368,0.007200738714475717,0.028758548200130463
276,0,smooth_276,4,smooth_276/iter_4,150,180,41,3.8526601612145435e-06,0.0015675289072013031,0.004829742463727776,0.00017990031169531865,0.010618627030209342,0.02824493870139122
276,0,smooth_276,4,smooth_276/iter_4,180,210,41,3.8526601612145435e-06,0.001567528907201303,0.004829742463727776,0.00022355479215537116,0.01179279226145321,0.034969912841916084
276,0,smooth_276,4,smooth_276/iter_4,210,240,56,1.1144420977699316e-06,0.0008779881170391775,0.002054572902224272,0.0001060907086201497,0.007129553040223462,0.028301984071731567
276,0,smooth_276,4,smooth_276/iter_4,240,270,54,1.258642053326638e-06,0.0008708553572032036,0.0025945258892226195,4.822253430261949e-05,0.004865901251495989,0.018025677651166916
276,0,smooth_276,4,smooth_276/iter_4,270,300,36,2.588262858961189e-06,0.0011937538093898024,0.004334797265147058,0.00012167749181652878,0.009640922022905821,0.02170488890260458
276,0,smooth_276,4,smooth_276/iter_4,300,330,42,2.7046721125891734e-06,0.001181005817791869,0.005739312017660786,0.00024101734052238912,0.012780674655611316,0.033587127923965454
276,0,smooth_276,4,smooth_276/iter_4,330,360,53,1.4191296601093502e-06,0.0009296949708495221,0.00281784142718159,8.736956111193206e-05,0.006108402766568481,0.03117509465664625
276,0,smooth_276,5,smooth_276/iter_5,0,30,53,1.6406079245404358e-06,0.0010115902814545098,0.0029670664100415745,5.256852418231435e-05,0.005073060264002602,0.023495583795011044
276,0,smooth_276,5,smooth_276/iter_5,30,60,42,2.8271152106302737e-06,0.0011516575158137077,0.006016574602555114,0.00024022100907415895,0.013013086858249846,0.03685260750353336
276,0,smooth_276,5,smooth_276/iter_5,60,90,36,3.1218977584947683e-06,0.0012511836399021004,0.005180143631576109,6.833110485282759e-05,0.007029545069801518,0.019004887901246548
276,0,smooth_276,5,smooth_276/iter_5,90,120,54,1.3858450305136128e-06,0.0009383882445317201,0.002724754101223817,2.6547451364934525e-05,0.004076811484992504,0.011848125606775284
276,0,smooth_276,5,smooth_276/iter_5,120,150,56,1.195146999312088e-06,0.0009010168544027797,0.002164689598677022,7.682816015362488e-05,0.006037587699081216,0.02467505633831024
276,0,smooth_276,5,smooth_276/iter_5,150,180,41,4.515107748413656e-06,0.001632481650084887,0.005996982167559534,0.00010875802336561622,0.00808619229242251,0.02196631021797657
276,0,smooth_276,5,smooth_276/iter_5,180,210,41,4.515107748413656e-06,0.0016324816500848866,0.005996982167559534,0.0001340412221766652,0.008997714602695097,0.026090667583048344
276,0,smooth_276,5,smooth_276/iter_5,210,240,56,1.195146999312088e-06,0.0009010168544027797,0.002164689598677022,7.441155199048449e-05,0.005928806428398404,0.02332792803645134
276,0,smooth_276,5,smooth_276/iter_5,240,270,54,1.3858450305136128e-06,0.0009383882445317198,0.002724754101223817,3.2765134165267765e-05,0.004036030404407669,0.014890603721141815
276,0,smooth_276,5,smooth_276/iter_5,270,300,36,3.1218977584947683e-06,0.0012511836399021004,0.005180143631576109,7.366677948135306e-05,0.007454713502536631,0.016013791784644127
276,0,smooth_276,5,smooth_276/iter_5,300,330,42,2.8271152106302737e-06,0.0011516575158137077,0.006016574602555114,0.00014895703194197935,0.009875264143504734,0.02809336455538869
276,0,smooth_276,5,smooth_276/iter_5,330,360,53,1.6406079245404358e-06,0.00101159028145451,0.0029670664100415745,5.9088680338500855e-05,0.005032817571740246,0.025844505173154175
276,0,smooth_276,6,smooth_276/iter_6,0,30,53,1.758337862436875e-06,0.001053398941892188,0.0030904571183201224,3.3393954368463804e-05,0.004092765462426645,0.017876031808555126
276,0,smooth_276,6,smooth_276/iter_6,30,60,42,3.031898063984222e-06,0.0011280078818927972,0.006287416781703956,0.00014088746875226971,0.0099218063793766,0.028481831774115562
276,0,smooth_276,6,smooth_276/iter_6,60,90,36,3.671302712180354e-06,0.001303263783412401,0.0061694170562267975,4.165612905563525e-05,0.00555336504152769,0.0135908592492342
276,0,smooth_276,6,smooth_276/iter_6,90,120,54,1.487733386754132e-06,0.0009861943811028892,0.002830211298875916,1.839251635775136e-05,0.0034182679460004525,0.009901851415634155
276,0,smooth_276,6,smooth_276/iter_6,120,150,56,1.2487574779629062e-06,0.000914013049933502,0.0022562998461666955,5.248532224916732e-05,0.0050269020388701135,0.02046561986207962
276,0,smooth_276,6,smooth_276/iter_6,150,180,41,5.0919184678481685e-06,0.0016505444757731922,0.0070064359968954465,6.403512360201493e-05,0.00612126300026231,0.01814613677561283
276,0,smooth_276,6,smooth_276/iter_6,180,210,41,5.091918467848169e-06,0.0016505444757731922,0.0070064359968954465,7.614591652382568e-05,0.0067456200187912254,0.017940455116331577
276,0,smooth_276,6,smooth_276/iter_6,210,240,56,1.248757477962906e-06,0.000914013049933502,0.0022562998461666955,5.0170302380048446e-05,0.0048501506514315096,0.01975182071328163
276,0,smooth_276,6,smooth_276/iter_6,240,270,54,1.4877333867541322e-06,0.0009861943811028894,0.002830211298875916,2.1424795700449157e-05,0.00327458418905735,0.012076687067747116
276,0,smooth_276,6,smooth_276/iter_6,270,300,36,3.6713027121803524e-06,0.0013032637834124007,0.0061694170562267975,4.4763026027167426e-05,0.00577104220024517,0.013009356334805489
276,0,smooth_276,6,smooth_276/iter_6,300,330,42,3.031898063984222e-06,0.0011280078818927972,0.006287416781703956,8.54750377798338e-05,0.007470554539135524,0.023161761462688446
276,0,smooth_276,6,smooth_276/iter_6,330,360,53,1.7583378624368751e-06,0.0010533989418921883,0.0030904571183201224,3.5236135855366026e-05,0.003998116273784412,0.01954825408756733
276,0,smooth_276,7,smooth_276/iter_7,0,30,53,1.8065872478269352e-06,0.0010660360903869766,0.0031922941214932027,2.1003690615182424e-05,0.0033415054445559123,0.012368172407150269
276,0,smooth_276,7,smooth_276/iter_7,30,60,42,3.2661110131608215e-06,0.0011071144910704501,0.006534818402518183,7.925687846830918e-05,0.007448697886762342,0.020788646419532597
276,0,smooth_276,7,smooth_276/iter_7,60,90,36,4.185403530182721e-06,0.001315407774377933,0.006960929757400924,2.6893497674684393e-05,0.0044258428291262435,0.010201815515756607
276,0,smooth_276,7,smooth_276/iter_7,90,120,54,1.5501424416946074e-06,0.0010040512516451652,0.0029158087245845232,1.2564427607115114e-05,0.002839313957978178,0.008226018399000168
276,0,smooth_276,7,smooth_276/iter_7,120,150,56,1.2825658613692627e-06,0.0009213201643548016,0.002332271011484255,3.492724917112862e-05,0.004166969630335059,0.016610953956842422
276,0,smooth_276,7,smooth_276/iter_7,150,180,41,5.617175278796144e-06,0.001659615956319566,0.00803733750734345,3.735533000611446e-05,0.0046449782023001915,0.014883732423186302
276,0,smooth_276,7,smooth_276/iter_7,180,210,41,5.617175278796142e-06,0.0016596159563195658,0.00803733750734345,4.3612666091058065e-05,0.005096316449741674,0.01411144994199276
276,0,smooth_276,7,smooth_276/iter_7,210,240,56,1.2825658613692627e-06,0.0009213201643548016,0.002332271011484255,3.3169525791662807e-05,0.003957043834296721,0.016210895031690598
276,0,smooth_276,7,smooth_276/iter_7,240,270,54,1.5501424416946074e-06,0.001004051251645165,0.0029158087245845232,1.3663202165810505e-05,0.002616133678842474,0.009867850691080093
276,0,smooth_276,7,smooth_276/iter_7,270,300,36,4.18540353018272e-06,0.0013154077743779333,0.006960929757400924,2.6606844713465377e-05,0.004408427300707747,0.010219317860901356
276,0,smooth_276,7,smooth_276/iter_7,300,330,42,3.266111013160822e-06,0.0011071144910704501,0.006534818402518183,4.707876958186363e-05,0.005629784275134582,0.016723448410630226
276,0,smooth_276,7,smooth_276/iter_7,330,360,53,1.8065872478269352e-06,0.0010660360903869766,0.0031922941214932027,2.0728506855827236e-05,0.003159062743608682,0.014349161647260189
276,0,smooth_276,8,smooth_276/iter_8,0,30,53,1.8168985642818763e-06,0.0010640637131728934,0.0032759761683765765,1.3196253808357888e-05,0.0027169282987432658,0.009685195982456207
276,0,smooth_276,8,smooth_276/iter_8,30,60,42,3.498923197236779e-06,0.0010910201169328508,0.006737571971050835,4.50134137168538e-05,0.005630317279913773,0.014539610594511032
276,0,smooth_276,8,smooth_276/iter_8,60,90,36,4.660068142011167e-06,0.0013195209657122378,0.007595289083492079,1.7203050108499873e-05,0.003479341468644432,0.008015604689717293
276,0,smooth_276,8,smooth_276/iter_8,90,120,54,1.5845780350613124e-06,0.001007758553819351,0.0029850875067181926,8.666403236637713e-06,0.0023793477772010695,0.006831962615251541
276,0,smooth_276,8,smooth_276/iter_8,120,150,56,1.3041346201756475e-06,0.0009264170314825215,0.0023947807226516876,2.3145948534810924e-05,0.00345656814585839,0.013402633368968964
276,0,smooth_276,8,smooth_276/iter_8,150,180,41,6.104830804772032e-06,0.0016675131236255545,0.008868449364941439,2.298026202908875e-05,0.0036211871079214644,0.012181838974356651
276,0,smooth_276,8,smooth_276/iter_8,180,210,41,6.104830804772032e-06,0.0016675131236255545,0.008868449364941439,2.5972088347203246e-05,0.003932204076213899,0.011640654876828194
276,0,smooth_276,8,smooth_276/iter_8,210,240,56,1.304134620175648e-06,0.0009264170314825215,0.0023947807226516876,2.188267782697539e-05,0.0032372269446828534,0.012956097722053528
276,0,smooth_276,8,smooth_276/iter_8,240,270,54,1.5845780350613126e-06,0.001007758553819351,0.0029850875067181926,8.748514220991314e-06,0.0020971036067715396,0.00804130733013153
276,0,smooth_276,8,smooth_276/iter_8,270,300,36,4.6600681420111685e-06,0.0013195209657122378,0.007595289083492079,1.6102721214326087e-05,0.0034068319138087747,0.0077646804274991155
276,0,smooth_276,8,smooth_276/iter_8,300,330,42,3.498923197236779e-06,0.0010910201169328508,0.006737571971050835,2.7586005203365828e-05,0.004371505410831776,0.010938994586467743
276,0,smooth_276,8,smooth_276/iter_8,330,360,53,1.816898564281876e-06,0.0010640637131728932,0.0032759761683765765,1.2573079232684681e-05,0.0025374561477944538,0.010376494377851486
276,0,smooth_276,9,smooth_276/iter_9,0,30,53,1.8094709911089643e-06,0.0010597482401010095,0.0033447819929329353,8.547408866709681e-06,0.0021962424705051025,0.008187979459762573
276,0,smooth_276,9,smooth_276/iter_9,30,60,42,3.7138250239332827e-06,0.001082876932883045,0.006890257568535341,2.613009144874413e-05,0.004272067012997078,0.01019255444407463
276,0,smooth_276,9,smooth_276/iter_9,60,90,36,5.098972402069606e-06,0.0013109926048214687,0.008104384676078408,1.1161726020934138e-05,0.002773180270903847,0.006462013348937035
276,0,smooth_276,9,smooth_276/iter_9,90,120,54,1.6058505650468768e-06,0.0010050140134767963,0.0030415066211780042,6.175839354354842e-06,0.0020155086768446147,0.00564449280500412
276,0,smooth_276,9,smooth_276/iter_9,120,150,56,1.3183298780290273e-06,0.0009301124864149788,0.0024461293425099423,1.5542795255198273e-05,0.0028889987817300217,0.010854113847017288
276,0,smooth_276,9,smooth_276/iter_9,150,180,41,6.547797023378008e-06,0.0016817726026526639,0.0095407989340036,1.5029160584273651e-05,0.002908311555695879,0.01005859486758709
276,0,smooth_276,9,smooth_276/iter_9,180,210,41,6.547797023378007e-06,0.0016817726026526639,0.0095407989340036,1.6517291004645983e-05,0.003123203359214907,0.009674733504652977
276,0,smooth_276,9,smooth_276/iter_9,210,240,56,1.3183298780290273e-06,0.0009301124864149788,0.0024461293425099423,1.4609654480938381e-05,0.0026616808359644245,0.010381966829299927
276,0,smooth_276,9,smooth_276/iter_9,240,270,54,1.6058505650468768e-06,0.0010050140134767963,0.0030415066211780042,5.487664684600448e-06,0.001675508709417449,0.006325758993625641
276,0,smooth_276,9,smooth_276/iter_9,270,300,36,5.098972402069606e-06,0.001310992604821469,0.008104384676078408,1.0254092688875694e-05,0.002728659216599125,0.006406866014003754
276,0,smooth_276,9,smooth_276/iter_9,300,330,42,3.713825023933283e-06,0.001082876932883045,0.006890257568535341,1.7457352711834666e-05,0.003494664915792999,0.007481615990400314
276,0,smooth_276,9,smooth_276/iter_9,330,360,53,1.8094709911089643e-06,0.0010597482401010095,0.0033447819929329353,8.183800420528715e-06,0.0020967552192368596,0.00853969156742096
276,0,smooth_276,10,smooth_276/iter_10,0,30,53,1.796580557810076e-06,0.001053283962425283,0.0034012891398018247,5.840116278337796e-06,0.0018266216271890785,0.006933778524398804
276,0,smooth_276,10,smooth_276/iter_10,30,60,42,3.902712538765114e-06,0.0010776508322796019,0.007117407790104266,1.6128199831303288e-05,0.003377959243066254,0.00733022578060627
276,0,smooth_276,10,smooth_276/iter_10,60,90,36,5.502049929531039e-06,0.0013058095578126197,0.008513200089895229,7.66117717783257e-06,0.002299757535284799,0.005304509773850441
276,0,smooth_276,10,smooth_276/iter_10,90,120,54,1.6222882192897067e-06,0.0010009479656209572,0.003087345082877835,4.542862766713009e-06,0.0017537411164354395,0.004672866314649582
276,0,smooth_276,10,smooth_276/iter_10,120,150,56,1.3280814146654921e-06,0.0009319796475821295,0.002488403245444769,1.0641141326518603e-05,0.002445453678124717,0.008852452039718628
276,0,smooth_276,10,smooth_276/iter_10,150,180,41,6.9386721887676825e-06,0.0016899924579997614,0.010086481528179175,1.016715651785162e-05,0.0023859123594309316,0.00841018371284008
276,0,smooth_276,10,smooth_276/iter_10,180,210,41,6.938672188767684e-06,0.0016899924579997614,0.010086481528179175,1.1306623977219467e-05,0.00257046972600198,0.00840219296514988
276,0,smooth_276,10,smooth_276/iter_10,210,240,56,1.3280814146654924e-06,0.0009319796475821295,0.002488403245444769,9.924669555615695e-06,0.0022038238322628395,0.008482281118631363
276,0,smooth_276,10,smooth_276/iter_10,240,270,54,1.6222882192897065e-06,0.0010009479656209572,0.003087345082877835,3.5236563726418773e-06,0.001361084929494946,0.004946079105138779
276,0,smooth_276,10,smooth_276/iter_10,270,300,36,5.502049929531039e-06,0.0013058095578126197,0.008513200089895229,6.9734115724791785e-06,0.0022521033501511235,0.005411840975284576
276,0,smooth_276,10,smooth_276/iter_10,300,330,42,3.902712538765114e-06,0.0010776508322796019,0.007117407790104266,1.192948801629917e-05,0.002874001394957304,0.005937054753303528
276,0,smooth_276,10,smooth_276/iter_10,330,360,53,1.796580557810076e-06,0.0010532839624252833,0.0034012891398018247,5.491528773837242e-06,0.0017631609906565468,0.007009517401456833
276,0,smooth_276,11,smooth_276/iter_11,0,30,53,1.7856414617494944e-06,0.0010463898139935403,0.0034475516472631945,4.180764610223392e-06,0.001548035035155854,0.005905222147703171
276,0,smooth_276,11,smooth_276/iter_11,30,60,42,4.062819225466481e-06,0.0010746197877798754,0.007407949004364339,1.0669108293685057e-05,0.002779901917425117,0.0061479732394218445
276,0,smooth_276,11,smooth_276/iter_11,60,90,36,5.865920842252755e-06,0.0013176684105552896,0.008841375056876558,5.44571019669828e-06,0.001948211173940864,0.004608415067195892
276,0,smooth_276,11,smooth_276/iter_11,90,120,54,1.6366484160411872e-06,0.000997478955377291,0.0031247041873578366,3.4405369878732795e-06,0.0015589519645328874,0.0038977228105068207
276,0,smooth_276,11,smooth_276/iter_11,120,150,56,1.3350911397097781e-06,0.0009327828656690045,0.0025230175459807214,7.475136042191554e-06,0.002092349509309445,0.0073067061603069305
276,0,smooth_276,11,smooth_276/iter_11,150,180,41,7.275269879710033e-06,0.0016968653860011805,0.010530268542836188,7.1601317322142356e-06,0.0020018723756415635,0.007127756252884865
276,0,smooth_276,11,smooth_276/iter_11,180,210,41,7.275269879710033e-06,0.0016968653860011805,0.010530268542836188,8.190643067303957e-06,0.002176519254756319,0.007318401709198952
276,0,smooth_276,11,smooth_276/iter_11,210,240,56,1.3350911397097781e-06,0.0009327828656690045,0.0025230175459807214,6.87352190106688e-06,0.0018404676978077208,0.006934445351362228
276,0,smooth_276,11,smooth_276/iter_11,240,270,54,1.636648416041187e-06,0.000997478955377291,0.0031247041873578366,2.330112144707591e-06,0.001120519858819467,0.0038434863090515137
276,0,smooth_276,11,smooth_276/iter_11,270,300,36,5.865920842252755e-06,0.0013176684105552896,0.008841375056876558,5.044141679840363e-06,0.0019167681457474828,0.004640489816665649
276,0,smooth_276,11,smooth_276/iter_11,300,330,42,4.062819225466481e-06,0.0010746197877798754,0.007407949004364339,8.346350284521496e-06,0.002381878475370329,0.005068421363830566
276,0,smooth_276,11,smooth_276/iter_11,330,360,53,1.7856414617494944e-06,0.0010463898139935403,0.0034475516472631945,3.853580577656646e-06,0.0015102833650022182,0.005933310836553574
276,0,smooth_276,12,smooth_276/iter_12,0,30,53,1.7784987964907242e-06,0.0010454043220436066,0.003485616337364744,3.0888143731660103e-06,0.0013442629210229189,0.00506972149014473
276,0,smooth_276,12,smooth_276/iter_12,30,60,42,4.1946335232777745e-06,0.0010740549554135522,0.007646757292075548,7.415753571047986e-06,0.002316099150838064,0.0053255073726177216
276,0,smooth_276,12,smooth_276/iter_12,60,90,36,6.189036691795992e-06,0.0013305316209097301,0.009104496624787045,3.950148260536922e-06,0.0016771997325122356,0.00392535887658596
276,0,smooth_276,12,smooth_276/iter_12,90,120,54,1.6496242407349196e-06,0.0009950299356987799,0.003155421402056463,2.663307068209308e-06,0.0013979268432767302,0.003262035548686981
276,0,smooth_276,12,smooth_276/iter_12,120,150,56,1.3403893798598894e-06,0.0009329444282306853,0.0025514416036400422,5.386163234183506e-06,0.001808043403018798,0.006037026643753052
276,0,smooth_276,12,smooth_276/iter_12,150,180,41,7.559573106502563e-06,0.001702867348464647,0.010891803576662917,5.251760095410071e-06,0.001749100707323722,0.006208883598446846
276,0,smooth_276,12,smooth_276/iter_12,180,210,41,7.559573106502563e-06,0.001702867348464647,0.010891803576662917,6.182502817754773e-06,0.0018837638213526366,0.006462590768933296
276,0,smooth_276,12,smooth_276/iter_12,210,240,56,1.3403893798598894e-06,0.0009329444282306853,0.0025514416036400422,4.884633613729082e-06,0.0015578730963170528,0.005843468010425568
276,0,smooth_276,12,smooth_276/iter_12,240,270,54,1.6496242407349193e-06,0.0009950299356987799,0.003155421402056463,1.574693895852564e-06,0.0009350445190513576,0.0030615292489528656
276,0,smooth_276,12,smooth_276/iter_12,270,300,36,6.189036691795992e-06,0.0013305316209097301,0.009104496624787045,3.7741517912109205e-06,0.001666964096431103,0.004038386046886444
276,0,smooth_276,12,smooth_276/iter_12,300,330,42,4.1946335232777745e-06,0.0010740549554135522,0.007646757292075548,5.979529436258294e-06,0.0019991238895315853,0.004504851996898651
276,0,smooth_276,12,smooth_276/iter_12,330,360,53,1.7784987964907242e-06,0.0010454043220436064,0.003485616337364744,2.8235809880664248e-06,0.001314405914185182,0.005096100270748138
276,0,smooth_276,13,smooth_276/iter_13,0,30,53,1.7743914504572237e-06,0.0010450667603773564,0.003516822034979883,2.3410318823036413e-06,0.0011848408447683982,0.004387907683849335
276,0,smooth_276,13,smooth_276/iter_13,30,60,42,4.30059597413979e-06,0.0010730025252628796,0.00784304843751664,5.340107286901937e-06,0.0019571444357834047,0.004599213600158691
276,0,smooth_276,13,smooth_276/iter_13,60,90,36,6.471640991284441e-06,0.0013427741136916936,0.009315037787167774,2.947361093903371e-06,0.0014636271710818012,0.003323070704936981
276,0,smooth_276,13,smooth_276/iter_13,90,120,54,1.6612304329686952e-06,0.0009935160184317672,0.0031803426818398164,2.114999106531445e-06,0.0012674727304666132,0.00272354856133461
276,0,smooth_276,13,smooth_276/iter_13,120,150,56,1.344694682414015e-06,0.0009327976071171652,0.0025746603399063733,3.996075473642437e-06,0.001585024774872831,0.005031801760196686
276,0,smooth_276,13,smooth_276/iter_13,150,180,41,7.796060395479704e-06,0.0017056443723481736,0.011186473016690096,4.00182947981573e-06,0.0015643420501430406,0.00548630952835083
276,0,smooth_276,13,smooth_276/iter_13,180,210,41,7.796060395479704e-06,0.0017056443723481734,0.011186473016690096,4.8696624557621645e-06,0.0016885141106663135,0.005768764764070511
276,0,smooth_276,13,smooth_276/iter_13,210,240,56,1.344694682414015e-06,0.0009327976071171652,0.0025746603399063733,3.5329703308996846e-06,0.0013360734696366958,0.004913344979286194
276,0,smooth_276,13,smooth_276/iter_13,240,270,54,1.661230432968695e-06,0.0009935160184317675,0.0031803426818398164,1.0929109675414898e-06,0.0007922567979053214,0.002591527998447418
276,0,smooth_276,13,smooth_276/iter_13,270,300,36,6.471640991284441e-06,0.0013427741136916936,0.009315037787167774,2.9110016264218854e-06,0.0014633943921782905,0.0035655125975608826
276,0,smooth_276,13,smooth_276/iter_13,300,330,42,4.30059597413979e-06,0.0010730025252628796,0.00784304843751664,4.357650480800065e-06,0.0016955707826474238,0.004058275371789932
276,0,smooth_276,13,smooth_276/iter_13,330,360,53,1.7743914504572237e-06,0.0010450667603773564,0.003516822034979883,2.144718027274017e-06,0.001166950524696764,0.0043832845985889435
276,0,smooth_276,14,smooth_276/iter_14,0,30,53,1.7720564855456764e-06,0.0010449625697189274,0.0035424935513232586,1.8260817661696763e-06,0.0010591533105328399,0.003830123692750931
276,0,smooth_276,14,smooth_276/iter_14,30,60,42,4.38390223319073e-06,0.001071520549373193,0.008004700174779444,4.002292307002179e-06,0.0016864074333127412,0.004015807062387466
276,0,smooth_276,14,smooth_276/iter_14,60,90,36,6.715846519542147e-06,0.0013526732225477918,0.009483174829750862,2.3048715456263992e-06,0.001309042874102791,0.0030349716544151306
276,0,smooth_276,14,smooth_276/iter_14,90,120,54,1.6714583037114444e-06,0.0009927013287281076,0.0032007125004177225,1.7227438746269314e-06,0.0011590492946130257,0.002295505255460739
276,0,smooth_276,14,smooth_276/iter_14,120,150,56,1.3485778091545818e-06,0.0009326037819629875,0.002593767225177908,3.0553755557795028e-06,0.0014127956570259162,0.004232816398143768
276,0,smooth_276,14,smooth_276/iter_14,150,180,41,7.990186865778112e-06,0.0017048867021612303,0.01142677197334896,3.1656967859410025e-06,0.0014188840954064777,0.00491086021065712
276,0,smooth_276,14,smooth_276/iter_14,180,210,41,7.990186865778112e-06,0.0017048867021612298,0.01142677197334896,3.970277764665736e-06,0.0015390833808540752,0.005214797332882881
276,0,smooth_276,14,smooth_276/iter_14,210,240,56,1.3485778091545818e-06,0.0009326037819629875,0.002593767225177908,2.6225695036905395e-06,0.0011651711871049234,0.004186220467090607
276,0,smooth_276,14,smooth_276/iter_14,240,270,54,1.6714583037114444e-06,0.0009927013287281076,0.0032007125004177225,7.798289039939321e-07,0.0006812518393551862,0.00225134938955307
276,0,smooth_276,14,smooth_276/iter_14,270,300,36,6.715846519542148e-06,0.001352673222547792,0.009483174829750862,2.3159186270114244e-06,0.0012970265751290652,0.003191910684108734
276,0,smooth_276,14,smooth_276/iter_14,300,330,42,4.38390223319073e-06,0.0010715205493731928,0.008004700174779444,3.261420004288029e-06,0.001455612860376104,0.003701586276292801
276,0,smooth_276,14,smooth_276/iter_14,330,360,53,1.7720564855456768e-06,0.0010449625697189272,0.0035424935513232586,1.690390524360372e-06,0.0010543258614697545,0.003802414983510971
276,0,smooth_276,15,smooth_276/iter_15,0,30,53,1.7704429657031434e-06,0.0010447674153822566,0.0035634367153052487,1.4679780762715239e-06,0.0009671656660876184,0.0033712238073349
276,0,smooth_276,15,smooth_276/iter_15,30,60,42,4.447696551663192e-06,0.0010702822254118382,0.008138002971102301,3.096952585274522e-06,0.0014696735916437493,0.0035448819398880005
276,0,smooth_276,15,smooth_276/iter_15,60,90,36,6.9243268927505115e-06,0.0013591432173443664,0.009617069920981255,1.8476736688176287e-06,0.0011814588603253167,0.0028041303157806396
276,0,smooth_276,15,smooth_276/iter_15,90,120,54,1.6803173215408749e-06,0.0009923372813823942,0.003217476803932362,1.4405874626697454e-06,0.0010712032930718528,0.0019992589950561523
276,0,smooth_276,15,smooth_276/iter_15,120,150,56,1.3521819042069852e-06,0.000932609789000728,0.0026093670376363537,2.4133760400977145e-06,0.001280564083052533,0.003689724951982498
276,0,smooth_276,15,smooth_276/iter_15,150,180,41,8.147492273621882e-06,0.0017011500106812864,0.011622877831120607,2.60313537762854e-06,0.001306385689176528,0.004448732361197472
276,0,smooth_276,15,smooth_276/iter_15,180,210,41,8.14749227362188e-06,0.0017011500106812866,0.011622877831120607,3.318557027000415e-06,0.0014186072654499694,0.004769196733832359
276,0,smooth_276,15,smooth_276/iter_15,210,240,56,1.3521819042069852e-06,0.000932609789000728,0.0026093670376363537,1.9986327532939746e-06,0.00103386102377304,0.003597091883420944
276,0,smooth_276,15,smooth_276/iter_15,240,270,54,1.6803173215408742e-06,0.000992337281382394,0.003217476803932362,5.714043663211063e-07,0.0005919202403337867,0.001973100006580353
276,0,smooth_276,15,smooth_276/iter_15,270,300,36,6.92432689275051e-06,0.0013591432173443666,0.009617069920981255,1.8959111892995083e-06,0.0011671888253962,0.002997264266014099
276,0,smooth_276,15,smooth_276/iter_15,300,330,42,4.447696551663192e-06,0.0010702822254118382,0.008138002971102301,2.528697813671804e-06,0.001284016476434079,0.003408346325159073
276,0,smooth_276,15,smooth_276/iter_15,330,360,53,1.7704429657031438e-06,0.0010447674153822569,0.0035634367153052487,1.3859294191407454e-06,0.0009759056188587872,0.0033262185752391815
276,0,smooth_276,16,smooth_276/iter_16,0,30,53,1.7689671779189375e-06,0.0010443687156850658,0.003580707879155834,1.215442664612416e-06,0.0008957334003358517,0.0029917769134044647
276,0,smooth_276,16,smooth_276/iter_16,30,60,42,4.495153714579503e-06,0.0010690246718477233,0.008247984807169331,2.4830280687170565e-06,0.001304999417957983,0.0031639114022254944
276,0,smooth_276,16,smooth_276/iter_16,60,90,36,7.1006361100521655e-06,0.0013623663637417985,0.009723032284334465,1.519868224005649e-06,0.0010746673344530994,0.0026196688413619995
276,0,smooth_276,16,smooth_276/iter_16,90,120,54,1.687816573122443e-06,0.0009922122893982358,0.003231156171596493,1.2354512111712648e-06,0.0009993255759278934,0.0018261857330799103
276,0,smooth_276,16,smooth_276/iter_16,120,150,56,1.3554920412900908e-06,0.0009329213451763606,0.0026220792544297683,1.9658655377707736e-06,0.0011736220414085047,0.0033170655369758606
276,0,smooth_276,16,smooth_276/iter_16,150,180,41,8.273768778529482e-06,0.0016952745895057783,0.011782927275187843,2.195534118229959e-06,0.0012114980249529387,0.004075458273291588
276,0,smooth_276,16,smooth_276/iter_16,180,210,41,8.273768778529482e-06,0.0016952745895057778,0.011782927275187843,2.8314921594457366e-06,0.0013270154382420203,0.004405522719025612
276,0,smooth_276,16,smooth_276/iter_16,210,240,56,1.3554920412900908e-06,0.0009329213451763606,0.0026220792544297683,1.568016873056802e-06,0.0009281439706683159,0.0032312795519828796
276,0,smooth_276,16,smooth_276/iter_16,240,270,54,1.6878165731224435e-06,0.0009922122893982355,0.003231156171596493,4.318973299120894e-07,0.0005208470479205802,0.0017469897866249084
276,0,smooth_276,16,smooth_276/iter_16,270,300,36,7.100636110052165e-06,0.0013623663637417985,0.009723032284334465,1.599791476482009e-06,0.001065601749966542,0.002863459289073944
276,0,smooth_276,16,smooth_276/iter_16,300,330,42,4.495153714579503e-06,0.0010690246718477235,0.008247984807169331,2.0328117138442922e-06,0.0011515943582967988,0.0031552016735076904
276,0,smooth_276,16,smooth_276/iter_16,330,360,53,1.7689671779189373e-06,0.0010443687156850658,0.003580707879155834,1.176915808150823e-06,0.0009180135532932461,0.0029334984719753265
276,0,smooth_276,17,smooth_276/iter_17,0,30,53,1.7672926310961817e-06,0.0010436849949248476,0.0035947865168035054,1.0369093945397435e-06,0.0008385398618455203,0.0026768483221530914
276,0,smooth_276,17,smooth_276/iter_17,30,60,42,4.5290297713415e-06,0.0010675548854112292,0.008338939755080474,2.0563644172605926e-06,0.0011801275762818044,0.0028542056679725647
276,0,smooth_276,17,smooth_276/iter_17,60,90,36,7.249381665757776e-06,0.0013682266979239488,0.009806583848641401,1.2857015401584188e-06,0.000986062468857401,0.002472013235092163
276,0,smooth_276,17,smooth_276/iter_17,90,120,54,1.6940880890925124e-06,0.0009921670715367702,0.003242302988445696,1.0851629605187424e-06,0.0009404627123364696,0.0017575770616531372
276,0,smooth_276,17,smooth_276/iter_17,120,150,56,1.3584910471544794e-06,0.0009332731312663553,0.002632559519558174,1.6491199990647108e-06,0.0010869499362472976,0.003016192466020584
276,0,smooth_276,17,smooth_276/iter_17,150,180,41,8.374098360182924e-06,0.001687904564628441,0.011913685560949475,1.8937466783975044e-06,0.0011333847069181502,0.0037719309329986572
276,0,smooth_276,17,smooth_276/iter_17,180,210,41,8.374098360182922e-06,0.001687904564628441,0.011913685560949475,2.4672683740716276e-06,0.001250416427998372,0.00410909578204155
276,0,smooth_276,17,smooth_276/iter_17,210,240,56,1.3584910471544794e-06,0.0009332731312663553,0.002632559519558174,1.265228405786022e-06,0.000842333904334477,0.0029450170695781708
276,0,smooth_276,17,smooth_276/iter_17,240,270,54,1.6940880890925126e-06,0.0009921670715367702,0.003242302988445696,3.375209813164176e-07,0.00046518044891180816,0.0015623196959495544
276,0,smooth_276,17,smooth_276/iter_17,270,300,36,7.249381665757776e-06,0.0013682266979239488,0.009806583848641401,1.3861379571771553e-06,0.0009812778379354212,0.002749048173427582
276,0,smooth_276,17,smooth_276/iter_17,300,330,42,4.5290297713415e-06,0.0010675548854112294,0.008338939755080474,1.695235725271716e-06,0.001045403517006586,0.0029492974281311035
276,0,smooth_276,17,smooth_276/iter_17,330,360,53,1.7672926310961817e-06,0.0010436849949248476,0.0035947865168035054,1.0295608518619454e-06,0.000870498002700086,0.002608463168144226
276,0,smooth_276,18,smooth_276/iter_18,0,30,53,1.7653112924143716e-06,0.0010427470766896211,0.0036063261580546874,9.075858520736187e-07,0.0007951466612658411,0.0024144910275936127
276,0,smooth_276,18,smooth_276/iter_18,30,60,42,4.551903569572287e-06,0.0010667152432682324,0.008414431672369022,1.7521620645165785e-06,0.0010798556890915193,0.002712659537792206
276,0,smooth_276,18,smooth_276/iter_18,60,90,36,7.374797390453919e-06,0.0013744874155556838,0.009941037488224252,1.1199007736158542e-06,0.0009135056623361177,0.0023543983697891235
276,0,smooth_276,18,smooth_276/iter_18,90,120,54,1.6992758507333497e-06,0.0009921298017985703,0.003251591632883598,9.737368102575959e-07,0.0008921436620531258,0.0017637573182582855
276,0,smooth_276,18,smooth_276/iter_18,120,150,56,1.3611802651401669e-06,0.0009336232985794444,0.00264117390434946,1.4213608495528913e-06,0.0010184663281376874,0.0027721188962459564
276,0,smooth_276,18,smooth_276/iter_18,150,180,41,8.452919890619782e-06,0.0016795077257809742,0.012020604212809927,1.6726190925030676e-06,0.0010690544178232368,0.003524031490087509
276,0,smooth_276,18,smooth_276/iter_18,180,210,41,8.452919890619782e-06,0.0016795077257809737,0.012020604212809927,2.1931213872383445e-06,0.0011861679362837317,0.0038666296750307083
276,0,smooth_276,18,smooth_276/iter_18,210,240,56,1.3611802651401669e-06,0.0009336232985794444,0.00264117390434946,1.0497916673067871e-06,0.0007726330908813647,0.002712264657020569
276,0,smooth_276,18,smooth_276/iter_18,240,270,54,1.69927585073335e-06,0.0009921298017985703,0.003251591632883598,2.7339925825136143e-07,0.00042179009566704434,0.0014109686017036438
276,0,smooth_276,18,smooth_276/iter_18,270,300,36,7.374797390453921e-06,0.0013744874155556834,0.009941037488224252,1.2321438019826522e-06,0.0009112860878101654,0.0026506781578063965
276,0,smooth_276,18,smooth_276/iter_18,300,330,42,4.551903569572287e-06,0.0010667152432682324,0.008414431672369022,1.4616935364072803e-06,0.000960508652497083,0.002777479588985443
276,0,smooth_276,18,smooth_276/iter_18,330,360,53,1.7653112924143719e-06,0.0010427470766896211,0.0036063261580546874,9.240973628806884e-07,0.0008313494541172711,0.0023381970822811127
276,0,smooth_276,19,smooth_276/iter_19,0,30,53,1.7629474137319665e-06,0.001041561406850013,0.0036158640182465673,8.123487308342343e-07,0.0007600318289028024,0.0021949298679828644
276,0,smooth_276,19,smooth_276/iter_19,30,60,42,4.56629837554745e-06,0.0010657990156312763,0.008477195778121394,1.5321372650561527e-06,0.001003001273299257,0.0026923418045043945
276,0,smooth_276,19,smooth_276/iter_19,60,90,36,7.480843917512715e-06,0.0013797188423211512,0.010074545522175904,9.998213918793686e-07,0.0008524368232530025,0.002261042594909668
276,0,smooth_276,19,smooth_276/iter_19,90,120,54,1.7034636911508953e-06,0.000992066669888177,0.0032591185204740997,8.901771130937856e-07,0.0008523199293348524,0.0017687603831291199
276,0,smooth_276,19,smooth_276/iter_19,120,150,56,1.3634505425618385e-06,0.0009339345649354035,0.002648198872300861,1.2552804553008293e-06,0.0009660168018724237,0.0025740303099155426
276,0,smooth_276,19,smooth_276/iter_19,150,180,41,8.514131211504584e-06,0.001670454375809553,0.01210808901596544,1.5060571951409591e-06,0.0010152848724207682,0.00332031212747097
276,0,smooth_276,19,smooth_276/iter_19,180,210,41,8.514131211504584e-06,0.001670454375809553,0.01210808901596544,1.9822144352124242e-06,0.0011320316769387118,0.0036673247814178467
276,0,smooth_276,19,smooth_276/iter_19,210,240,56,1.3634505425618385e-06,0.0009339345649354035,0.002648198872300861,8.948655076982928e-07,0.0007200322912207671,0.0025224685668945312
276,0,smooth_276,19,smooth_276/iter_19,240,270,54,1.703463691150895e-06,0.000992066669888177,0.0032591185204740997,2.295712038495832e-07,0.00039141725196882533,0.0012862905859947205
276,0,smooth_276,19,smooth_276/iter_19,270,300,36,7.480843917512717e-06,0.0013797188423211515,0.010074545522175904,1.119653748834172e-06,0.0008532294046340717,0.0025659725069999695
276,0,smooth_276,19,smooth_276/iter_19,300,330,42,4.56629837554745e-06,0.0010657990156312765,0.008477195778121394,1.296407656383321e-06,0.0008978620393290406,0.0026381537318229675
276,0,smooth_276,19,smooth_276/iter_19,330,360,53,1.7629474137319665e-06,0.001041561406850013,0.0036158640182465673,8.490767793045093e-07,0.0008000058455849594,0.0021123401820659637
276,0,smooth_276,20,smooth_276/iter_20,0,30,53,1.7602665585528192e-06,0.001040183684466701,0.003623665442539517,7.414246925306727e-07,0.0007333447980993198,0.002010934054851532
276,0,smooth_276,20,smooth_276/iter_20,30,60,42,4.575065861972016e-06,0.0010646609252244125,0.00852979525210644,1.3700299001043604e-06,0.000939066954223173,0.0026668012142181396
276,0,smooth_276,20,smooth_276/iter_20,60,90,36,7.570505425304865e-06,0.0013840361724901723,0.010186661330655822,9.140346607333295e-07,0.0008033954460794727,0.002187587320804596
276,0,smooth_276,20,smooth_276/iter_20,90,120,54,1.7068874516207845e-06,0.000991993315537117,0.003265180902756473,8.262343289581182e-07,0.0008193703230332445,0.0017730221152305603
276,0,smooth_276,20,smooth_276/iter_20,120,150,56,1.3653360415337073e-06,0.0009342039950555275,0.0026537679303710385,1.1337594933002941e-06,0.0009240815083363227,0.0024126507341861725
276,0,smooth_276,20,smooth_276/iter_20,150,180,41,8.56083176724062e-06,0.0016609813133815765,0.012179737954344752,1.3788181457260888e-06,0.0009702932694358979,0.003152608871459961
276,0,smooth_276,20,smooth_276/iter_20,180,210,41,8.560831767240622e-06,0.0016609813133815765,0.012179737954344752,1.8148942457272493e-06,0.001087891325502225,0.0035029035061597824
276,0,smooth_276,20,smooth_276/iter_20,210,240,56,1.365336041533707e-06,0.0009342039950555275,0.0026537679303710385,7.821250843014384e-07,0.0006781555712223053,0.0023678764700889587
276,0,smooth_276,20,smooth_276/iter_20,240,270,54,1.7068874516207856e-06,0.0009919933155371169,0.003265180902756473,1.9953132948675496e-07,0.0003689549242456754,0.001182902604341507
276,0,smooth_276,20,smooth_276/iter_20,270,300,36,7.570505425304868e-06,0.0013840361724901723,0.010186661330655822,1.035191783000779e-06,0.0008069547669341167,0.0024932101368904114
276,0,smooth_276,20,smooth_276/iter_20,300,330,42,4.575065861972016e-06,0.0010646609252244125,0.00852979525210644,1.1777150496841564e-06,0.000846581444853828,0.002581380307674408
276,0,smooth_276,20,smooth_276/iter_20,330,360,53,1.7602665585528196e-06,0.0010401836844667015,0.003623665442539517,7.937160726338213e-07,0.0007743948613697628,0.0019228197634220123
276,1,acute_276,1,acute_276/iter_1,0,30,67,6.460047333424961e-07,0.0006040911152528067,0.002182799750122047,0.0006537266438686064,0.018175804598340346,0.06297288462519646
276,1,acute_276,1,acute_276/iter_1,30,60,50,8.685660479344981e-05,0.004453903644671892,0.034148146105533406,0.008864254894425274,0.08022661003749817,0.19980925880372524
276,1,acute_276,1,acute_276/iter_1,60,90,47,6.891632227072942e-05,0.005354484056924445,0.02854825639969688,0.0043207640420516984,0.054782109962809744,0.139143206179142
276,1,acute_276,1,acute_276/iter_1,90,120,64,3.7842464613874955e-06,0.00146901859732708,0.0053019443759557625,0.0003198144998417822,0.013537686834752094,0.05093546770513058
276,1,acute_276,1,acute_276/iter_1,120,150,67,1.2667121178660178e-06,0.0009338151189593564,0.0031912491977928656,0.00040474263226486414,0.015341757174664692,0.04641205444931984
276,1,acute_276,1,acute_276/iter_1,150,180,41,8.55238732919176e-05,0.006945316471754863,0.031561953634825446,0.004794407844568645,0.05613205758088109,0.1572506707161665
276,1,acute_276,1,acute_276/iter_1,180,210,43,8.388685645254674e-05,0.006900355239198284,0.031561953634825446,0.0060319874670619325,0.06351560597486663,0.21548497676849365
276,1,acute_276,1,acute_276/iter_1,210,240,67,1.2667121178660178e-06,0.0009338151189593564,0.0031912491977928656,0.0005444232486294534,0.017677358115342125,0.05800948664546013
276,1,acute_276,1,acute_276/iter_1,240,270,64,3.7842464613874955e-06,0.00146901859732708,0.0053019443759557625,0.00030756904344988426,0.013011831952098873,0.04266771487891674
276,1,acute_276,1,acute_276/iter_1,270,300,47,6.891632227072942e-05,0.005354484056924445,0.02854825639969688,0.004155250898210945,0.05362829264173497,0.14599274843931198
276,1,acute_276,1,acute_276/iter_1,300,330,50,8.685660479344983e-05,0.004453903644671892,0.034148146105533406,0.00683108306993545,0.07099889685865492,0.20286316238343716
276,1,acute_276,1,acute_276/iter_1,330,360,65,5.927250567943803e-07,0.0005886338425228465,0.002182799750122047,0.0007330513492984265,0.018927235926429812,0.06965776905417442
276,1,acute_276,2,acute_276/iter_2,0,30,67,1.3057710055966422e-06,0.0008900366421480287,0.0026502916083638965,0.0008070318240453681,0.01902509249969205,0.07622768543660641
276,1,acute_276,2,acute_276/iter_2,30,60,50,7.962230067313657e-05,0.004573349334732648,0.03400219797459758,0.006877702345227674,0.07127134393434971,0.18092051334679127
276,1,acute_276,2,acute_276/iter_2,60,90,47,7.080694653217935e-05,0.005722744484377608,0.035042238433547424,0.003581620047152239,0.050568227033085,0.12179607525467873
276,1,acute_276,2,acute_276/iter_2,90,120,64,2.8739203821671647e-06,0.0013284508692920326,0.00556731010033568,0.00027990233926005294,0.011406121193431318,0.057835256680846214
276,1,acute_276,2,acute_276/iter_2,120,150,67,1.5363497522052332e-06,0.0010440733633036953,0.003558513774771375,0.0005159810071323299,0.01633767714487639,0.05646438151597977
276,1,acute_276,2,acute_276/iter_2,150,180,41,7.661035870434262e-05,0.0057673917519837315,0.03782421019377158,0.003484950997741177,0.04917343935457899,0.12598117999732494
276,1,acute_276,2,acute_276/iter_2,180,210,43,8.597980083822214e-05,0.0061720515381020425,0.03782421019377158,0.0037564390180162754,0.052549733824995455,0.1438675820827484
276,1,acute_276,2,acute_276/iter_2,210,240,67,1.5363497522052332e-06,0.0010440733633036953,0.003558513774771375,0.0006223729051400626,0.01749401176939093,0.06285648792982101
276,1,acute_276,2,acute_276/iter_2,240,270,64,2.8739203821671647e-06,0.0013284508692920326,0.00556731010033568,0.0003122678309361622,0.011954541580053046,0.048443978652358055
276,1,acute_276,2,acute_276/iter_2,270,300,47,7.080694653217938e-05,0.0057227444843776076,0.035042238433547424,0.0030723715063595267,0.04750155536021339,0.10734673216938972
276,1,acute_276,2,acute_276/iter_2,300,330,50,7.962230067313657e-05,0.004573349334732648,0.03400219797459758,0.005426553743502392,0.06520830818917603,0.15430407412350178
276,1,acute_276,2,acute_276/iter_2,330,360,65,1.249802432566544e-06,0.000878296087392731,0.0026502916083638965,0.0008502339884375014,0.019440357258113532,0.0812724120914936
276,1,acute_276,3,acute_276/iter_3,0,30,67,2.052539631119844e-06,0.0011736767591324596,0.0030146231294177622,0.0006816116186666203,0.01713420656412395,0.07225320860743523
276,1,acute_276,3,acute_276/iter_3,30,60,50,7.981782878514328e-05,0.0048304369162998064,0.033886202393124676,0.004549804255410053,0.058944794605486094,0.15398444421589375
276,1,acute_276,3,acute_276/iter_3,60,90,47,8.056458592582435e-05,0.006074399023190083,0.04095749448857361,0.0026304916160466408,0.04309304259786199,0.11072241887450218
276,1,acute_276,3,acute_276/iter_3,90,120,64,1.5659611883246463e-06,0.001008024886839856,0.003955900929601127,0.00022329453759196494,0.009932629080140032,0.05210784636437893
276,1,acute_276,3,acute_276/iter_3,120,150,67,1.6962158392413188e-06,0.0010936859383206643,0.0032659341101085003,0.0004437633262317798,0.014881012933467752,0.05475988797843456
276,1,acute_276,3,acute_276/iter_3,150,180,41,7.273948009321203e-05,0.004483324238817915,0.043540872781879125,0.0020421716924044183,0.038025780607912146,0.08216035924851894
276,1,acute_276,3,acute_276/iter_3,180,210,43,0.00010316143059954743,0.005233298005182413,0.043540872781879125,0.0022830364429079673,0.04102678385124607,0.10104158520698547
276,1,acute_276,3,acute_276/iter_3,210,240,67,1.696215839241319e-06,0.0010936859383206643,0.0032659341101085003,0.0004998741508640867,0.015445593980822101,0.05721289478242397
276,1,acute_276,3,acute_276/iter_3,240,270,64,1.5659611883246463e-06,0.001008024886839856,0.003955900929601127,0.00025266757621821234,0.01062398825888522,0.04661556892096996
276,1,acute_276,3,acute_276/iter_3,270,300,47,8.056458592582435e-05,0.006074399023190083,0.04095749448857361,0.0021252698192778348,0.03994040330980305,0.09204630181193352
276,1,acute_276,3,acute_276/iter_3,300,330,50,7.981782878514328e-05,0.0048304369162998064,0.033886202393124676,0.003474911045865675,0.052374317361973226,0.13439342565834522
276,1,acute_276,3,acute_276/iter_3,330,360,65,1.9980981237279406e-06,0.0011664502143807294,0.0030146231294177622,0.0006690538936517041,0.017132529127411544,0.07592389360070229
276,1,acute_276,4,acute_276/iter_4,0,30,67,2.679408718360907e-06,0.0013517641747006195,0.0035043799906925924,0.0004706396340871525,0.014145305366324844,0.06222615763545036
276,1,acute_276,4,acute_276/iter_4,30,60,50,8.103655002824557e-05,0.004917936498287808,0.03698668270432803,0.0027512812745899497,0.04598470939090475,0.12196158803999424
276,1,acute_276,4,acute_276/iter_4,60,90,47,9.076971757098905e-05,0.006294996097814488,0.04588603745673642,0.0017768730541930778,0.03455011733975435,0.0962928794324398
276,1,acute_276,4,acute_276/iter_4,90,120,64,1.3600893457648937e-06,0.0009357747132016403,0.002644826112811083,0.00014152297279020664,0.007973081927048042,0.04207977466285229
276,1,acute_276,4,acute_276/iter_4,120,150,67,1.949739641641121e-06,0.0011281052353157937,0.003707341577424198,0.00030432235335920566,0.012163944820414729,0.04711436852812767
276,1,acute_276,4,acute_276/iter_4,150,180,41,7.810866220485965e-05,0.0039860468382203395,0.04851265009928135,0.0010858117687217457,0.027564482952229588,0.05525676906108856
276,1,acute_276,4,acute_276/iter_4,180,210,43,0.00013131663645262693,0.004969052794693078,0.049431820514645675,0.0013608627016390004,0.031240611208526982,0.07206594944000244
276,1,acute_276,4,acute_276/iter_4,210,240,67,1.949739641641121e-06,0.0011281052353157939,0.003707341577424198,0.000333825551136856,0.012527235952178155,0.05078461207449436
276,1,acute_276,4,acute_276/iter_4,240,270,64,1.3600893457648937e-06,0.0009357747132016403,0.002644826112811083,0.00017255822327698112,0.008776436457992531,0.03968747518956661
276,1,acute_276,4,acute_276/iter_4,270,300,47,9.076971757098904e-05,0.006294996097814489,0.04588603745673642,0.0013597952908660186,0.03180310900054966,0.07029393315315247
276,1,acute_276,4,acute_276/iter_4,300,330,50,8.103655002824554e-05,0.004917936498287808,0.03698668270432803,0.0019491884483684016,0.03919257087167352,0.1005184818059206
276,1,acute_276,4,acute_276/iter_4,330,360,65,2.6248982695782576e-06,0.0013465361270664283,0.0035043799906925924,0.00043314845113272016,0.0138079747163619,0.06193549558520317
276,1,acute_276,5,acute_276/iter_5,0,30,67,3.0550042233469076e-06,0.0014395013925444528,0.0037491304446175718,0.0002935752418832114,0.011251179821122049,0.04938918724656105
276,1,acute_276,5,acute_276/iter_5,30,60,50,8.235684667415694e-05,0.004862007710017856,0.03982258381341436,0.0015572739539325164,0.03463307864964008,0.09301726706326008
276,1,acute_276,5,acute_276/iter_5,60,90,47,9.722044237665383e-05,0.006287255337284286,0.04943696872001685,0.001019317850992311,0.026145695576021952,0.07723285630345345
276,1,acute_276,5,acute_276/iter_5,90,120,64,1.4866993924858378e-06,0.0010336498534346868,0.00279308821616351,7.446913312595642e-05,0.005991280821035616,0.03229035250842571
276,1,acute_276,5,acute_276/iter_5,120,150,67,2.092733251778985e-06,0.001165337014436219,0.004021336244569483,0.0001895458069914279,0.009489389150333939,0.03704105969518423
276,1,acute_276,5,acute_276/iter_5,150,180,41,8.562542204145484e-05,0.003682329398795887,0.05270225831982728,0.0005705034180583262,0.019713456224275346,0.04331877827644348
276,1,acute_276,5,acute_276/iter_5,180,210,43,0.00016040348581697323,0.00489129609435609,0.058183733815956595,0.0008125187663689239,0.023706951096036665,0.06053513288497925
276,1,acute_276,5,acute_276/iter_5,210,240,67,2.092733251778985e-06,0.001165337014436219,0.004021336244569483,0.00020353383065772952,0.009661166263229923,0.042894283309578896
276,1,acute_276,5,acute_276/iter_5,240,270,64,1.486699392485838e-06,0.0010336498534346868,0.00279308821616351,0.00010737404739502735,0.006928038390469737,0.031971609219908714
276,1,acute_276,5,acute_276/iter_5,270,300,47,9.722044237665384e-05,0.006287255337284286,0.04943696872001685,0.0008257866426232535,0.024618542967258922,0.05327330902218819
276,1,acute_276,5,acute_276/iter_5,300,330,50,8.235684667415694e-05,0.004862007710017857,0.03982258381341436,0.0010357995060690378,0.028430559374392032,0.07260231114923954
276,1,acute_276,5,acute_276/iter_5,330,360,65,2.9949787543528675e-06,0.001434102938955161,0.0037491304446175718,0.00025659331802288884,0.010675976801520357,0.04671265557408333
276,1,acute_276,6,acute_276/iter_6,0,30,67,3.2301218855904394e-06,0.0014835297587663784,0.00395826590502673,0.00016993845393240605,0.00866360826341352,0.0359472818672657
276,1,acute_276,6,acute_276/iter_6,30,60,50,8.430074418403645e-05,0.004801972237595197,0.042226738940452535,0.0008776141953651182,0.025938124472741037,0.06933770515024662
276,1,acute_276,6,acute_276/iter_6,60,90,47,0.00010040089629778984,0.006187173316289252,0.05172511891790427,0.0005861669049966928,0.01974962617408737,0.06173190847039223
276,1,acute_276,6,acute_276/iter_6,90,120,64,1.5442974212574917e-06,0.001060818342857392,0.002916220758016917,4.375829417095796e-05,0.004669124318752438,0.02415662817656994
276,1,acute_276,6,acute_276/iter_6,120,150,67,2.123642903547872e-06,0.0011757134642907073,0.004088534274996867,0.00011031932055946465,0.007242860871978772,0.029210317879915237
276,1,acute_276,6,acute_276/iter_6,150,180,41,9.27501465198797e-05,0.003597040844210647,0.05616642936530508,0.0003038813060116264,0.014171156752570645,0.03366529941558838
276,1,acute_276,6,acute_276/iter_6,180,210,43,0.00018683247923607381,0.0050056647269325965,0.06498710974577165,0.0004864545974662363,0.017803218328058288,0.05508548021316528
276,1,acute_276,6,acute_276/iter_6,210,240,67,2.1236429035478725e-06,0.0011757134642907073,0.004088534274996867,0.00011352244814910793,0.00727425936831912,0.03177710808813572
276,1,acute_276,6,acute_276/iter_6,240,270,64,1.5442974212574917e-06,0.001060818342857392,0.002916220758016917,6.315051791177105e-05,0.005372186848035199,0.02445261739194393
276,1,acute_276,6,acute_276/iter_6,270,300,47,0.00010040089629778985,0.006187173316289252,0.05172511891790427,0.0004921930293765735,0.01888877764066181,0.04149662144482136
276,1,acute_276,6,acute_276/iter_6,300,330,50,8.430074418403643e-05,0.004801972237595197,0.042226738940452535,0.0005373631516347295,0.020332422319334,0.049726156517863274
276,1,acute_276,6,acute_276/iter_6,330,360,65,3.160684271853556e-06,0.0014771247087773988,0.00395826590502673,0.0001395293579656698,0.007936677008938905,0.03518085926771164
276,1,acute_276,7,acute_276/iter_7,0,30,67,3.2997728402459774e-06,0.0014970575915427189,0.004104722038748319,9.547424296056539e-05,0.006571569759746207,0.027882512658834457
276,1,acute_276,7,acute_276/iter_7,30,60,50,8.680289562957433e-05,0.004753329396181862,0.04425686563660908,0.000494794839364097,0.01932667575776577,0.052614735439419746
276,1,acute_276,7,acute_276/iter_7,60,90,47,0.00010189292272384042,0.006071600822473773,0.05318151605329546,0.0003458646188612454,0.014893132909492124,0.05003679543733597
276,1,acute_276,7,acute_276/iter_7,90,120,64,1.5286039506288919e-06,0.0010481858077218144,0.0030178685449163897,2.6998448890971623e-05,0.003746390255400911,0.017603253945708275
276,1,acute_276,7,acute_276/iter_7,120,150,67,2.111047844905661e-06,0.0011795063296048333,0.003995795659242483,6.413812887780734e-05,0.005529205231413023,0.0230419859290123
276,1,acute_276,7,acute_276/iter_7,150,180,41,9.910382993093763e-05,0.0035035426787880315,0.05900500878686066,0.0001646472805413301,0.010302266539017692,0.026204615831375122
276,1,acute_276,7,acute_276/iter_7,180,210,43,0.0002099476633561754,0.005071520060221441,0.07034036131761817,0.0002894662375179221,0.013310315990333207,0.05031555891036987
276,1,acute_276,7,acute_276/iter_7,210,240,67,2.111047844905661e-06,0.0011795063296048333,0.003995795659242483,6.164622518680517e-05,0.005454131513277986,0.0207579443231225
276,1,acute_276,7,acute_276/iter_7,240,270,64,1.5286039506288917e-06,0.0010481858077218144,0.0030178685449163897,3.527329625816836e-05,0.004105503234313801,0.018428077921271324
276,1,acute_276,7,acute_276/iter_7,270,300,47,0.00010189292272384042,0.006071600822473775,0.05318151605329546,0.00029381874697700716,0.014367798396399829,0.032324385829269886
276,1,acute_276,7,acute_276/iter_7,300,330,50,8.680289562957433e-05,0.004753329396181862,0.04425686563660908,0.00029894119356236253,0.01488823854830116,0.036653706803917885
276,1,acute_276,7,acute_276/iter_7,330,360,65,3.2198183091361384e-06,0.001489130044995814,0.004104722038748319,6.931245687121163e-05,0.00566802338625376,0.02593470737338066
276,1,acute_276,8,acute_276/iter_8,0,30,67,3.3241101346030203e-06,0.0014947737662157085,0.004179709626157189,5.296915268235507e-05,0.005032471575732551,0.021787919104099274
276,1,acute_276,8,acute_276/iter_8,30,60,50,8.949239490727174e-05,0.004715546246252773,0.045971981935349626,0.00027644238643613153,0.014043340012431144,0.04100463725626469
276,1,acute_276,8,acute_276/iter_8,60,90,47,0.00010272033214979529,0.005960647823040651,0.05417686728599258,0.00020642503860966087,0.011432941875295427,0.04004373401403427
276,1,acute_276,8,acute_276/iter_8,90,120,64,1.5009365594535176e-06,0.0010290632741726481,0.0031012321132769596,1.730897763370376e-05,0.003040992363821715,0.01329370029270649
276,1,acute_276,8,acute_276/iter_8,120,150,67,2.0895633989109427e-06,0.0011827277968991933,0.0038621934621369466,3.7602963086136127e-05,0.004247210475046243,0.018404889851808548
276,1,acute_276,8,acute_276/iter_8,150,180,41,0.00010473089616334488,0.0034031400994905727,0.061322853636014585,9.274245844121743e-05,0.007658418090502936,0.02063228189945221
276,1,acute_276,8,acute_276/iter_8,180,210,43,0.00022986012472428634,0.005099422255696822,0.07458828555890468,0.0001781887558151218,0.01023399384372846,0.04619312286376953
276,1,acute_276,8,acute_276/iter_8,210,240,67,2.0895633989109427e-06,0.001182727796899193,0.0038621934621369466,3.5554828919484836e-05,0.004172387769195571,0.016183126717805862
276,1,acute_276,8,acute_276/iter_8,240,270,64,1.5009365594535176e-06,0.0010290632741726481,0.0031012321132769596,2.0484210856582346e-05,0.0031583618401782587,0.014146631583571434
276,1,acute_276,8,acute_276/iter_8,270,300,47,0.00010272033214979529,0.005960647823040652,0.05417686728599258,0.00018566286761964224,0.011155918325846172,0.02621256047859788
276,1,acute_276,8,acute_276/iter_8,300,330,50,8.949239490727174e-05,0.0047155462462527735,0.045971981935349626,0.00018031685312464653,0.011198822429869325,0.02930256724357605
276,1,acute_276,8,acute_276/iter_8,330,360,65,3.2341677179686656e-06,0.001485184279556577,0.004179709626157189,3.723851163980871e-05,0.004188257627762281,0.01910797506570816
276,1,acute_276,9,acute_276/iter_9,0,30,67,3.3293855755975967e-06,0.0014840431662080022,0.0042188730541334075,3.0288894273672575e-05,0.0038575513649787476,0.017002254724502563
276,1,acute_276,9,acute_276/iter_9,30,60,50,9.213755266385277e-05,0.004689392819331129,0.047425133892986415,0.00016363804393720015,0.010498807688709349,0.02984349336475134
276,1,acute_276,9,acute_276/iter_9,60,90,47,0.00010327385740159726,0.005858755240269994,0.05490908388316734,0.00011336470732424221,0.008809196303426437,0.023356803692877293
276,1,acute_276,9,acute_276/iter_9,90,120,64,1.4867957806375139e-06,0.001010836617105919,0.0031694037463286875,1.1413090248164458e-05,0.0024706145632080734,0.010697653517127037
276,1,acute_276,9,acute_276/iter_9,120,150,67,2.0661473185096846e-06,0.0011825436323778867,0.0037229154202640564,2.3274545847286012e-05,0.003348979459547285,0.01464477926492691
276,1,acute_276,9,acute_276/iter_9,150,180,41,0.00010964126936998314,0.0033450209910181558,0.06321440752959617,5.434695857284669e-05,0.005845131652100329,0.017258957028388977
276,1,acute_276,9,acute_276/iter_9,180,210,43,0.00024679648088992903,0.005143216948330494,0.07797781474511306,0.00011517652938302207,0.007935301123219433,0.04267847537994385
276,1,acute_276,9,acute_276/iter_9,210,240,67,2.066147318509684e-06,0.0011825436323778867,0.0037229154202640564,2.2077562673570164e-05,0.0032804352578832143,0.012799374759197235
276,1,acute_276,9,acute_276/iter_9,240,270,64,1.4867957806375137e-06,0.001010836617105919,0.0031694037463286875,1.2091670549371552e-05,0.0024348427541553974,0.011024786159396172
276,1,acute_276,9,acute_276/iter_9,270,300,47,0.00010327385740159724,0.005858755240269996,0.05490908388316734,0.0001258497919333959,0.009108840236644647,0.022596150636672974
276,1,acute_276,9,acute_276/iter_9,300,330,50,9.213755266385275e-05,0.004689392819331129,0.047425133892986415,0.0001222608289592194,0.008861694640945644,0.028328195214271545
276,1,acute_276,9,acute_276/iter_9,330,360,65,3.230565404169783e-06,0.0014728175876322022,0.0042188730541334075,2.2470215676973365e-05,0.0032591620889993816,0.015460599213838577
276,1,acute_276,10,acute_276/iter_10,0,30,67,3.3257465642168838e-06,0.0014690746699022289,0.004238205803075334,1.7920564209802574e-05,0.002940583306906828,0.013683628290891647
276,1,acute_276,10,acute_276/iter_10,30,60,50,9.463715403376787e-05,0.0046963584726512865,0.0486616677583836,0.00010608368076081046,0.008273028358817101,0.02693609893321991
276,1,acute_276,10,acute_276/iter_10,60,90,47,0.00010364973209244027,0.005780288983536709,0.05546702291387329,8.246512656920423e-05,0.007587146560291195,0.018426899914629757
276,1,acute_276,10,acute_276/iter_10,90,120,64,1.485736093150796e-06,0.000997332422556947,0.0032249569776736514,7.358496673158554e-06,0.0019858361629303545,0.008677611127495766
276,1,acute_276,10,acute_276/iter_10,120,150,67,2.041068234073234e-06,0.001179530872052831,0.0035876145609498485,1.5041952437116734e-05,0.0027064592925025457,0.011693842709064484
276,1,acute_276,10,acute_276/iter_10,150,180,41,0.0001138565943032314,0.003299682381797074,0.06475774757960018,3.370435231721843e-05,0.004573780661392048,0.014807060360908508
276,1,acute_276,10,acute_276/iter_10,180,210,43,0.000261054926450486,0.005180026308314147,0.08069413632561317,8.050823003480037e-05,0.0062508897809853215,0.04073876142501831
276,1,acute_276,10,acute_276/iter_10,210,240,67,2.0410682340732345e-06,0.0011795308720528308,0.0035876145609498485,1.4410225139024176e-05,0.0026403286341410964,0.010494481772184372
276,1,acute_276,10,acute_276/iter_10,240,270,64,1.485736093150796e-06,0.000997332422556947,0.0032249569776736514,7.253457283816261e-06,0.001900398259749636,0.008689364418387413
276,1,acute_276,10,acute_276/iter_10,270,300,47,0.00010364973209244026,0.005780288983536708,0.05546702291387329,9.147025599338607e-05,0.0077853597481697895,0.023191869258880615
276,1,acute_276,10,acute_276/iter_10,300,330,50,9.463715403376787e-05,0.004696358472651286,0.0486616677583836,9.05142367162497e-05,0.007396098473109305,0.02783942222595215
276,1,acute_276,10,acute_276/iter_10,330,360,65,3.2192581868404815e-06,0.0014563193078553833,0.004238205803075334,1.490576732078212e-05,0.0026283175899432256,0.013466104865074158
276,1,acute_276,11,acute_276/iter_11,0,30,67,3.318787926353016e-06,0.0014574500570344788,0.004245858937798819,1.1238831642661932e-05,0.0022767798335694557,0.011689353734254837
276,1,acute_276,11,acute_276/iter_11,30,60,50,9.694233841501007e-05,0.0047222340780963545,0.049718765781258834,7.680637711023355e-05,0.006809866935946048,0.027421846985816956
276,1,acute_276,11,acute_276/iter_11,60,90,47,0.0001038690611741847,0.005703722837057219,0.05589453609192546,6.445281157122876e-05,0.006718023396697777,0.01606295257806778
276,1,acute_276,11,acute_276/iter_11,90,120,64,1.4918363922851186e-06,0.0009888237904719982,0.003270376764322229,4.777631026706987e-06,0.0016076366882771254,0.007176956161856651
276,1,acute_276,11,acute_276/iter_11,120,150,67,2.0147411239959047e-06,0.0011748507512331305,0.003459040559027876,9.972101216228689e-06,0.0022236707606422368,0.009432032704353333
276,1,acute_276,11,acute_276/iter_11,150,180,41,0.00011743136864669228,0.003264772830161995,0.06601625805480243,2.2629738649346057e-05,0.003696913832355654,0.012907251715660095
276,1,acute_276,11,acute_276/iter_11,180,210,43,0.0002729709998847879,0.005211539626994532,0.08287864440771125,6.20339081405185e-05,0.005002527046937842,0.03924015164375305
276,1,acute_276,11,acute_276/iter_11,210,240,67,2.0147411239959047e-06,0.0011748507512331305,0.003459040559027876,9.716606539224728e-06,0.002163309270321433,0.008749410510063171
276,1,acute_276,11,acute_276/iter_11,240,270,64,1.4918363922851186e-06,0.0009888237904719982,0.003270376764322229,4.593221701179226e-06,0.0015216952888295054,0.0068810004740953445
276,1,acute_276,11,acute_276/iter_11,270,300,47,0.00010386906117418473,0.00570372283705722,0.05589453609192546,7.204525023529867e-05,0.006840134803806382,0.02357497811317444
276,1,acute_276,11,acute_276/iter_11,300,330,50,9.69423384150101e-05,0.004722234078096355,0.049718765781258834,7.12828152832038e-05,0.006386197996325791,0.02755841612815857
276,1,acute_276,11,acute_276/iter_11,330,360,65,3.205780678109404e-06,0.0014434595950350358,0.004245858937798819,1.034655393279303e-05,0.0021826626303104255,0.011906806379556656
276,1,acute_276,12,acute_276/iter_12,0,30,67,3.3127667351239955e-06,0.0014487724682927237,0.00424653798948136,7.624702845879467e-06,0.0018366000323153254,0.010157428681850433
276,1,acute_276,12,acute_276/iter_12,30,60,50,9.90375187598285e-05,0.004743690899243799,0.0506274825725031,6.103039188187524e-05,0.005788968713022769,0.027603566646575928
276,1,acute_276,12,acute_276/iter_12,60,90,47,0.00010395280924218495,0.005635317937585875,0.056220227570953574,5.3602743304656784e-05,0.006059556338902652,0.015619315207004547
276,1,acute_276,12,acute_276/iter_12,90,120,64,1.5009309912922187e-06,0.0009841144489783663,0.0033074378270712065,3.157893828082889e-06,0.0013114658067934215,0.006196340546011925
276,1,acute_276,12,acute_276/iter_12,120,150,67,1.9882257526119683e-06,0.001169363398189406,0.003337611532337907,6.7973796027986985e-06,0.0018631408630467173,0.007602013647556305
276,1,acute_276,12,acute_276/iter_12,150,180,41,0.00012043398783438127,0.003237962776273456,0.06704173832427732,1.583810915811198e-05,0.003027690984819811,0.011634647846221924
276,1,acute_276,12,acute_276/iter_12,180,210,43,0.0002828741123300741,0.005238590998222671,0.08464024693331601,5.279059603018276e-05,0.004191914011540195,0.037982165813446045
276,1,acute_276,12,acute_276/iter_12,210,240,67,1.9882257526119687e-06,0.001169363398189406,0.003337611532337907,6.799100193894862e-06,0.0018298835007112418,0.007415320724248886
276,1,acute_276,12,acute_276/iter_12,240,270,64,1.5009309912922187e-06,0.0009841144489783663,0.0033074378270712065,3.0536552373968784e-06,0.0012493950489442796,0.005420750007033348
276,1,acute_276,12,acute_276/iter_12,270,300,47,0.00010395280924218499,0.0056353179375858735,0.056220227570953574,6.0718673470329435e-05,0.006174628106546539,0.023830890655517578
276,1,acute_276,12,acute_276/iter_12,300,330,50,9.90375187598285e-05,0.0047436908992438,0.0506274825725031,5.9433691838925075e-05,0.005628133236896247,0.02749215066432953
276,1,acute_276,12,acute_276/iter_12,330,360,65,3.1943433204311212e-06,0.0014337968063836371,0.00424653798948136,7.54730085879429e-06,0.0018450747029139444,0.010674376040697098
276,1,acute_276,13,acute_276/iter_13,0,30,67,3.3087781193246414e-06,0.0014409960097019026,0.004242922038760234,5.574650011478102e-06,0.0015877296786699722,0.008953742682933807
276,1,acute_276,13,acute_276/iter_13,30,60,50,0.00010092653794474009,0.004759618359676471,0.0514129981112898,5.2742610310753816e-05,0.005183912017382681,0.02780848741531372
276,1,acute_276,13,acute_276/iter_13,60,90,47,0.00010392574371251627,0.005581797568758626,0.0564657514527111,4.671062511888134e-05,0.0055862538743469406,0.015310704708099365
276,1,acute_276,13,acute_276/iter_13,90,120,64,1.510749780904982e-06,0.000981926695858715,0.0033377006902759326,2.107290832558176e-06,0.0010794632544275373,0.005206914618611336
276,1,acute_276,13,acute_276/iter_13,120,150,67,1.9623358273718922e-06,0.0011635619588567815,0.00322343380702066,4.799448698413399e-06,0.0015869757799959895,0.006146516650915146
276,1,acute_276,13,acute_276/iter_13,150,180,41,0.00012293654241097793,0.0032212846923293705,0.06787657649075837,1.1761018849405624e-05,0.002515360407769771,0.010884292423725128
276,1,acute_276,13,acute_276/iter_13,180,210,43,0.0002910685586320114,0.005265520585656335,0.08606379096923994,4.791825255866786e-05,0.003808688178799267,0.03693071007728577
276,1,acute_276,13,acute_276/iter_13,210,240,67,1.9623358273718922e-06,0.0011635619588567815,0.00322343380702066,4.928679211108864e-06,0.0015779587704299102,0.006380479782819748
276,1,acute_276,13,acute_276/iter_13,240,270,64,1.5107497809049818e-06,0.000981926695858715,0.0033377006902759326,2.1106646682781988e-06,0.0010387174261268228,0.0045897942036390305
276,1,acute_276,13,acute_276/iter_13,270,300,47,0.00010392574371251627,0.005581797568758626,0.0564657514527111,5.377797144915957e-05,0.005717753461330505,0.02399614453315735
276,1,acute_276,13,acute_276/iter_13,300,330,50,0.0001009265379447401,0.004759618359676471,0.0514129981112898,5.210069126711104e-05,0.005046660143416375,0.0276186466217041
276,1,acute_276,13,acute_276/iter_13,330,360,65,3.1859054125522574e-06,0.0014251934730946322,0.004242922038760234,5.767111802694618e-06,0.0015874683570403318,0.009665105491876602
276,1,acute_276,14,acute_276/iter_14,0,30,67,3.306038539945016e-06,0.001434426429817791,0.004236643988031613,4.232848299087383e-06,0.0013911296794218804,0.007980387657880783
276,1,acute_276,14,acute_276/iter_14,30,60,50,0.00010262530217242643,0.004772165599973618,0.05209632791515151,4.794724115274523e-05,0.0047773338737897575,0.02800355851650238
276,1,acute_276,14,acute_276/iter_14,60,90,47,0.0001038109799162578,0.005532458571868698,0.05664760944768277,4.2259683439565686e-05,0.005259584158843512,0.015039682388305664
276,1,acute_276,14,acute_276/iter_14,90,120,64,1.5202387323049973e-06,0.000981282944250103,0.003362484827205199,1.4266950867283107e-06,0.0009022686281241477,0.004254614934325218
276,1,acute_276,14,acute_276/iter_14,120,150,67,1.9374987561848546e-06,0.0011587365513481805,0.003116277514755749,3.4906091847281205e-06,0.0013721574709486606,0.005114847794175148
276,1,acute_276,14,acute_276/iter_14,150,180,41,0.00012500602372994183,0.0032123460233862027,0.06855494101262877,9.279542613288696e-06,0.0021870852030654686,0.010301046073436737
276,1,acute_276,14,acute_276/iter_14,180,210,43,0.00029782353383763464,0.005291947362802733,0.08721619518363682,4.472297631727344e-05,0.003511921504003451,0.03605467081069946
276,1,acute_276,14,acute_276/iter_14,210,240,67,1.937498756184854e-06,0.0011587365513481805,0.003116277514755749,3.695203028234434e-06,0.0013877369685849146,0.005564827471971512
276,1,acute_276,14,acute_276/iter_14,240,270,64,1.5202387323049973e-06,0.000981282944250103,0.003362484827205199,1.4960945292297949e-06,0.0008738714677747339,0.003948992118239403
276,1,acute_276,14,acute_276/iter_14,270,300,47,0.0001038109799162578,0.005532458571868695,0.05664760944768277,4.9246380626234025e-05,0.0053729344287235786,0.024102061986923218
276,1,acute_276,14,acute_276/iter_14,300,330,50,0.00010262530217242643,0.004772165599973618,0.05209632791515151,4.7611047994807505e-05,0.004619317136239261,0.027771443128585815
276,1,acute_276,14,acute_276/iter_14,330,360,65,3.1795048006635007e-06,0.0014179402603666756,0.004236643988031613,4.605324498968501e-06,0.0013953210356143805,0.008860282599925995
276,1,acute_276,15,acute_276/iter_15,0,30,67,3.303787851697231e-06,0.0014289168414059502,0.004228833634425128,3.3518374447341088e-06,0.0012354107379023709,0.007192596793174744
276,1,acute_276,15,acute_276/iter_15,30,60,50,0.00010415560958129863,0.004780815160453553,0.05269479345843614,4.489141109383363e-05,0.004474091781303286,0.028218433260917664
276,1,acute_276,15,acute_276/iter_15,60,90,47,0.00010362918347718536,0.005483764747066199,0.056779365323391284,3.926877470464318e-05,0.005006253899061468,0.014794476330280304
276,1,acute_276,15,acute_276/iter_15,90,120,64,1.5288923818511026e-06,0.0009815008190434422,0.003382659537227682,9.958358936353962e-07,0.0007647284073755145,0.0035346224904060364
276,1,acute_276,15,acute_276/iter_15,120,150,67,1.9138228389584333e-06,0.0011541888475085286,0.003016039901157525,2.639085873648076e-06,0.0012112451411450088,0.004459057003259659
276,1,acute_276,15,acute_276/iter_15,150,180,41,0.00012670577719265703,0.0032057227764328337,0.06910540075862548,7.718689132885989e-06,0.0019738769127487592,0.009835325181484222
276,1,acute_276,15,acute_276/iter_15,180,210,43,0.00030337399306914185,0.005314203945888787,0.08815029306748778,4.2639810533478256e-05,0.003269825023761409,0.035333871841430664
276,1,acute_276,15,acute_276/iter_15,210,240,67,1.9138228389584333e-06,0.0011541888475085286,0.003016039901157525,2.8468290000217338e-06,0.0012383699250310214,0.004918714985251427
276,1,acute_276,15,acute_276/iter_15,240,270,64,1.5288923818511026e-06,0.0009815008190434422,0.003382659537227682,1.085498639105979e-06,0.0007479623309336603,0.003427838906645775
276,1,acute_276,15,acute_276/iter_15,270,300,47,0.00010362918347718534,0.005483764747066199,0.056779365323391284,4.601881944256649e-05,0.0051212105492905195,0.024171561002731323
276,1,acute_276,15,acute_276/iter_15,300,330,50,0.00010415560958129863,0.004780815160453554,0.05269479345843614,4.463658594404341e-05,0.004338083853945136,0.027955353260040283
276,1,acute_276,15,acute_276/iter_15,330,360,65,3.1742388188498887e-06,0.001411867377681824,0.004228833634425128,3.7951057994695327e-06,0.0012482713621396284,0.008137363940477371
276,1,acute_276,16,acute_276/iter_16,0,30,67,3.3014988300203693e-06,0.0014242484610561,0.004220012604597218,2.775878451766966e-06,0.0011187829911264021,0.006555680185556412
276,1,acute_276,16,acute_276/iter_16,30,60,50,0.00010554012967018402,0.004786519214585391,0.0532226003094185,4.3072268559065425e-05,0.004269405482336879,0.028447464108467102
276,1,acute_276,16,acute_276/iter_16,60,90,47,0.00010339447041043702,0.005436290108563538,0.056870863142360895,3.727064230101938e-05,0.004815488341766003,0.014625884592533112
276,1,acute_276,16,acute_276/iter_16,90,120,64,1.5365636585815888e-06,0.0009821437569089955,0.0033990237415498295,7.16105155698166e-07,0.0006529357051476836,0.0029573533684015274
276,1,acute_276,16,acute_276/iter_16,120,150,67,1.8912802741794666e-06,0.0011495826756898419,0.0030190740886369485,2.0785575098671887e-06,0.00108425766785643,0.003933340311050415
276,1,acute_276,16,acute_276/iter_16,150,180,41,0.00012809326141478627,0.003199900410549132,0.06955092585812461,6.720626364762608e-06,0.0018019175239293494,0.009414836764335632
276,1,acute_276,16,acute_276/iter_16,180,210,43,0.00030792146036773217,0.005332048742432861,0.0889080065956469,4.1248374994927826e-05,0.003076607406106886,0.03474918007850647
276,1,acute_276,16,acute_276/iter_16,210,240,67,1.8912802741794662e-06,0.0011495826756898419,0.0030190740886369485,2.2809977533958922e-06,0.0011256397215288077,0.00441369041800499
276,1,acute_276,16,acute_276/iter_16,240,270,64,1.5365636585815888e-06,0.0009821437569089955,0.0033990237415498295,8.168555892146571e-07,0.0006571745616383851,0.0029844865202903748
276,1,acute_276,16,acute_276/iter_16,270,300,47,0.00010339447041043698,0.00543629010856354,0.056870863142360895,4.3750958768827846e-05,0.004932464218229065,0.02422034740447998
276,1,acute_276,16,acute_276/iter_16,300,330,50,0.00010554012967018404,0.00478651921458539,0.0532226003094185,4.2715278171637065e-05,0.004126045564189554,0.028180643916130066
276,1,acute_276,16,acute_276/iter_16,330,360,65,3.169453521929172e-06,0.0014067330236226876,0.004220012604597218,3.235827720541937e-06,0.0011404589391671694,0.0074891597032547
276,1,acute_276,17,acute_276/iter_17,0,30,67,3.2989243203413488e-06,0.0014201956212844878,0.0042103789005994915,2.4017316143375506e-06,0.0010412602282282133,0.006039079278707504
276,1,acute_276,17,acute_276/iter_17,30,60,50,0.0001067999719505956,0.0047900263052718575,0.053691256469804605,4.1928499687916427e-05,0.0041059488337486984,0.028681129217147827
276,1,acute_276,17,acute_276/iter_17,60,90,47,0.00010311988108506827,0.005390335124557665,0.05693006538505918,3.582296466289314e-05,0.004673908604711462,0.014687776565551758
276,1,acute_276,17,acute_276/iter_17,90,120,64,1.5431790043555874e-06,0.0009829155437601688,0.0034125329562059714,5.341851899979448e-07,0.000565379043109715,0.0024929624050855637
276,1,acute_276,17,acute_276/iter_17,120,150,67,1.8698069570381635e-06,0.0011449834914296112,0.003031750568966797,1.6958037501324145e-06,0.00098366557217356,0.0035086777061223984
276,1,acute_276,17,acute_276/iter_17,150,180,41,0.00012922098001678096,0.003193902422621276,0.06991069840218653,6.094161858723588e-06,0.0016639937274725881,0.009075336158275604
276,1,acute_276,17,acute_276/iter_17,180,210,43,0.00031163954520159644,0.00534551427357385,0.08952306944331173,4.0336866725256535e-05,0.002921603404819359,0.03427174687385559
276,1,acute_276,17,acute_276/iter_17,210,240,67,1.8698069570381635e-06,0.0011449834914296117,0.003031750568966797,1.8932852055750176e-06,0.0010353889761131202,0.004005018621683121
276,1,acute_276,17,acute_276/iter_17,240,270,64,1.5431790043555874e-06,0.0009829155437601688,0.0034125329562059714,6.338671714353457e-07,0.0005880316020920873,0.0025490298867225647
276,1,acute_276,17,acute_276/iter_17,270,300,47,0.00010311988108506827,0.005390335124557666,0.05693006538505918,4.202996714498446e-05,0.004797562819495648,0.024258941411972046
276,1,acute_276,17,acute_276/iter_17,300,330,50,0.0001067999719505956,0.0047900263052718575,0.053691256469804605,4.153585362193651e-05,0.003973289122804999,0.028424590826034546
276,1,acute_276,17,acute_276/iter_17,330,360,65,3.1647943553305573e-06,0.0014022902749668076,0.0042103789005994915,2.847904731812437e-06,0.0010702325461002496,0.006966002285480499
276,1,acute_276,18,acute_276/iter_18,0,30,67,3.2959229299619115e-06,0.0014165711278550071,0.004200140410803781,2.1554787275083036e-06,0.0009848268897230945,0.005619388073682785
276,1,acute_276,18,acute_276/iter_18,30,60,50,0.00010795439402067251,0.004791916052300731,0.05411034792057362,4.1261641572651644e-05,0.003976224837824702,0.028920412063598633
276,1,acute_276,18,acute_276/iter_18,60,90,47,0.00010281675734192913,0.005346121437369495,0.05696302043815299,3.4784462721089795e-05,0.00456409075218773,0.014860183000564575
276,1,acute_276,18,acute_276/iter_18,90,120,64,1.5487948735749721e-06,0.0009836757606899353,0.003423558077791204,4.169132251548302e-07,0.0005082642310298979,0.0021189134567976
276,1,acute_276,18,acute_276/iter_18,120,150,67,1.8493342769898112e-06,0.0011404343950498338,0.0030420582416224654,1.4303794640666415e-06,0.0009019498282404089,0.003162989392876625
276,1,acute_276,18,acute_276/iter_18,150,180,41,0.00013013268206497452,0.0031877149034308734,0.07020021611567337,5.706141520656129e-06,0.0015546641150693886,0.008806288242340088
276,1,acute_276,18,acute_276/iter_18,180,210,43,0.0003146723619550106,0.005355366722086626,0.09002243818197775,3.9730292724860364e-05,0.0028011043011860618,0.03387582302093506
276,1,acute_276,18,acute_276/iter_18,210,240,67,1.8493342769898112e-06,0.0011404343950498338,0.0030420582416224654,1.6220329371784758e-06,0.0009664542583832101,0.0036585014313459396
276,1,acute_276,18,acute_276/iter_18,240,270,64,1.548794873574972e-06,0.0009836757606899353,0.003423558077791204,5.126378382371271e-07,0.0005421027890406549,0.0021988246589899063
276,1,acute_276,18,acute_276/iter_18,270,300,47,0.00010281675734192912,0.005346121437369495,0.05696302043815299,4.070704858578653e-05,0.0046865296108274165,0.0242936909198761
276,1,acute_276,18,acute_276/iter_18,300,330,50,0.00010795439402067248,0.004791916052300731,0.05411034792057362,4.082118450804776e-05,0.0038801426719874146,0.028662770986557007
276,1,acute_276,18,acute_276/iter_18,330,360,65,3.1600590799874506e-06,0.00139833809624068,0.004200140410803781,2.580274991966321e-06,0.0010201195971323894,0.0065427012741565704
276,1,acute_276,19,acute_276/iter_19,0,30,67,3.292407421586932e-06,0.0014132449206916437,0.004189327117152825,1.9915971414908516e-06,0.0009463442517305488,0.005277525633573532
276,1,acute_276,19,acute_276/iter_19,30,60,50,0.00010902013769744707,0.00479259099109137,0.054487813892484305,4.093733420248722e-05,0.0038858799543231726,0.029158443212509155
276,1,acute_276,19,acute_276/iter_19,60,90,47,0.00010249653008707963,0.005303809373303797,0.05697484503280964,3.4049691602899304e-05,0.00447980475137035,0.014982670545578003
276,1,acute_276,19,acute_276/iter_19,90,120,64,1.5534807269751024e-06,0.0009844376963292658,0.003432295950581643,3.418434357482748e-07,0.0004667860921472311,0.0018180087208747864
276,1,acute_276,19,acute_276/iter_19,120,150,67,1.829766131285853e-06,0.0011359474760323908,0.0030505496356582756,1.2441634999180576e-06,0.000836509432810456,0.0028797201812267303
276,1,acute_276,19,acute_276/iter_19,150,180,41,0.00013086467234948608,0.0031814064107585035,0.07043209460313923,5.471276498730622e-06,0.0014684089933658336,0.00858953595161438
276,1,acute_276,19,acute_276/iter_19,180,210,43,0.0003171398587334332,0.005362305697733952,0.09042792219178919,3.933835776260885e-05,0.0027076337353846187,0.03354749083518982
276,1,acute_276,19,acute_276/iter_19,210,240,67,1.829766131285853e-06,0.001135947476032391,0.0030505496356582756,1.4281553209941379e-06,0.0009123369106161061,0.0033484194427728653
276,1,acute_276,19,acute_276/iter_19,240,270,64,1.5534807269751024e-06,0.0009844376963292658,0.003432295950581643,4.3194310884330954e-07,0.0005084140866529197,0.0019124560058116913
276,1,acute_276,19,acute_276/iter_19,270,300,47,0.00010249653008707963,0.005303809373303799,0.05697484503280964,3.9663604936675395e-05,0.00459045758412066,0.024329334497451782
276,1,acute_276,19,acute_276/iter_19,300,330,50,0.00010902013769744707,0.00479259099109137,0.054487813892484305,4.042412892368909e-05,0.003818785035982728,0.028895258903503418
276,1,acute_276,19,acute_276/iter_19,330,360,65,3.155083846187784e-06,0.0013947321232582542,0.004189327117152825,2.3848439571396835e-06,0.0009835802018642425,0.006169166415929794
276,1,acute_276,20,acute_276/iter_20,0,30,67,3.2884120026118575e-06,0.0014101712552146083,0.004177989930397405,1.881773598539613e-06,0.0009204917100828086,0.0049986280500888824
276,1,acute_276,20,acute_276/iter_20,30,60,50,0.00011001066686762774,0.0047922917445545575,0.05482988097331967,4.0838889171916575e-05,0.0038213961105793715,0.029391303658485413
276,1,acute_276,20,acute_276/iter_20,60,90,47,0.0001021692603315865,0.005263588455487146,0.05696955996412767,3.345986227898085e-05,0.004412627146248656,0.015047937631607056
276,1,acute_276,20,acute_276/iter_20,90,120,64,1.5573386246912215e-06,0.0009852660470226556,0.003439476914938115,2.934338334850922e-07,0.0004340366867836565,0.0017669536173343658
276,1,acute_276,20,acute_276/iter_20,120,150,67,1.8110839184271956e-06,0.0011315440867443864,0.0030574861785703303,1.110312690985366e-06,0.0007844963458491795,0.0026462581008672714
276,1,acute_276,20,acute_276/iter_20,150,180,41,0.00013144838812037088,0.0031750526330171476,0.07061691766230424,5.327230339728108e-06,0.0014141588627996787,0.008414074778556824
276,1,acute_276,20,acute_276/iter_20,180,210,43,0.0003191420832836911,0.005366916190450903,0.09075702027033566,3.907610466162619e-05,0.002638815429743899,0.03327491879463196
276,1,acute_276,20,acute_276/iter_20,210,240,67,1.8110839184271954e-06,0.0011315440867443864,0.0030574861785703303,1.2865228850636166e-06,0.0008728065486274548,0.00308966264128685
276,1,acute_276,20,acute_276/iter_20,240,270,64,1.5573386246912215e-06,0.0009852660470226556,0.003439476914938115,3.7803540206999024e-07,0.00048074827645905316,0.0016793813556432724
276,1,acute_276,20,acute_276/iter_20,270,300,47,0.0001021692603315865,0.005263588455487146,0.05696955996412767,3.8831447774846276e-05,0.004509721388650236,0.024371713399887085
276,1,acute_276,20,acute_276/iter_20,300,330,50,0.00011001066686762774,0.0047922917445545575,0.05482988097331967,4.0254753367604145e-05,0.0037736952397972347,0.029121577739715576
276,1,acute_276,20,acute_276/iter_20,330,360,65,3.1498596535507355e-06,0.0013914190965855083,0.004177989930397405,2.2429673082274838e-06,0.0009545591588203723,0.005863476544618607
