contour,point_index,x,y,N,note
numeric_sdf_sampled_zero_contour,0,4.4726562500000000e-01,1.0349138209475171e-01,256,matplotlib zero contour of analytic SDF sampled on N256 cell centers
numeric_sdf_sampled_zero_contour,1,4.4708973175194444e-01,1.0351562500000000e-01,256,matplotlib zero contour of analytic SDF sampled on N256 cell centers
numeric_sdf_sampled_zero_contour,2,4.4335937500000000e-01,1.0403055126248345e-01,256,matplotlib zero contour of analytic SDF sampled on N256 cell centers
numeric_sdf_sampled_zero_contour,3,4.3945312500000000e-01,1.0460904770437388e-01,256,matplotlib zero contour of analytic SDF sampled on N256 cell centers
numeric_sdf_sampled_zero_contour,4,4.3554687500000000e-01,1.0522703102667798e-01,256,matplotlib zero contour of analytic SDF sampled on N256 cell centers
numeric_sdf_sampled_zero_contour,5,4.3164062500000000e-01,1.0588467461404064e-01,256,matplotlib zero contour of analytic SDF sampled on N256 cell centers
numeric_sdf_sampled_zero_contour,6,4.2773437500000000e-01,1.0658216124253214e-01,256,matplotlib zero contour of analytic SDF sampled on N256 cell centers
numeric_sdf_sampled_zero_contour,7,4.2382812500000000e-01,1.0731968283519931e-01,256,matplotlib zero contour of analytic SDF sampled on N256 cell centers
numeric_sdf_sampled_zero_contour,8,4.2331402796646073e-01,1.0742187500000000e-01,256,matplotlib zero contour of analytic SDF sampled on N256 cell centers
numeric_sdf_sampled_zero_contour,9,4.1992187500000000e-01,1.0809770880391843e-01,256,matplotlib zero contour of analytic SDF sampled on N256 cell centers
numeric_sdf_sampled_zero_contour,10,4.1601562500000000e-01,1.0891629348014366e-01,256,matplotlib zero contour of analytic SDF sampled on N256 cell centers
numeric_sdf_sampled_zero_contour,11,4.1210937500000000e-01,1.0977562614121281e-01,256,matplotlib zero contour of analytic SDF sampled on N256 cell centers
numeric_sdf_sampled_zero_contour,12,4.0820312500000000e-01,1.1067594131592065e-01,256,matplotlib zero contour of analytic SDF sampled on N256 cell centers
numeric_sdf_sampled_zero_contour,13,4.0549546763480637e-01,1.1132812500000001e-01,256,matplotlib zero contour of analytic SDF sampled on N256 cell centers
numeric_sdf_sampled_zero_contour,14,4.0429687499999994e-01,1.1161764788435033e-01,256,matplotlib zero contour of analytic SDF sampled on N256 cell centers
numeric_sdf_sampled_zero_contour,15,4.0039062500000000e-01,1.1260128571062440e-01,256,matplotlib zero contour of analytic SDF sampled on N256 cell centers
numeric_sdf_sampled_zero_contour,16,3.9648437500000000e-01,1.1362677589401708e-01,256,matplotlib zero contour of analytic SDF sampled on N256 cell centers
numeric_sdf_sampled_zero_contour,17,3.9257812500000000e-01,1.1469439329382113e-01,256,matplotlib zero contour of analytic SDF sampled on N256 cell centers
numeric_sdf_sampled_zero_contour,18,3.9067531540689904e-01,1.1523437500000000e-01,256,matplotlib zero contour of analytic SDF sampled on N256 cell centers
numeric_sdf_sampled_zero_contour,19,3.8867187500000000e-01,1.1580486704720838e-01,256,matplotlib zero contour of analytic SDF sampled on N256 cell centers
numeric_sdf_sampled_zero_contour,20,3.8476562500000000e-01,1.1695858419440758e-01,256,matplotlib zero contour of analytic SDF sampled on N256 cell centers
numeric_sdf_sampled_zero_contour,21,3.8085937500000000e-01,1.1815545395802202e-01,256,matplotlib zero contour of analytic SDF sampled on N256 cell centers
numeric_sdf_sampled_zero_contour,22,3.7775485285038363e-01,1.1914062500000000e-01,256,matplotlib zero contour of analytic SDF sampled on N256 cell centers
numeric_sdf_sampled_zero_contour,23,3.7695312500000006e-01,1.1939603575843674e-01,256,matplotlib zero contour of analytic SDF sampled on N256 cell centers
numeric_sdf_sampled_zero_contour,24,3.7304687500000000e-01,1.2068148452196280e-01,256,matplotlib zero contour of analytic SDF sampled on N256 cell centers
numeric_sdf_sampled_zero_contour,25,3.6914062500000000e-01,1.2201123407934648e-01,256,matplotlib zero contour of analytic SDF sampled on N256 cell centers
numeric_sdf_sampled_zero_contour,26,3.6619482563116490e-01,1.2304687500000000e-01,256,matplotlib zero contour of analytic SDF sampled on N256 cell centers
numeric_sdf_sampled_zero_contour,27,3.6523437500000000e-01,1.2338602263937744e-01,256,matplotlib zero contour of analytic SDF sampled on N256 cell centers
numeric_sdf_sampled_zero_contour,28,3.6132812500000000e-01,1.2480717403606945e-01,256,matplotlib zero contour of analytic SDF sampled on N256 cell centers
numeric_sdf_sampled_zero_contour,29,3.5742187500000000e-01,1.2627389517321541e-01,256,matplotlib zero contour of analytic SDF sampled on N256 cell centers
numeric_sdf_sampled_zero_contour,30,3.5566446894381359e-01,1.2695312500000000e-01,256,matplotlib zero contour of analytic SDF sampled on N256 cell centers
numeric_sdf_sampled_zero_contour,31,3.5351562500000000e-01,1.2778771880346620e-01,256,matplotlib zero contour of analytic SDF sampled on N256 cell centers
numeric_sdf_sampled_zero_contour,32,3.4960937500000000e-01,1.2934901939825308e-01,256,matplotlib zero contour of analytic SDF sampled on N256 cell centers
numeric_sdf_sampled_zero_contour,33,3.4594008950736865e-01,1.3085937500000000e-01,256,matplotlib zero contour of analytic SDF sampled on N256 cell centers
numeric_sdf_sampled_zero_contour,34,3.4570312500000000e-01,1.3095743020227482e-01,256,matplotlib zero contour of analytic SDF sampled on N256 cell centers
numeric_sdf_sampled_zero_contour,35,3.4179687500000000e-01,1.3261575969098316e-01,256,matplotlib zero contour of analytic SDF sampled on N256 cell centers
numeric_sdf_sampled_zero_contour,36,3.3789062500000000e-01,1.3432213625763320e-01,256,matplotlib zero contour of analytic SDF sampled on N256 cell centers
numeric_sdf_sampled_zero_contour,37,3.3690049431719515e-01,1.3476562500000000e-01,256,matplotlib zero contour of analytic SDF sampled on N256 cell centers
numeric_sdf_sampled_zero_contour,38,3.3398437500000000e-01,1.3607937150812874e-01,256,matplotlib zero contour of analytic SDF sampled on N256 cell centers
numeric_sdf_sampled_zero_contour,39,3.3007812500000000e-01,1.3788659726309607e-01,256,matplotlib zero contour of analytic SDF sampled on N256 cell centers
numeric_sdf_sampled_zero_contour,40,3.2842218304214943e-01,1.3867187500000000e-01,256,matplotlib zero contour of analytic SDF sampled on N256 cell centers
numeric_sdf_sampled_zero_contour,41,3.2617187500000000e-01,1.3974563668267306e-01,256,matplotlib zero contour of analytic SDF sampled on N256 cell centers
numeric_sdf_sampled_zero_contour,42,3.2226562500000000e-01,1.4165665708326791e-01,256,matplotlib zero contour of analytic SDF sampled on N256 cell centers
numeric_sdf_sampled_zero_contour,43,3.2042670414442165e-01,1.4257812500000000e-01,256,matplotlib zero contour of analytic SDF sampled on N256 cell centers
numeric_sdf_sampled_zero_contour,44,3.1835937500000000e-01,1.4362089693262683e-01,256,matplotlib zero contour of analytic SDF sampled on N256 cell centers
numeric_sdf_sampled_zero_contour,45,3.1445312500000000e-01,1.4563888044387155e-01,256,matplotlib zero contour of analytic SDF sampled on N256 cell centers
numeric_sdf_sampled_zero_contour,46,3.1285347133365587e-01,1.4648437500000000e-01,256,matplotlib zero contour of analytic SDF sampled on N256 cell centers
numeric_sdf_sampled_zero_contour,47,3.1054687500000000e-01,1.4771208741704253e-01,256,matplotlib zero contour of analytic SDF sampled on N256 cell centers
numeric_sdf_sampled_zero_contour,48,3.0664062500000000e-01,1.4984043172456574e-01,256,matplotlib zero contour of analytic SDF sampled on N256 cell centers
numeric_sdf_sampled_zero_contour,49,3.0565215003965235e-01,1.5039062500000000e-01,256,matplotlib zero contour of analytic SDF sampled on N256 cell centers
numeric_sdf_sampled_zero_contour,50,3.0273437500000000e-01,1.5202677030179410e-01,256,matplotlib zero contour of analytic SDF sampled on N256 cell centers
numeric_sdf_sampled_zero_contour,51,2.9882812500000000e-01,1.5426910798426127e-01,256,matplotlib zero contour of analytic SDF sampled on N256 cell centers
numeric_sdf_sampled_zero_contour,52,2.9878068363300414e-01,1.5429687500000000e-01,256,matplotlib zero contour of analytic SDF sampled on N256 cell centers
numeric_sdf_sampled_zero_contour,53,2.9492187500000000e-01,1.5657316833209714e-01,256,matplotlib zero contour of analytic SDF sampled on N256 cell centers
numeric_sdf_sampled_zero_contour,54,2.9222003091627924e-01,1.5820312500000000e-01,256,matplotlib zero contour of analytic SDF sampled on N256 cell centers
numeric_sdf_sampled_zero_contour,55,2.9101562500000000e-01,1.5893564671493282e-01,256,matplotlib zero contour of analytic SDF sampled on N256 cell centers
numeric_sdf_sampled_zero_contour,56,2.8710937500000000e-01,1.6136019844688138e-01,256,matplotlib zero contour of analytic SDF sampled on N256 cell centers
numeric_sdf_sampled_zero_contour,57,2.8592610828796072e-01,1.6210937500000000e-01,256,matplotlib zero contour of analytic SDF sampled on N256 cell centers
numeric_sdf_sampled_zero_contour,58,2.8320312500000000e-01,1.6384823834479537e-01,256,matplotlib zero contour of analytic SDF sampled on N256 cell centers
numeric_sdf_sampled_zero_contour,59,2.7987939135662820e-01,1.6601562500000000e-01,256,matplotlib zero contour of analytic SDF sampled on N256 cell centers
numeric_sdf_sampled_zero_contour,60,2.7929687499999994e-01,1.6639886560923828e-01,256,matplotlib zero contour of analytic SDF sampled on N256 cell centers
numeric_sdf_sampled_zero_contour,61,2.7539062500000000e-01,1.6901695514598894e-01,256,matplotlib zero contour of analytic SDF sampled on N256 cell centers
numeric_sdf_sampled_zero_contour,62,2.7406614468818913e-01,1.6992187500000000e-01,256,matplotlib zero contour of analytic SDF sampled on N256 cell centers
numeric_sdf_sampled_zero_contour,63,2.7148437500000000e-01,1.7170231046916071e-01,256,matplotlib zero contour of analytic SDF sampled on N256 cell centers
numeric_sdf_sampled_zero_contour,64,2.6846139197816965e-01,1.7382812500000000e-01,256,matplotlib zero contour of analytic SDF sampled on N256 cell centers
numeric_sdf_sampled_zero_contour,65,2.6757812500000000e-01,1.7445526584528129e-01,256,matplotlib zero contour of analytic SDF sampled on N256 cell centers
numeric_sdf_sampled_zero_contour,66,2.6367187500000000e-01,1.7727957504443009e-01,256,matplotlib zero contour of analytic SDF sampled on N256 cell centers
numeric_sdf_sampled_zero_contour,67,2.6305369223099073e-01,1.7773437500000000e-01,256,matplotlib zero contour of analytic SDF sampled on N256 cell centers
numeric_sdf_sampled_zero_contour,68,2.5976562500000000e-01,1.8017792705243416e-01,256,matplotlib zero contour of analytic SDF sampled on N256 cell centers
numeric_sdf_sampled_zero_contour,69,2.5783292488617310e-01,1.8164062500000000e-01,256,matplotlib zero contour of analytic SDF sampled on N256 cell centers
numeric_sdf_sampled_zero_contour,70,2.5585937500000000e-01,1.8314986959914523e-01,256,matplotlib zero contour of analytic SDF sampled on N256 cell centers
numeric_sdf_sampled_zero_contour,71,2.5278015279521060e-01,1.8554687500000000e-01,256,matplotlib zero contour of analytic SDF sampled on N256 cell centers
numeric_sdf_sampled_zero_contour,72,2.5195312500000000e-01,1.8619762756825767e-01,256,matplotlib zero contour of analytic SDF sampled on N256 cell centers
numeric_sdf_sampled_zero_contour,73,2.4804687500000000e-01,1.8932423493612557e-01,256,matplotlib zero contour of analytic SDF sampled on N256 cell centers
numeric_sdf_sampled_zero_contour,74,2.4788835339174867e-01,1.8945312500000000e-01,256,matplotlib zero contour of analytic SDF sampled on N256 cell centers
numeric_sdf_sampled_zero_contour,75,2.4414062500000000e-01,1.9253464442650126e-01,256,matplotlib zero contour of analytic SDF sampled on N256 cell centers
numeric_sdf_sampled_zero_contour,76,2.4315405488154965e-01,1.9335937500000000e-01,256,matplotlib zero contour of analytic SDF sampled on N256 cell centers
numeric_sdf_sampled_zero_contour,77,2.4023437500000000e-01,1.9582845886937772e-01,256,matplotlib zero contour of analytic SDF sampled on N256 cell centers
numeric_sdf_sampled_zero_contour,78,2.3856212930118134e-01,1.9726562500000000e-01,256,matplotlib zero contour of analytic SDF sampled on N256 cell centers
numeric_sdf_sampled_zero_contour,79,2.3632812500000000e-01,1.9920856940072776e-01,256,matplotlib zero contour of analytic SDF sampled on N256 cell centers
numeric_sdf_sampled_zero_contour,80,2.3410592115618917e-01,2.0117187500000000e-01,256,matplotlib zero contour of analytic SDF sampled on N256 cell centers
numeric_sdf_sampled_zero_contour,81,2.3242187500000000e-01,2.0267807574024807e-01,256,matplotlib zero contour of analytic SDF sampled on N256 cell centers
numeric_sdf_sampled_zero_contour,82,2.2977922341843030e-01,2.0507812499999997e-01,256,matplotlib zero contour of analytic SDF sampled on N256 cell centers
numeric_sdf_sampled_zero_contour,83,2.2851562500000000e-01,2.0624030097345616e-01,256,matplotlib zero contour of analytic SDF sampled on N256 cell centers
numeric_sdf_sampled_zero_contour,84,2.2557624634708023e-01,2.0898437500000000e-01,256,matplotlib zero contour of analytic SDF sampled on N256 cell centers
numeric_sdf_sampled_zero_contour,85,2.2460937500000003e-01,2.0989880737078259e-01,256,matplotlib zero contour of analytic SDF sampled on N256 cell centers
numeric_sdf_sampled_zero_contour,86,2.2149158877348160e-01,2.1289062500000000e-01,256,matplotlib zero contour of analytic SDF sampled on N256 cell centers
numeric_sdf_sampled_zero_contour,87,2.2070312500000000e-01,2.1365741333824748e-01,256,matplotlib zero contour of analytic SDF sampled on N256 cell centers
numeric_sdf_sampled_zero_contour,88,2.1752021160591942e-01,2.1679687500000000e-01,256,matplotlib zero contour of analytic SDF sampled on N256 cell centers
numeric_sdf_sampled_zero_contour,89,2.1679687500000000e-01,2.1752021160591942e-01,256,matplotlib zero contour of analytic SDF sampled on N256 cell centers
numeric_sdf_sampled_zero_contour,90,2.1365741333824748e-01,2.2070312500000000e-01,256,matplotlib zero contour of analytic SDF sampled on N256 cell centers
numeric_sdf_sampled_zero_contour,91,2.1289062500000000e-01,2.2149158877348160e-01,256,matplotlib zero contour of analytic SDF sampled on N256 cell centers
numeric_sdf_sampled_zero_contour,92,2.0989880737078259e-01,2.2460937500000003e-01,256,matplotlib zero contour of analytic SDF sampled on N256 cell centers
numeric_sdf_sampled_zero_contour,93,2.0898437500000000e-01,2.2557624634708023e-01,256,matplotlib zero contour of analytic SDF sampled on N256 cell centers
numeric_sdf_sampled_zero_contour,94,2.0624030097345616e-01,2.2851562500000000e-01,256,matplotlib zero contour of analytic SDF sampled on N256 cell centers
numeric_sdf_sampled_zero_contour,95,2.0507812499999997e-01,2.2977922341843030e-01,256,matplotlib zero contour of analytic SDF sampled on N256 cell centers
numeric_sdf_sampled_zero_contour,96,2.0267807574024807e-01,2.3242187500000000e-01,256,matplotlib zero contour of analytic SDF sampled on N256 cell centers
numeric_sdf_sampled_zero_contour,97,2.0117187500000000e-01,2.3410592115618917e-01,256,matplotlib zero contour of analytic SDF sampled on N256 cell centers
numeric_sdf_sampled_zero_contour,98,1.9920856940072776e-01,2.3632812500000000e-01,256,matplotlib zero contour of analytic SDF sampled on N256 cell centers
numeric_sdf_sampled_zero_contour,99,1.9726562500000000e-01,2.3856212930118134e-01,256,matplotlib zero contour of analytic SDF sampled on N256 cell centers
numeric_sdf_sampled_zero_contour,100,1.9582845886937772e-01,2.4023437500000000e-01,256,matplotlib zero contour of analytic SDF sampled on N256 cell centers
numeric_sdf_sampled_zero_contour,101,1.9335937500000000e-01,2.4315405488154965e-01,256,matplotlib zero contour of analytic SDF sampled on N256 cell centers
numeric_sdf_sampled_zero_contour,102,1.9253464442650126e-01,2.4414062500000000e-01,256,matplotlib zero contour of analytic SDF sampled on N256 cell centers
numeric_sdf_sampled_zero_contour,103,1.8945312500000000e-01,2.4788835339174867e-01,256,matplotlib zero contour of analytic SDF sampled on N256 cell centers
numeric_sdf_sampled_zero_contour,104,1.8932423493612557e-01,2.4804687500000000e-01,256,matplotlib zero contour of analytic SDF sampled on N256 cell centers
numeric_sdf_sampled_zero_contour,105,1.8619762756825767e-01,2.5195312500000000e-01,256,matplotlib zero contour of analytic SDF sampled on N256 cell centers
numeric_sdf_sampled_zero_contour,106,1.8554687500000000e-01,2.5278015279521060e-01,256,matplotlib zero contour of analytic SDF sampled on N256 cell centers
numeric_sdf_sampled_zero_contour,107,1.8314986959914523e-01,2.5585937500000000e-01,256,matplotlib zero contour of analytic SDF sampled on N256 cell centers
numeric_sdf_sampled_zero_contour,108,1.8164062500000000e-01,2.5783292488617310e-01,256,matplotlib zero contour of analytic SDF sampled on N256 cell centers
numeric_sdf_sampled_zero_contour,109,1.8017792705243416e-01,2.5976562500000000e-01,256,matplotlib zero contour of analytic SDF sampled on N256 cell centers
numeric_sdf_sampled_zero_contour,110,1.7773437500000000e-01,2.6305369223099073e-01,256,matplotlib zero contour of analytic SDF sampled on N256 cell centers
numeric_sdf_sampled_zero_contour,111,1.7727957504443009e-01,2.6367187500000000e-01,256,matplotlib zero contour of analytic SDF sampled on N256 cell centers
numeric_sdf_sampled_zero_contour,112,1.7445526584528129e-01,2.6757812500000000e-01,256,matplotlib zero contour of analytic SDF sampled on N256 cell centers
numeric_sdf_sampled_zero_contour,113,1.7382812500000000e-01,2.6846139197816965e-01,256,matplotlib zero contour of analytic SDF sampled on N256 cell centers
numeric_sdf_sampled_zero_contour,114,1.7170231046916071e-01,2.7148437500000000e-01,256,matplotlib zero contour of analytic SDF sampled on N256 cell centers
numeric_sdf_sampled_zero_contour,115,1.6992187500000000e-01,2.7406614468818913e-01,256,matplotlib zero contour of analytic SDF sampled on N256 cell centers
numeric_sdf_sampled_zero_contour,116,1.6901695514598894e-01,2.7539062500000000e-01,256,matplotlib zero contour of analytic SDF sampled on N256 cell centers
numeric_sdf_sampled_zero_contour,117,1.6639886560923828e-01,2.7929687499999994e-01,256,matplotlib zero contour of analytic SDF sampled on N256 cell centers
numeric_sdf_sampled_zero_contour,118,1.6601562500000000e-01,2.7987939135662820e-01,256,matplotlib zero contour of analytic SDF sampled on N256 cell centers
numeric_sdf_sampled_zero_contour,119,1.6384823834479537e-01,2.8320312500000000e-01,256,matplotlib zero contour of analytic SDF sampled on N256 cell centers
numeric_sdf_sampled_zero_contour,120,1.6210937500000000e-01,2.8592610828796072e-01,256,matplotlib zero contour of analytic SDF sampled on N256 cell centers
numeric_sdf_sampled_zero_contour,121,1.6136019844688138e-01,2.8710937500000000e-01,256,matplotlib zero contour of analytic SDF sampled on N256 cell centers
numeric_sdf_sampled_zero_contour,122,1.5893564671493282e-01,2.9101562500000000e-01,256,matplotlib zero contour of analytic SDF sampled on N256 cell centers
numeric_sdf_sampled_zero_contour,123,1.5820312500000000e-01,2.9222003091627924e-01,256,matplotlib zero contour of analytic SDF sampled on N256 cell centers
numeric_sdf_sampled_zero_contour,124,1.5657316833209714e-01,2.9492187500000000e-01,256,matplotlib zero contour of analytic SDF sampled on N256 cell centers
numeric_sdf_sampled_zero_contour,125,1.5429687500000000e-01,2.9878068363300414e-01,256,matplotlib zero contour of analytic SDF sampled on N256 cell centers
numeric_sdf_sampled_zero_contour,126,1.5426910798426127e-01,2.9882812500000000e-01,256,matplotlib zero contour of analytic SDF sampled on N256 cell centers
numeric_sdf_sampled_zero_contour,127,1.5202677030179410e-01,3.0273437500000000e-01,256,matplotlib zero contour of analytic SDF sampled on N256 cell centers
numeric_sdf_sampled_zero_contour,128,1.5039062500000000e-01,3.0565215003965235e-01,256,matplotlib zero contour of analytic SDF sampled on N256 cell centers
numeric_sdf_sampled_zero_contour,129,1.4984043172456574e-01,3.0664062500000000e-01,256,matplotlib zero contour of analytic SDF sampled on N256 cell centers
numeric_sdf_sampled_zero_contour,130,1.4771208741704253e-01,3.1054687500000000e-01,256,matplotlib zero contour of analytic SDF sampled on N256 cell centers
numeric_sdf_sampled_zero_contour,131,1.4648437500000000e-01,3.1285347133365587e-01,256,matplotlib zero contour of analytic SDF sampled on N256 cell centers
numeric_sdf_sampled_zero_contour,132,1.4563888044387155e-01,3.1445312500000000e-01,256,matplotlib zero contour of analytic SDF sampled on N256 cell centers
numeric_sdf_sampled_zero_contour,133,1.4362089693262683e-01,3.1835937500000000e-01,256,matplotlib zero contour of analytic SDF sampled on N256 cell centers
numeric_sdf_sampled_zero_contour,134,1.4257812500000000e-01,3.2042670414442165e-01,256,matplotlib zero contour of analytic SDF sampled on N256 cell centers
numeric_sdf_sampled_zero_contour,135,1.4165665708326791e-01,3.2226562500000000e-01,256,matplotlib zero contour of analytic SDF sampled on N256 cell centers
numeric_sdf_sampled_zero_contour,136,1.3974563668267306e-01,3.2617187500000000e-01,256,matplotlib zero contour of analytic SDF sampled on N256 cell centers
numeric_sdf_sampled_zero_contour,137,1.3867187500000000e-01,3.2842218304214943e-01,256,matplotlib zero contour of analytic SDF sampled on N256 cell centers
numeric_sdf_sampled_zero_contour,138,1.3788659726309607e-01,3.3007812500000000e-01,256,matplotlib zero contour of analytic SDF sampled on N256 cell centers
numeric_sdf_sampled_zero_contour,139,1.3607937150812874e-01,3.3398437500000000e-01,256,matplotlib zero contour of analytic SDF sampled on N256 cell centers
numeric_sdf_sampled_zero_contour,140,1.3476562500000000e-01,3.3690049431719515e-01,256,matplotlib zero contour of analytic SDF sampled on N256 cell centers
numeric_sdf_sampled_zero_contour,141,1.3432213625763320e-01,3.3789062500000000e-01,256,matplotlib zero contour of analytic SDF sampled on N256 cell centers
numeric_sdf_sampled_zero_contour,142,1.3261575969098316e-01,3.4179687500000000e-01,256,matplotlib zero contour of analytic SDF sampled on N256 cell centers
numeric_sdf_sampled_zero_contour,143,1.3095743020227482e-01,3.4570312500000000e-01,256,matplotlib zero contour of analytic SDF sampled on N256 cell centers
numeric_sdf_sampled_zero_contour,144,1.3085937500000000e-01,3.4594008950736865e-01,256,matplotlib zero contour of analytic SDF sampled on N256 cell centers
numeric_sdf_sampled_zero_contour,145,1.2934901939825308e-01,3.4960937500000000e-01,256,matplotlib zero contour of analytic SDF sampled on N256 cell centers
numeric_sdf_sampled_zero_contour,146,1.2778771880346620e-01,3.5351562500000000e-01,256,matplotlib zero contour of analytic SDF sampled on N256 cell centers
numeric_sdf_sampled_zero_contour,147,1.2695312500000000e-01,3.5566446894381359e-01,256,matplotlib zero contour of analytic SDF sampled on N256 cell centers
numeric_sdf_sampled_zero_contour,148,1.2627389517321541e-01,3.5742187500000000e-01,256,matplotlib zero contour of analytic SDF sampled on N256 cell centers
numeric_sdf_sampled_zero_contour,149,1.2480717403606945e-01,3.6132812500000000e-01,256,matplotlib zero contour of analytic SDF sampled on N256 cell centers
numeric_sdf_sampled_zero_contour,150,1.2338602263937744e-01,3.6523437500000000e-01,256,matplotlib zero contour of analytic SDF sampled on N256 cell centers
numeric_sdf_sampled_zero_contour,151,1.2304687500000000e-01,3.6619482563116490e-01,256,matplotlib zero contour of analytic SDF sampled on N256 cell centers
numeric_sdf_sampled_zero_contour,152,1.2201123407934648e-01,3.6914062500000000e-01,256,matplotlib zero contour of analytic SDF sampled on N256 cell centers
numeric_sdf_sampled_zero_contour,153,1.2068148452196280e-01,3.7304687500000000e-01,256,matplotlib zero contour of analytic SDF sampled on N256 cell centers
numeric_sdf_sampled_zero_contour,154,1.1939603575843674e-01,3.7695312500000006e-01,256,matplotlib zero contour of analytic SDF sampled on N256 cell centers
numeric_sdf_sampled_zero_contour,155,1.1914062500000000e-01,3.7775485285038363e-01,256,matplotlib zero contour of analytic SDF sampled on N256 cell centers
numeric_sdf_sampled_zero_contour,156,1.1815545395802202e-01,3.8085937500000000e-01,256,matplotlib zero contour of analytic SDF sampled on N256 cell centers
numeric_sdf_sampled_zero_contour,157,1.1695858419440758e-01,3.8476562500000000e-01,256,matplotlib zero contour of analytic SDF sampled on N256 cell centers
numeric_sdf_sampled_zero_contour,158,1.1580486704720838e-01,3.8867187500000000e-01,256,matplotlib zero contour of analytic SDF sampled on N256 cell centers
numeric_sdf_sampled_zero_contour,159,1.1523437500000000e-01,3.9067531540689904e-01,256,matplotlib zero contour of analytic SDF sampled on N256 cell centers
numeric_sdf_sampled_zero_contour,160,1.1469439329382113e-01,3.9257812500000000e-01,256,matplotlib zero contour of analytic SDF sampled on N256 cell centers
numeric_sdf_sampled_zero_contour,161,1.1362677589401708e-01,3.9648437500000000e-01,256,matplotlib zero contour of analytic SDF sampled on N256 cell centers
numeric_sdf_sampled_zero_contour,162,1.1260128571062440e-01,4.0039062500000000e-01,256,matplotlib zero contour of analytic SDF sampled on N256 cell centers
numeric_sdf_sampled_zero_contour,163,1.1161764788435033e-01,4.0429687499999994e-01,256,matplotlib zero contour of analytic SDF sampled on N256 cell centers
numeric_sdf_sampled_zero_contour,164,1.1132812500000001e-01,4.0549546763480637e-01,256,matplotlib zero contour of analytic SDF sampled on N256 cell centers
numeric_sdf_sampled_zero_contour,165,1.1067594131592065e-01,4.0820312500000000e-01,256,matplotlib zero contour of analytic SDF sampled on N256 cell centers
numeric_sdf_sampled_zero_contour,166,1.0977562614121281e-01,4.1210937500000000e-01,256,matplotlib zero contour of analytic SDF sampled on N256 cell centers
numeric_sdf_sampled_zero_contour,167,1.0891629348014366e-01,4.1601562500000000e-01,256,matplotlib zero contour of analytic SDF sampled on N256 cell centers
numeric_sdf_sampled_zero_contour,168,1.0809770880391843e-01,4.1992187500000000e-01,256,matplotlib zero contour of analytic SDF sampled on N256 cell centers
numeric_sdf_sampled_zero_contour,169,1.0742187500000000e-01,4.2331402796646073e-01,256,matplotlib zero contour of analytic SDF sampled on N256 cell centers
numeric_sdf_sampled_zero_contour,170,1.0731968283519931e-01,4.2382812500000000e-01,256,matplotlib zero contour of analytic SDF sampled on N256 cell centers
numeric_sdf_sampled_zero_contour,171,1.0658216124253214e-01,4.2773437500000000e-01,256,matplotlib zero contour of analytic SDF sampled on N256 cell centers
numeric_sdf_sampled_zero_contour,172,1.0588467461404064e-01,4.3164062500000000e-01,256,matplotlib zero contour of analytic SDF sampled on N256 cell centers
numeric_sdf_sampled_zero_contour,173,1.0522703102667798e-01,4.3554687500000000e-01,256,matplotlib zero contour of analytic SDF sampled on N256 cell centers
numeric_sdf_sampled_zero_contour,174,1.0460904770437388e-01,4.3945312500000000e-01,256,matplotlib zero contour of analytic SDF sampled on N256 cell centers
numeric_sdf_sampled_zero_contour,175,1.0403055126248345e-01,4.4335937500000000e-01,256,matplotlib zero contour of analytic SDF sampled on N256 cell centers
numeric_sdf_sampled_zero_contour,176,1.0351562500000000e-01,4.4708973175194444e-01,256,matplotlib zero contour of analytic SDF sampled on N256 cell centers
numeric_sdf_sampled_zero_contour,177,1.0349138209475171e-01,4.4726562500000000e-01,256,matplotlib zero contour of analytic SDF sampled on N256 cell centers
numeric_sdf_sampled_zero_contour,178,1.0299145100138245e-01,4.5117187500000000e-01,256,matplotlib zero contour of analytic SDF sampled on N256 cell centers
numeric_sdf_sampled_zero_contour,179,1.0253051812019649e-01,4.5507812500000000e-01,256,matplotlib zero contour of analytic SDF sampled on N256 cell centers
numeric_sdf_sampled_zero_contour,180,1.0210845493977140e-01,4.5898437500000000e-01,256,matplotlib zero contour of analytic SDF sampled on N256 cell centers
numeric_sdf_sampled_zero_contour,181,1.0172514301347663e-01,4.6289062500000000e-01,256,matplotlib zero contour of analytic SDF sampled on N256 cell centers
numeric_sdf_sampled_zero_contour,182,1.0138047412367562e-01,4.6679687500000000e-01,256,matplotlib zero contour of analytic SDF sampled on N256 cell centers
numeric_sdf_sampled_zero_contour,183,1.0107435043275895e-01,4.7070312499999994e-01,256,matplotlib zero contour of analytic SDF sampled on N256 cell centers
numeric_sdf_sampled_zero_contour,184,1.0080668462052370e-01,4.7460937500000006e-01,256,matplotlib zero contour of analytic SDF sampled on N256 cell centers
numeric_sdf_sampled_zero_contour,185,1.0057740000745323e-01,4.7851562500000000e-01,256,matplotlib zero contour of analytic SDF sampled on N256 cell centers
numeric_sdf_sampled_zero_contour,186,1.0038643066349592e-01,4.8242187500000000e-01,256,matplotlib zero contour of analytic SDF sampled on N256 cell centers
numeric_sdf_sampled_zero_contour,187,1.0023372150198390e-01,4.8632812500000000e-01,256,matplotlib zero contour of analytic SDF sampled on N256 cell centers
numeric_sdf_sampled_zero_contour,188,1.0011922835838247e-01,4.9023437499999994e-01,256,matplotlib zero contour of analytic SDF sampled on N256 cell centers
numeric_sdf_sampled_zero_contour,189,1.0004291805360746e-01,4.9414062500000000e-01,256,matplotlib zero contour of analytic SDF sampled on N256 cell centers
numeric_sdf_sampled_zero_contour,190,1.0000476844170034e-01,4.9804687500000000e-01,256,matplotlib zero contour of analytic SDF sampled on N256 cell centers
numeric_sdf_sampled_zero_contour,191,1.0000476844170034e-01,5.0195312500000000e-01,256,matplotlib zero contour of analytic SDF sampled on N256 cell centers
numeric_sdf_sampled_zero_contour,192,1.0004291805360746e-01,5.0585937500000000e-01,256,matplotlib zero contour of analytic SDF sampled on N256 cell centers
numeric_sdf_sampled_zero_contour,193,1.0011922835838247e-01,5.0976562500000000e-01,256,matplotlib zero contour of analytic SDF sampled on N256 cell centers
numeric_sdf_sampled_zero_contour,194,1.0023372150198390e-01,5.1367187500000000e-01,256,matplotlib zero contour of analytic SDF sampled on N256 cell centers
numeric_sdf_sampled_zero_contour,195,1.0038643066349592e-01,5.1757812500000000e-01,256,matplotlib zero contour of analytic SDF sampled on N256 cell centers
numeric_sdf_sampled_zero_contour,196,1.0057740000745323e-01,5.2148437500000000e-01,256,matplotlib zero contour of analytic SDF sampled on N256 cell centers
numeric_sdf_sampled_zero_contour,197,1.0080668462052370e-01,5.2539062500000000e-01,256,matplotlib zero contour of analytic SDF sampled on N256 cell centers
numeric_sdf_sampled_zero_contour,198,1.0107435043275895e-01,5.2929687500000000e-01,256,matplotlib zero contour of analytic SDF sampled on N256 cell centers
numeric_sdf_sampled_zero_contour,199,1.0138047412367562e-01,5.3320312500000000e-01,256,matplotlib zero contour of analytic SDF sampled on N256 cell centers
numeric_sdf_sampled_zero_contour,200,1.0172514301347663e-01,5.3710937500000000e-01,256,matplotlib zero contour of analytic SDF sampled on N256 cell centers
numeric_sdf_sampled_zero_contour,201,1.0210845493977140e-01,5.4101562500000000e-01,256,matplotlib zero contour of analytic SDF sampled on N256 cell centers
numeric_sdf_sampled_zero_contour,202,1.0253051812019649e-01,5.4492187500000000e-01,256,matplotlib zero contour of analytic SDF sampled on N256 cell centers
numeric_sdf_sampled_zero_contour,203,1.0299145100138245e-01,5.4882812500000000e-01,256,matplotlib zero contour of analytic SDF sampled on N256 cell centers
numeric_sdf_sampled_zero_contour,204,1.0349138209475171e-01,5.5273437500000000e-01,256,matplotlib zero contour of analytic SDF sampled on N256 cell centers
numeric_sdf_sampled_zero_contour,205,1.0351562500000000e-01,5.5291026824805556e-01,256,matplotlib zero contour of analytic SDF sampled on N256 cell centers
numeric_sdf_sampled_zero_contour,206,1.0403055126248345e-01,5.5664062500000000e-01,256,matplotlib zero contour of analytic SDF sampled on N256 cell centers
numeric_sdf_sampled_zero_contour,207,1.0460904770437388e-01,5.6054687500000000e-01,256,matplotlib zero contour of analytic SDF sampled on N256 cell centers
numeric_sdf_sampled_zero_contour,208,1.0522703102667798e-01,5.6445312500000000e-01,256,matplotlib zero contour of analytic SDF sampled on N256 cell centers
numeric_sdf_sampled_zero_contour,209,1.0588467461404064e-01,5.6835937500000000e-01,256,matplotlib zero contour of analytic SDF sampled on N256 cell centers
numeric_sdf_sampled_zero_contour,210,1.0658216124253214e-01,5.7226562500000000e-01,256,matplotlib zero contour of analytic SDF sampled on N256 cell centers
numeric_sdf_sampled_zero_contour,211,1.0731968283519931e-01,5.7617187500000000e-01,256,matplotlib zero contour of analytic SDF sampled on N256 cell centers
numeric_sdf_sampled_zero_contour,212,1.0742187500000000e-01,5.7668597203353922e-01,256,matplotlib zero contour of analytic SDF sampled on N256 cell centers
numeric_sdf_sampled_zero_contour,213,1.0809770880391843e-01,5.8007812500000000e-01,256,matplotlib zero contour of analytic SDF sampled on N256 cell centers
numeric_sdf_sampled_zero_contour,214,1.0891629348014366e-01,5.8398437500000000e-01,256,matplotlib zero contour of analytic SDF sampled on N256 cell centers
numeric_sdf_sampled_zero_contour,215,1.0977562614121281e-01,5.8789062500000000e-01,256,matplotlib zero contour of analytic SDF sampled on N256 cell centers
numeric_sdf_sampled_zero_contour,216,1.1067594131592065e-01,5.9179687500000000e-01,256,matplotlib zero contour of analytic SDF sampled on N256 cell centers
numeric_sdf_sampled_zero_contour,217,1.1132812500000001e-01,5.9450453236519363e-01,256,matplotlib zero contour of analytic SDF sampled on N256 cell centers
numeric_sdf_sampled_zero_contour,218,1.1161764788435033e-01,5.9570312499999989e-01,256,matplotlib zero contour of analytic SDF sampled on N256 cell centers
numeric_sdf_sampled_zero_contour,219,1.1260128571062440e-01,5.9960937500000011e-01,256,matplotlib zero contour of analytic SDF sampled on N256 cell centers
numeric_sdf_sampled_zero_contour,220,1.1362677589401708e-01,6.0351562500000000e-01,256,matplotlib zero contour of analytic SDF sampled on N256 cell centers
numeric_sdf_sampled_zero_contour,221,1.1469439329382113e-01,6.0742187500000000e-01,256,matplotlib zero contour of analytic SDF sampled on N256 cell centers
numeric_sdf_sampled_zero_contour,222,1.1523437500000000e-01,6.0932468459310096e-01,256,matplotlib zero contour of analytic SDF sampled on N256 cell centers
numeric_sdf_sampled_zero_contour,223,1.1580486704720838e-01,6.1132812500000000e-01,256,matplotlib zero contour of analytic SDF sampled on N256 cell centers
numeric_sdf_sampled_zero_contour,224,1.1695858419440758e-01,6.1523437500000000e-01,256,matplotlib zero contour of analytic SDF sampled on N256 cell centers
numeric_sdf_sampled_zero_contour,225,1.1815545395802202e-01,6.1914062500000000e-01,256,matplotlib zero contour of analytic SDF sampled on N256 cell centers
numeric_sdf_sampled_zero_contour,226,1.1914062500000000e-01,6.2224514714961643e-01,256,matplotlib zero contour of analytic SDF sampled on N256 cell centers
numeric_sdf_sampled_zero_contour,227,1.1939603575843674e-01,6.2304687500000000e-01,256,matplotlib zero contour of analytic SDF sampled on N256 cell centers
numeric_sdf_sampled_zero_contour,228,1.2068148452196280e-01,6.2695312500000000e-01,256,matplotlib zero contour of analytic SDF sampled on N256 cell centers
numeric_sdf_sampled_zero_contour,229,1.2201123407934648e-01,6.3085937500000000e-01,256,matplotlib zero contour of analytic SDF sampled on N256 cell centers
numeric_sdf_sampled_zero_contour,230,1.2304687500000000e-01,6.3380517436883510e-01,256,matplotlib zero contour of analytic SDF sampled on N256 cell centers
numeric_sdf_sampled_zero_contour,231,1.2338602263937744e-01,6.3476562500000000e-01,256,matplotlib zero contour of analytic SDF sampled on N256 cell centers
numeric_sdf_sampled_zero_contour,232,1.2480717403606945e-01,6.3867187500000000e-01,256,matplotlib zero contour of analytic SDF sampled on N256 cell centers
numeric_sdf_sampled_zero_contour,233,1.2627389517321541e-01,6.4257812500000000e-01,256,matplotlib zero contour of analytic SDF sampled on N256 cell centers
numeric_sdf_sampled_zero_contour,234,1.2695312500000000e-01,6.4433553105618635e-01,256,matplotlib zero contour of analytic SDF sampled on N256 cell centers
numeric_sdf_sampled_zero_contour,235,1.2778771880346620e-01,6.4648437500000000e-01,256,matplotlib zero contour of analytic SDF sampled on N256 cell centers
numeric_sdf_sampled_zero_contour,236,1.2934901939825308e-01,6.5039062500000000e-01,256,matplotlib zero contour of analytic SDF sampled on N256 cell centers
numeric_sdf_sampled_zero_contour,237,1.3085937500000000e-01,6.5405991049263135e-01,256,matplotlib zero contour of analytic SDF sampled on N256 cell centers
numeric_sdf_sampled_zero_contour,238,1.3095743020227482e-01,6.5429687500000000e-01,256,matplotlib zero contour of analytic SDF sampled on N256 cell centers
numeric_sdf_sampled_zero_contour,239,1.3261575969098316e-01,6.5820312500000000e-01,256,matplotlib zero contour of analytic SDF sampled on N256 cell centers
numeric_sdf_sampled_zero_contour,240,1.3432213625763320e-01,6.6210937500000000e-01,256,matplotlib zero contour of analytic SDF sampled on N256 cell centers
numeric_sdf_sampled_zero_contour,241,1.3476562500000000e-01,6.6309950568280485e-01,256,matplotlib zero contour of analytic SDF sampled on N256 cell centers
numeric_sdf_sampled_zero_contour,242,1.3607937150812874e-01,6.6601562500000000e-01,256,matplotlib zero contour of analytic SDF sampled on N256 cell centers
numeric_sdf_sampled_zero_contour,243,1.3788659726309607e-01,6.6992187500000000e-01,256,matplotlib zero contour of analytic SDF sampled on N256 cell centers
numeric_sdf_sampled_zero_contour,244,1.3867187500000000e-01,6.7157781695785057e-01,256,matplotlib zero contour of analytic SDF sampled on N256 cell centers
numeric_sdf_sampled_zero_contour,245,1.3974563668267306e-01,6.7382812500000000e-01,256,matplotlib zero contour of analytic SDF sampled on N256 cell centers
numeric_sdf_sampled_zero_contour,246,1.4165665708326791e-01,6.7773437500000000e-01,256,matplotlib zero contour of analytic SDF sampled on N256 cell centers
numeric_sdf_sampled_zero_contour,247,1.4257812500000000e-01,6.7957329585557835e-01,256,matplotlib zero contour of analytic SDF sampled on N256 cell centers
numeric_sdf_sampled_zero_contour,248,1.4362089693262683e-01,6.8164062500000000e-01,256,matplotlib zero contour of analytic SDF sampled on N256 cell centers
numeric_sdf_sampled_zero_contour,249,1.4563888044387155e-01,6.8554687500000000e-01,256,matplotlib zero contour of analytic SDF sampled on N256 cell centers
numeric_sdf_sampled_zero_contour,250,1.4648437500000000e-01,6.8714652866634418e-01,256,matplotlib zero contour of analytic SDF sampled on N256 cell centers
numeric_sdf_sampled_zero_contour,251,1.4771208741704253e-01,6.8945312500000000e-01,256,matplotlib zero contour of analytic SDF sampled on N256 cell centers
numeric_sdf_sampled_zero_contour,252,1.4984043172456574e-01,6.9335937500000000e-01,256,matplotlib zero contour of analytic SDF sampled on N256 cell centers
numeric_sdf_sampled_zero_contour,253,1.5039062500000000e-01,6.9434784996034771e-01,256,matplotlib zero contour of analytic SDF sampled on N256 cell centers
numeric_sdf_sampled_zero_contour,254,1.5202677030179410e-01,6.9726562500000000e-01,256,matplotlib zero contour of analytic SDF sampled on N256 cell centers
numeric_sdf_sampled_zero_contour,255,1.5426910798426127e-01,7.0117187500000000e-01,256,matplotlib zero contour of analytic SDF sampled on N256 cell centers
numeric_sdf_sampled_zero_contour,256,1.5429687500000000e-01,7.0121931636699586e-01,256,matplotlib zero contour of analytic SDF sampled on N256 cell centers
numeric_sdf_sampled_zero_contour,257,1.5657316833209714e-01,7.0507812500000000e-01,256,matplotlib zero contour of analytic SDF sampled on N256 cell centers
numeric_sdf_sampled_zero_contour,258,1.5820312500000000e-01,7.0777996908372087e-01,256,matplotlib zero contour of analytic SDF sampled on N256 cell centers
numeric_sdf_sampled_zero_contour,259,1.5893564671493282e-01,7.0898437500000000e-01,256,matplotlib zero contour of analytic SDF sampled on N256 cell centers
numeric_sdf_sampled_zero_contour,260,1.6136019844688138e-01,7.1289062500000000e-01,256,matplotlib zero contour of analytic SDF sampled on N256 cell centers
numeric_sdf_sampled_zero_contour,261,1.6210937500000000e-01,7.1407389171203928e-01,256,matplotlib zero contour of analytic SDF sampled on N256 cell centers
numeric_sdf_sampled_zero_contour,262,1.6384823834479537e-01,7.1679687500000000e-01,256,matplotlib zero contour of analytic SDF sampled on N256 cell centers
numeric_sdf_sampled_zero_contour,263,1.6601562500000000e-01,7.2012060864337180e-01,256,matplotlib zero contour of analytic SDF sampled on N256 cell centers
numeric_sdf_sampled_zero_contour,264,1.6639886560923828e-01,7.2070312500000000e-01,256,matplotlib zero contour of analytic SDF sampled on N256 cell centers
numeric_sdf_sampled_zero_contour,265,1.6901695514598894e-01,7.2460937500000000e-01,256,matplotlib zero contour of analytic SDF sampled on N256 cell centers
numeric_sdf_sampled_zero_contour,266,1.6992187500000000e-01,7.2593385531181087e-01,256,matplotlib zero contour of analytic SDF sampled on N256 cell centers
numeric_sdf_sampled_zero_contour,267,1.7170231046916071e-01,7.2851562499999989e-01,256,matplotlib zero contour of analytic SDF sampled on N256 cell centers
numeric_sdf_sampled_zero_contour,268,1.7382812500000000e-01,7.3153860802183035e-01,256,matplotlib zero contour of analytic SDF sampled on N256 cell centers
numeric_sdf_sampled_zero_contour,269,1.7445526584528129e-01,7.3242187500000000e-01,256,matplotlib zero contour of analytic SDF sampled on N256 cell centers
numeric_sdf_sampled_zero_contour,270,1.7727957504443009e-01,7.3632812500000000e-01,256,matplotlib zero contour of analytic SDF sampled on N256 cell centers
numeric_sdf_sampled_zero_contour,271,1.7773437500000000e-01,7.3694630776900927e-01,256,matplotlib zero contour of analytic SDF sampled on N256 cell centers
numeric_sdf_sampled_zero_contour,272,1.8017792705243416e-01,7.4023437500000000e-01,256,matplotlib zero contour of analytic SDF sampled on N256 cell centers
numeric_sdf_sampled_zero_contour,273,1.8164062500000000e-01,7.4216707511382685e-01,256,matplotlib zero contour of analytic SDF sampled on N256 cell centers
numeric_sdf_sampled_zero_contour,274,1.8314986959914523e-01,7.4414062500000011e-01,256,matplotlib zero contour of analytic SDF sampled on N256 cell centers
numeric_sdf_sampled_zero_contour,275,1.8554687500000000e-01,7.4721984720478940e-01,256,matplotlib zero contour of analytic SDF sampled on N256 cell centers
numeric_sdf_sampled_zero_contour,276,1.8619762756825767e-01,7.4804687500000000e-01,256,matplotlib zero contour of analytic SDF sampled on N256 cell centers
numeric_sdf_sampled_zero_contour,277,1.8932423493612557e-01,7.5195312500000000e-01,256,matplotlib zero contour of analytic SDF sampled on N256 cell centers
numeric_sdf_sampled_zero_contour,278,1.8945312500000000e-01,7.5211164660825136e-01,256,matplotlib zero contour of analytic SDF sampled on N256 cell centers
numeric_sdf_sampled_zero_contour,279,1.9253464442650126e-01,7.5585937500000000e-01,256,matplotlib zero contour of analytic SDF sampled on N256 cell centers
numeric_sdf_sampled_zero_contour,280,1.9335937500000000e-01,7.5684594511845038e-01,256,matplotlib zero contour of analytic SDF sampled on N256 cell centers
numeric_sdf_sampled_zero_contour,281,1.9582845886937772e-01,7.5976562500000000e-01,256,matplotlib zero contour of analytic SDF sampled on N256 cell centers
numeric_sdf_sampled_zero_contour,282,1.9726562500000000e-01,7.6143787069881863e-01,256,matplotlib zero contour of analytic SDF sampled on N256 cell centers
numeric_sdf_sampled_zero_contour,283,1.9920856940072776e-01,7.6367187500000000e-01,256,matplotlib zero contour of analytic SDF sampled on N256 cell centers
numeric_sdf_sampled_zero_contour,284,2.0117187500000000e-01,7.6589407884381078e-01,256,matplotlib zero contour of analytic SDF sampled on N256 cell centers
numeric_sdf_sampled_zero_contour,285,2.0267807574024807e-01,7.6757812500000000e-01,256,matplotlib zero contour of analytic SDF sampled on N256 cell centers
numeric_sdf_sampled_zero_contour,286,2.0507812499999997e-01,7.7022077658156962e-01,256,matplotlib zero contour of analytic SDF sampled on N256 cell centers
numeric_sdf_sampled_zero_contour,287,2.0624030097345616e-01,7.7148437500000000e-01,256,matplotlib zero contour of analytic SDF sampled on N256 cell centers
numeric_sdf_sampled_zero_contour,288,2.0898437500000000e-01,7.7442375365291971e-01,256,matplotlib zero contour of analytic SDF sampled on N256 cell centers
numeric_sdf_sampled_zero_contour,289,2.0989880737078259e-01,7.7539062500000000e-01,256,matplotlib zero contour of analytic SDF sampled on N256 cell centers
numeric_sdf_sampled_zero_contour,290,2.1289062500000000e-01,7.7850841122651837e-01,256,matplotlib zero contour of analytic SDF sampled on N256 cell centers
numeric_sdf_sampled_zero_contour,291,2.1365741333824748e-01,7.7929687500000000e-01,256,matplotlib zero contour of analytic SDF sampled on N256 cell centers
numeric_sdf_sampled_zero_contour,292,2.1679687500000000e-01,7.8247978839408061e-01,256,matplotlib zero contour of analytic SDF sampled on N256 cell centers
numeric_sdf_sampled_zero_contour,293,2.1752021160591942e-01,7.8320312500000000e-01,256,matplotlib zero contour of analytic SDF sampled on N256 cell centers
numeric_sdf_sampled_zero_contour,294,2.2070312500000000e-01,7.8634258666175261e-01,256,matplotlib zero contour of analytic SDF sampled on N256 cell centers
numeric_sdf_sampled_zero_contour,295,2.2149158877348160e-01,7.8710937500000000e-01,256,matplotlib zero contour of analytic SDF sampled on N256 cell centers
numeric_sdf_sampled_zero_contour,296,2.2460937500000003e-01,7.9010119262921741e-01,256,matplotlib zero contour of analytic SDF sampled on N256 cell centers
numeric_sdf_sampled_zero_contour,297,2.2557624634708023e-01,7.9101562500000000e-01,256,matplotlib zero contour of analytic SDF sampled on N256 cell centers
numeric_sdf_sampled_zero_contour,298,2.2851562500000000e-01,7.9375969902654386e-01,256,matplotlib zero contour of analytic SDF sampled on N256 cell centers
numeric_sdf_sampled_zero_contour,299,2.2977922341843030e-01,7.9492187500000000e-01,256,matplotlib zero contour of analytic SDF sampled on N256 cell centers
numeric_sdf_sampled_zero_contour,300,2.3242187500000000e-01,7.9732192425975190e-01,256,matplotlib zero contour of analytic SDF sampled on N256 cell centers
numeric_sdf_sampled_zero_contour,301,2.3410592115618917e-01,7.9882812500000000e-01,256,matplotlib zero contour of analytic SDF sampled on N256 cell centers
numeric_sdf_sampled_zero_contour,302,2.3632812500000000e-01,8.0079143059927227e-01,256,matplotlib zero contour of analytic SDF sampled on N256 cell centers
numeric_sdf_sampled_zero_contour,303,2.3856212930118134e-01,8.0273437500000000e-01,256,matplotlib zero contour of analytic SDF sampled on N256 cell centers
numeric_sdf_sampled_zero_contour,304,2.4023437500000000e-01,8.0417154113062228e-01,256,matplotlib zero contour of analytic SDF sampled on N256 cell centers
numeric_sdf_sampled_zero_contour,305,2.4315405488154965e-01,8.0664062500000000e-01,256,matplotlib zero contour of analytic SDF sampled on N256 cell centers
numeric_sdf_sampled_zero_contour,306,2.4414062500000000e-01,8.0746535557349874e-01,256,matplotlib zero contour of analytic SDF sampled on N256 cell centers
numeric_sdf_sampled_zero_contour,307,2.4788835339174867e-01,8.1054687500000000e-01,256,matplotlib zero contour of analytic SDF sampled on N256 cell centers
numeric_sdf_sampled_zero_contour,308,2.4804687500000000e-01,8.1067576506387440e-01,256,matplotlib zero contour of analytic SDF sampled on N256 cell centers
numeric_sdf_sampled_zero_contour,309,2.5195312500000000e-01,8.1380237243174236e-01,256,matplotlib zero contour of analytic SDF sampled on N256 cell centers
numeric_sdf_sampled_zero_contour,310,2.5278015279521060e-01,8.1445312500000000e-01,256,matplotlib zero contour of analytic SDF sampled on N256 cell centers
numeric_sdf_sampled_zero_contour,311,2.5585937500000000e-01,8.1685013040085486e-01,256,matplotlib zero contour of analytic SDF sampled on N256 cell centers
numeric_sdf_sampled_zero_contour,312,2.5783292488617310e-01,8.1835937500000000e-01,256,matplotlib zero contour of analytic SDF sampled on N256 cell centers
numeric_sdf_sampled_zero_contour,313,2.5976562500000000e-01,8.1982207294756582e-01,256,matplotlib zero contour of analytic SDF sampled on N256 cell centers
numeric_sdf_sampled_zero_contour,314,2.6305369223099073e-01,8.2226562500000000e-01,256,matplotlib zero contour of analytic SDF sampled on N256 cell centers
numeric_sdf_sampled_zero_contour,315,2.6367187500000000e-01,8.2272042495556996e-01,256,matplotlib zero contour of analytic SDF sampled on N256 cell centers
numeric_sdf_sampled_zero_contour,316,2.6757812500000000e-01,8.2554473415471874e-01,256,matplotlib zero contour of analytic SDF sampled on N256 cell centers
numeric_sdf_sampled_zero_contour,317,2.6846139197816965e-01,8.2617187499999989e-01,256,matplotlib zero contour of analytic SDF sampled on N256 cell centers
numeric_sdf_sampled_zero_contour,318,2.7148437500000000e-01,8.2829768953083927e-01,256,matplotlib zero contour of analytic SDF sampled on N256 cell centers
numeric_sdf_sampled_zero_contour,319,2.7406614468818913e-01,8.3007812500000000e-01,256,matplotlib zero contour of analytic SDF sampled on N256 cell centers
numeric_sdf_sampled_zero_contour,320,2.7539062500000000e-01,8.3098304485401109e-01,256,matplotlib zero contour of analytic SDF sampled on N256 cell centers
numeric_sdf_sampled_zero_contour,321,2.7929687499999994e-01,8.3360113439076167e-01,256,matplotlib zero contour of analytic SDF sampled on N256 cell centers
numeric_sdf_sampled_zero_contour,322,2.7987939135662820e-01,8.3398437500000000e-01,256,matplotlib zero contour of analytic SDF sampled on N256 cell centers
numeric_sdf_sampled_zero_contour,323,2.8320312500000000e-01,8.3615176165520455e-01,256,matplotlib zero contour of analytic SDF sampled on N256 cell centers
numeric_sdf_sampled_zero_contour,324,2.8592610828796072e-01,8.3789062500000000e-01,256,matplotlib zero contour of analytic SDF sampled on N256 cell centers
numeric_sdf_sampled_zero_contour,325,2.8710937500000000e-01,8.3863980155311857e-01,256,matplotlib zero contour of analytic SDF sampled on N256 cell centers
numeric_sdf_sampled_zero_contour,326,2.9101562500000000e-01,8.4106435328506723e-01,256,matplotlib zero contour of analytic SDF sampled on N256 cell centers
numeric_sdf_sampled_zero_contour,327,2.9222003091627924e-01,8.4179687500000000e-01,256,matplotlib zero contour of analytic SDF sampled on N256 cell centers
numeric_sdf_sampled_zero_contour,328,2.9492187500000000e-01,8.4342683166790289e-01,256,matplotlib zero contour of analytic SDF sampled on N256 cell centers
numeric_sdf_sampled_zero_contour,329,2.9878068363300414e-01,8.4570312500000000e-01,256,matplotlib zero contour of analytic SDF sampled on N256 cell centers
numeric_sdf_sampled_zero_contour,330,2.9882812500000000e-01,8.4573089201573870e-01,256,matplotlib zero contour of analytic SDF sampled on N256 cell centers
numeric_sdf_sampled_zero_contour,331,3.0273437500000000e-01,8.4797322969820588e-01,256,matplotlib zero contour of analytic SDF sampled on N256 cell centers
numeric_sdf_sampled_zero_contour,332,3.0565215003965235e-01,8.4960937500000000e-01,256,matplotlib zero contour of analytic SDF sampled on N256 cell centers
numeric_sdf_sampled_zero_contour,333,3.0664062500000000e-01,8.5015956827543426e-01,256,matplotlib zero contour of analytic SDF sampled on N256 cell centers
numeric_sdf_sampled_zero_contour,334,3.1054687500000000e-01,8.5228791258295733e-01,256,matplotlib zero contour of analytic SDF sampled on N256 cell centers
numeric_sdf_sampled_zero_contour,335,3.1285347133365587e-01,8.5351562500000000e-01,256,matplotlib zero contour of analytic SDF sampled on N256 cell centers
numeric_sdf_sampled_zero_contour,336,3.1445312500000000e-01,8.5436111955612848e-01,256,matplotlib zero contour of analytic SDF sampled on N256 cell centers
numeric_sdf_sampled_zero_contour,337,3.1835937500000000e-01,8.5637910306737308e-01,256,matplotlib zero contour of analytic SDF sampled on N256 cell centers
numeric_sdf_sampled_zero_contour,338,3.2042670414442165e-01,8.5742187500000000e-01,256,matplotlib zero contour of analytic SDF sampled on N256 cell centers
numeric_sdf_sampled_zero_contour,339,3.2226562500000000e-01,8.5834334291673209e-01,256,matplotlib zero contour of analytic SDF sampled on N256 cell centers
numeric_sdf_sampled_zero_contour,340,3.2617187500000000e-01,8.6025436331732685e-01,256,matplotlib zero contour of analytic SDF sampled on N256 cell centers
numeric_sdf_sampled_zero_contour,341,3.2842218304214943e-01,8.6132812500000000e-01,256,matplotlib zero contour of analytic SDF sampled on N256 cell centers
numeric_sdf_sampled_zero_contour,342,3.3007812500000000e-01,8.6211340273690396e-01,256,matplotlib zero contour of analytic SDF sampled on N256 cell centers
numeric_sdf_sampled_zero_contour,343,3.3398437500000000e-01,8.6392062849187135e-01,256,matplotlib zero contour of analytic SDF sampled on N256 cell centers
numeric_sdf_sampled_zero_contour,344,3.3690049431719515e-01,8.6523437500000000e-01,256,matplotlib zero contour of analytic SDF sampled on N256 cell centers
numeric_sdf_sampled_zero_contour,345,3.3789062500000000e-01,8.6567786374236677e-01,256,matplotlib zero contour of analytic SDF sampled on N256 cell centers
numeric_sdf_sampled_zero_contour,346,3.4179687500000000e-01,8.6738424030901684e-01,256,matplotlib zero contour of analytic SDF sampled on N256 cell centers
numeric_sdf_sampled_zero_contour,347,3.4570312500000000e-01,8.6904256979772532e-01,256,matplotlib zero contour of analytic SDF sampled on N256 cell centers
numeric_sdf_sampled_zero_contour,348,3.4594008950736865e-01,8.6914062500000000e-01,256,matplotlib zero contour of analytic SDF sampled on N256 cell centers
numeric_sdf_sampled_zero_contour,349,3.4960937500000000e-01,8.7065098060174695e-01,256,matplotlib zero contour of analytic SDF sampled on N256 cell centers
numeric_sdf_sampled_zero_contour,350,3.5351562500000000e-01,8.7221228119653371e-01,256,matplotlib zero contour of analytic SDF sampled on N256 cell centers
numeric_sdf_sampled_zero_contour,351,3.5566446894381359e-01,8.7304687500000000e-01,256,matplotlib zero contour of analytic SDF sampled on N256 cell centers
numeric_sdf_sampled_zero_contour,352,3.5742187500000000e-01,8.7372610482678459e-01,256,matplotlib zero contour of analytic SDF sampled on N256 cell centers
numeric_sdf_sampled_zero_contour,353,3.6132812500000000e-01,8.7519282596393055e-01,256,matplotlib zero contour of analytic SDF sampled on N256 cell centers
numeric_sdf_sampled_zero_contour,354,3.6523437500000000e-01,8.7661397736062252e-01,256,matplotlib zero contour of analytic SDF sampled on N256 cell centers
numeric_sdf_sampled_zero_contour,355,3.6619482563116490e-01,8.7695312500000000e-01,256,matplotlib zero contour of analytic SDF sampled on N256 cell centers
numeric_sdf_sampled_zero_contour,356,3.6914062500000000e-01,8.7798876592065356e-01,256,matplotlib zero contour of analytic SDF sampled on N256 cell centers
numeric_sdf_sampled_zero_contour,357,3.7304687500000000e-01,8.7931851547803719e-01,256,matplotlib zero contour of analytic SDF sampled on N256 cell centers
numeric_sdf_sampled_zero_contour,358,3.7695312500000006e-01,8.8060396424156329e-01,256,matplotlib zero contour of analytic SDF sampled on N256 cell centers
numeric_sdf_sampled_zero_contour,359,3.7775485285038363e-01,8.8085937500000000e-01,256,matplotlib zero contour of analytic SDF sampled on N256 cell centers
numeric_sdf_sampled_zero_contour,360,3.8085937500000000e-01,8.8184454604197804e-01,256,matplotlib zero contour of analytic SDF sampled on N256 cell centers
numeric_sdf_sampled_zero_contour,361,3.8476562500000000e-01,8.8304141580559248e-01,256,matplotlib zero contour of analytic SDF sampled on N256 cell centers
numeric_sdf_sampled_zero_contour,362,3.8867187500000000e-01,8.8419513295279173e-01,256,matplotlib zero contour of analytic SDF sampled on N256 cell centers
numeric_sdf_sampled_zero_contour,363,3.9067531540689904e-01,8.8476562500000000e-01,256,matplotlib zero contour of analytic SDF sampled on N256 cell centers
numeric_sdf_sampled_zero_contour,364,3.9257812500000000e-01,8.8530560670617886e-01,256,matplotlib zero contour of analytic SDF sampled on N256 cell centers
numeric_sdf_sampled_zero_contour,365,3.9648437500000000e-01,8.8637322410598296e-01,256,matplotlib zero contour of analytic SDF sampled on N256 cell centers
numeric_sdf_sampled_zero_contour,366,4.0039062500000000e-01,8.8739871428937567e-01,256,matplotlib zero contour of analytic SDF sampled on N256 cell centers
numeric_sdf_sampled_zero_contour,367,4.0429687499999994e-01,8.8838235211564953e-01,256,matplotlib zero contour of analytic SDF sampled on N256 cell centers
numeric_sdf_sampled_zero_contour,368,4.0549546763480637e-01,8.8867187500000000e-01,256,matplotlib zero contour of analytic SDF sampled on N256 cell centers
numeric_sdf_sampled_zero_contour,369,4.0820312500000000e-01,8.8932405868407938e-01,256,matplotlib zero contour of analytic SDF sampled on N256 cell centers
numeric_sdf_sampled_zero_contour,370,4.1210937500000000e-01,8.9022437385878717e-01,256,matplotlib zero contour of analytic SDF sampled on N256 cell centers
numeric_sdf_sampled_zero_contour,371,4.1601562500000000e-01,8.9108370651985636e-01,256,matplotlib zero contour of analytic SDF sampled on N256 cell centers
numeric_sdf_sampled_zero_contour,372,4.1992187500000000e-01,8.9190229119608166e-01,256,matplotlib zero contour of analytic SDF sampled on N256 cell centers
numeric_sdf_sampled_zero_contour,373,4.2331402796646073e-01,8.9257812500000000e-01,256,matplotlib zero contour of analytic SDF sampled on N256 cell centers
numeric_sdf_sampled_zero_contour,374,4.2382812500000000e-01,8.9268031716480067e-01,256,matplotlib zero contour of analytic SDF sampled on N256 cell centers
numeric_sdf_sampled_zero_contour,375,4.2773437500000000e-01,8.9341783875746783e-01,256,matplotlib zero contour of analytic SDF sampled on N256 cell centers
numeric_sdf_sampled_zero_contour,376,4.3164062500000000e-01,8.9411532538595939e-01,256,matplotlib zero contour of analytic SDF sampled on N256 cell centers
numeric_sdf_sampled_zero_contour,377,4.3554687500000000e-01,8.9477296897332204e-01,256,matplotlib zero contour of analytic SDF sampled on N256 cell centers
numeric_sdf_sampled_zero_contour,378,4.3945312500000000e-01,8.9539095229562615e-01,256,matplotlib zero contour of analytic SDF sampled on N256 cell centers
numeric_sdf_sampled_zero_contour,379,4.4335937500000000e-01,8.9596944873751649e-01,256,matplotlib zero contour of analytic SDF sampled on N256 cell centers
numeric_sdf_sampled_zero_contour,380,4.4708973175194444e-01,8.9648437500000000e-01,256,matplotlib zero contour of analytic SDF sampled on N256 cell centers
numeric_sdf_sampled_zero_contour,381,4.4726562500000000e-01,8.9650861790524827e-01,256,matplotlib zero contour of analytic SDF sampled on N256 cell centers
numeric_sdf_sampled_zero_contour,382,4.5117187500000000e-01,8.9700854899861759e-01,256,matplotlib zero contour of analytic SDF sampled on N256 cell centers
numeric_sdf_sampled_zero_contour,383,4.5507812500000000e-01,8.9746948187980347e-01,256,matplotlib zero contour of analytic SDF sampled on N256 cell centers
numeric_sdf_sampled_zero_contour,384,4.5898437500000000e-01,8.9789154506022861e-01,256,matplotlib zero contour of analytic SDF sampled on N256 cell centers
numeric_sdf_sampled_zero_contour,385,4.6289062500000000e-01,8.9827485698652332e-01,256,matplotlib zero contour of analytic SDF sampled on N256 cell centers
numeric_sdf_sampled_zero_contour,386,4.6679687500000000e-01,8.9861952587632443e-01,256,matplotlib zero contour of analytic SDF sampled on N256 cell centers
numeric_sdf_sampled_zero_contour,387,4.7070312499999994e-01,8.9892564956724097e-01,256,matplotlib zero contour of analytic SDF sampled on N256 cell centers
numeric_sdf_sampled_zero_contour,388,4.7460937500000006e-01,8.9919331537947644e-01,256,matplotlib zero contour of analytic SDF sampled on N256 cell centers
numeric_sdf_sampled_zero_contour,389,4.7851562500000000e-01,8.9942259999254670e-01,256,matplotlib zero contour of analytic SDF sampled on N256 cell centers
numeric_sdf_sampled_zero_contour,390,4.8242187500000000e-01,8.9961356933650416e-01,256,matplotlib zero contour of analytic SDF sampled on N256 cell centers
numeric_sdf_sampled_zero_contour,391,4.8632812500000000e-01,8.9976627849801605e-01,256,matplotlib zero contour of analytic SDF sampled on N256 cell centers
numeric_sdf_sampled_zero_contour,392,4.9023437499999994e-01,8.9988077164161751e-01,256,matplotlib zero contour of analytic SDF sampled on N256 cell centers
numeric_sdf_sampled_zero_contour,393,4.9414062500000000e-01,8.9995708194639257e-01,256,matplotlib zero contour of analytic SDF sampled on N256 cell centers
numeric_sdf_sampled_zero_contour,394,4.9804687500000000e-01,8.9999523155829964e-01,256,matplotlib zero contour of analytic SDF sampled on N256 cell centers
numeric_sdf_sampled_zero_contour,395,5.0195312500000000e-01,8.9999523155829964e-01,256,matplotlib zero contour of analytic SDF sampled on N256 cell centers
numeric_sdf_sampled_zero_contour,396,5.0585937500000000e-01,8.9995708194639257e-01,256,matplotlib zero contour of analytic SDF sampled on N256 cell centers
numeric_sdf_sampled_zero_contour,397,5.0976562500000000e-01,8.9988077164161751e-01,256,matplotlib zero contour of analytic SDF sampled on N256 cell centers
numeric_sdf_sampled_zero_contour,398,5.1367187500000000e-01,8.9976627849801605e-01,256,matplotlib zero contour of analytic SDF sampled on N256 cell centers
numeric_sdf_sampled_zero_contour,399,5.1757812500000000e-01,8.9961356933650416e-01,256,matplotlib zero contour of analytic SDF sampled on N256 cell centers
numeric_sdf_sampled_zero_contour,400,5.2148437500000000e-01,8.9942259999254670e-01,256,matplotlib zero contour of analytic SDF sampled on N256 cell centers
numeric_sdf_sampled_zero_contour,401,5.2539062500000000e-01,8.9919331537947644e-01,256,matplotlib zero contour of analytic SDF sampled on N256 cell centers
numeric_sdf_sampled_zero_contour,402,5.2929687500000000e-01,8.9892564956724097e-01,256,matplotlib zero contour of analytic SDF sampled on N256 cell centers
numeric_sdf_sampled_zero_contour,403,5.3320312500000000e-01,8.9861952587632443e-01,256,matplotlib zero contour of analytic SDF sampled on N256 cell centers
numeric_sdf_sampled_zero_contour,404,5.3710937500000000e-01,8.9827485698652332e-01,256,matplotlib zero contour of analytic SDF sampled on N256 cell centers
numeric_sdf_sampled_zero_contour,405,5.4101562500000000e-01,8.9789154506022861e-01,256,matplotlib zero contour of analytic SDF sampled on N256 cell centers
numeric_sdf_sampled_zero_contour,406,5.4492187500000000e-01,8.9746948187980347e-01,256,matplotlib zero contour of analytic SDF sampled on N256 cell centers
numeric_sdf_sampled_zero_contour,407,5.4882812500000000e-01,8.9700854899861759e-01,256,matplotlib zero contour of analytic SDF sampled on N256 cell centers
numeric_sdf_sampled_zero_contour,408,5.5273437500000000e-01,8.9650861790524827e-01,256,matplotlib zero contour of analytic SDF sampled on N256 cell centers
numeric_sdf_sampled_zero_contour,409,5.5291026824805556e-01,8.9648437500000000e-01,256,matplotlib zero contour of analytic SDF sampled on N256 cell centers
numeric_sdf_sampled_zero_contour,410,5.5664062500000000e-01,8.9596944873751649e-01,256,matplotlib zero contour of analytic SDF sampled on N256 cell centers
numeric_sdf_sampled_zero_contour,411,5.6054687500000000e-01,8.9539095229562615e-01,256,matplotlib zero contour of analytic SDF sampled on N256 cell centers
numeric_sdf_sampled_zero_contour,412,5.6445312500000000e-01,8.9477296897332204e-01,256,matplotlib zero contour of analytic SDF sampled on N256 cell centers
numeric_sdf_sampled_zero_contour,413,5.6835937500000000e-01,8.9411532538595939e-01,256,matplotlib zero contour of analytic SDF sampled on N256 cell centers
numeric_sdf_sampled_zero_contour,414,5.7226562500000000e-01,8.9341783875746783e-01,256,matplotlib zero contour of analytic SDF sampled on N256 cell centers
numeric_sdf_sampled_zero_contour,415,5.7617187500000000e-01,8.9268031716480067e-01,256,matplotlib zero contour of analytic SDF sampled on N256 cell centers
numeric_sdf_sampled_zero_contour,416,5.7668597203353922e-01,8.9257812500000000e-01,256,matplotlib zero contour of analytic SDF sampled on N256 cell centers
numeric_sdf_sampled_zero_contour,417,5.8007812500000000e-01,8.9190229119608166e-01,256,matplotlib zero contour of analytic SDF sampled on N256 cell centers
numeric_sdf_sampled_zero_contour,418,5.8398437500000000e-01,8.9108370651985636e-01,256,matplotlib zero contour of analytic SDF sampled on N256 cell centers
numeric_sdf_sampled_zero_contour,419,5.8789062500000000e-01,8.9022437385878717e-01,256,matplotlib zero contour of analytic SDF sampled on N256 cell centers
numeric_sdf_sampled_zero_contour,420,5.9179687500000000e-01,8.8932405868407938e-01,256,matplotlib zero contour of analytic SDF sampled on N256 cell centers
numeric_sdf_sampled_zero_contour,421,5.9450453236519363e-01,8.8867187500000000e-01,256,matplotlib zero contour of analytic SDF sampled on N256 cell centers
numeric_sdf_sampled_zero_contour,422,5.9570312499999989e-01,8.8838235211564953e-01,256,matplotlib zero contour of analytic SDF sampled on N256 cell centers
numeric_sdf_sampled_zero_contour,423,5.9960937500000011e-01,8.8739871428937567e-01,256,matplotlib zero contour of analytic SDF sampled on N256 cell centers
numeric_sdf_sampled_zero_contour,424,6.0351562500000000e-01,8.8637322410598296e-01,256,matplotlib zero contour of analytic SDF sampled on N256 cell centers
numeric_sdf_sampled_zero_contour,425,6.0742187500000000e-01,8.8530560670617886e-01,256,matplotlib zero contour of analytic SDF sampled on N256 cell centers
numeric_sdf_sampled_zero_contour,426,6.0932468459310096e-01,8.8476562500000000e-01,256,matplotlib zero contour of analytic SDF sampled on N256 cell centers
numeric_sdf_sampled_zero_contour,427,6.1132812500000000e-01,8.8419513295279173e-01,256,matplotlib zero contour of analytic SDF sampled on N256 cell centers
numeric_sdf_sampled_zero_contour,428,6.1523437500000000e-01,8.8304141580559248e-01,256,matplotlib zero contour of analytic SDF sampled on N256 cell centers
numeric_sdf_sampled_zero_contour,429,6.1914062500000000e-01,8.8184454604197804e-01,256,matplotlib zero contour of analytic SDF sampled on N256 cell centers
numeric_sdf_sampled_zero_contour,430,6.2224514714961643e-01,8.8085937500000000e-01,256,matplotlib zero contour of analytic SDF sampled on N256 cell centers
numeric_sdf_sampled_zero_contour,431,6.2304687500000000e-01,8.8060396424156329e-01,256,matplotlib zero contour of analytic SDF sampled on N256 cell centers
numeric_sdf_sampled_zero_contour,432,6.2695312500000000e-01,8.7931851547803719e-01,256,matplotlib zero contour of analytic SDF sampled on N256 cell centers
numeric_sdf_sampled_zero_contour,433,6.3085937500000000e-01,8.7798876592065356e-01,256,matplotlib zero contour of analytic SDF sampled on N256 cell centers
numeric_sdf_sampled_zero_contour,434,6.3380517436883510e-01,8.7695312500000000e-01,256,matplotlib zero contour of analytic SDF sampled on N256 cell centers
numeric_sdf_sampled_zero_contour,435,6.3476562500000000e-01,8.7661397736062252e-01,256,matplotlib zero contour of analytic SDF sampled on N256 cell centers
numeric_sdf_sampled_zero_contour,436,6.3867187500000000e-01,8.7519282596393055e-01,256,matplotlib zero contour of analytic SDF sampled on N256 cell centers
numeric_sdf_sampled_zero_contour,437,6.4257812500000000e-01,8.7372610482678459e-01,256,matplotlib zero contour of analytic SDF sampled on N256 cell centers
numeric_sdf_sampled_zero_contour,438,6.4433553105618635e-01,8.7304687500000000e-01,256,matplotlib zero contour of analytic SDF sampled on N256 cell centers
numeric_sdf_sampled_zero_contour,439,6.4648437500000000e-01,8.7221228119653371e-01,256,matplotlib zero contour of analytic SDF sampled on N256 cell centers
numeric_sdf_sampled_zero_contour,440,6.5039062500000000e-01,8.7065098060174695e-01,256,matplotlib zero contour of analytic SDF sampled on N256 cell centers
numeric_sdf_sampled_zero_contour,441,6.5405991049263135e-01,8.6914062500000000e-01,256,matplotlib zero contour of analytic SDF sampled on N256 cell centers
numeric_sdf_sampled_zero_contour,442,6.5429687500000000e-01,8.6904256979772532e-01,256,matplotlib zero contour of analytic SDF sampled on N256 cell centers
numeric_sdf_sampled_zero_contour,443,6.5820312500000000e-01,8.6738424030901684e-01,256,matplotlib zero contour of analytic SDF sampled on N256 cell centers
numeric_sdf_sampled_zero_contour,444,6.6210937500000000e-01,8.6567786374236677e-01,256,matplotlib zero contour of analytic SDF sampled on N256 cell centers
numeric_sdf_sampled_zero_contour,445,6.6309950568280485e-01,8.6523437500000000e-01,256,matplotlib zero contour of analytic SDF sampled on N256 cell centers
numeric_sdf_sampled_zero_contour,446,6.6601562500000000e-01,8.6392062849187135e-01,256,matplotlib zero contour of analytic SDF sampled on N256 cell centers
numeric_sdf_sampled_zero_contour,447,6.6992187500000000e-01,8.6211340273690396e-01,256,matplotlib zero contour of analytic SDF sampled on N256 cell centers
numeric_sdf_sampled_zero_contour,448,6.7157781695785057e-01,8.6132812500000000e-01,256,matplotlib zero contour of analytic SDF sampled on N256 cell centers
numeric_sdf_sampled_zero_contour,449,6.7382812500000000e-01,8.6025436331732685e-01,256,matplotlib zero contour of analytic SDF sampled on N256 cell centers
numeric_sdf_sampled_zero_contour,450,6.7773437500000000e-01,8.5834334291673209e-01,256,matplotlib zero contour of analytic SDF sampled on N256 cell centers
numeric_sdf_sampled_zero_contour,451,6.7957329585557835e-01,8.5742187500000000e-01,256,matplotlib zero contour of analytic SDF sampled on N256 cell centers
numeric_sdf_sampled_zero_contour,452,6.8164062500000000e-01,8.5637910306737308e-01,256,matplotlib zero contour of analytic SDF sampled on N256 cell centers
numeric_sdf_sampled_zero_contour,453,6.8554687500000000e-01,8.5436111955612848e-01,256,matplotlib zero contour of analytic SDF sampled on N256 cell centers
numeric_sdf_sampled_zero_contour,454,6.8714652866634418e-01,8.5351562500000000e-01,256,matplotlib zero contour of analytic SDF sampled on N256 cell centers
numeric_sdf_sampled_zero_contour,455,6.8945312500000000e-01,8.5228791258295733e-01,256,matplotlib zero contour of analytic SDF sampled on N256 cell centers
numeric_sdf_sampled_zero_contour,456,6.9335937500000000e-01,8.5015956827543426e-01,256,matplotlib zero contour of analytic SDF sampled on N256 cell centers
numeric_sdf_sampled_zero_contour,457,6.9434784996034771e-01,8.4960937500000000e-01,256,matplotlib zero contour of analytic SDF sampled on N256 cell centers
numeric_sdf_sampled_zero_contour,458,6.9726562500000000e-01,8.4797322969820588e-01,256,matplotlib zero contour of analytic SDF sampled on N256 cell centers
numeric_sdf_sampled_zero_contour,459,7.0117187500000000e-01,8.4573089201573870e-01,256,matplotlib zero contour of analytic SDF sampled on N256 cell centers
numeric_sdf_sampled_zero_contour,460,7.0121931636699586e-01,8.4570312500000000e-01,256,matplotlib zero contour of analytic SDF sampled on N256 cell centers
numeric_sdf_sampled_zero_contour,461,7.0507812500000000e-01,8.4342683166790289e-01,256,matplotlib zero contour of analytic SDF sampled on N256 cell centers
numeric_sdf_sampled_zero_contour,462,7.0777996908372087e-01,8.4179687500000000e-01,256,matplotlib zero contour of analytic SDF sampled on N256 cell centers
numeric_sdf_sampled_zero_contour,463,7.0898437500000000e-01,8.4106435328506723e-01,256,matplotlib zero contour of analytic SDF sampled on N256 cell centers
numeric_sdf_sampled_zero_contour,464,7.1289062500000000e-01,8.3863980155311857e-01,256,matplotlib zero contour of analytic SDF sampled on N256 cell centers
numeric_sdf_sampled_zero_contour,465,7.1407389171203928e-01,8.3789062500000000e-01,256,matplotlib zero contour of analytic SDF sampled on N256 cell centers
numeric_sdf_sampled_zero_contour,466,7.1679687500000000e-01,8.3615176165520455e-01,256,matplotlib zero contour of analytic SDF sampled on N256 cell centers
numeric_sdf_sampled_zero_contour,467,7.2012060864337180e-01,8.3398437500000000e-01,256,matplotlib zero contour of analytic SDF sampled on N256 cell centers
numeric_sdf_sampled_zero_contour,468,7.2070312500000000e-01,8.3360113439076167e-01,256,matplotlib zero contour of analytic SDF sampled on N256 cell centers
numeric_sdf_sampled_zero_contour,469,7.2460937500000000e-01,8.3098304485401109e-01,256,matplotlib zero contour of analytic SDF sampled on N256 cell centers
numeric_sdf_sampled_zero_contour,470,7.2593385531181087e-01,8.3007812500000000e-01,256,matplotlib zero contour of analytic SDF sampled on N256 cell centers
numeric_sdf_sampled_zero_contour,471,7.2851562499999989e-01,8.2829768953083927e-01,256,matplotlib zero contour of analytic SDF sampled on N256 cell centers
numeric_sdf_sampled_zero_contour,472,7.3153860802183035e-01,8.2617187499999989e-01,256,matplotlib zero contour of analytic SDF sampled on N256 cell centers
numeric_sdf_sampled_zero_contour,473,7.3242187500000000e-01,8.2554473415471874e-01,256,matplotlib zero contour of analytic SDF sampled on N256 cell centers
numeric_sdf_sampled_zero_contour,474,7.3632812500000000e-01,8.2272042495556996e-01,256,matplotlib zero contour of analytic SDF sampled on N256 cell centers
numeric_sdf_sampled_zero_contour,475,7.3694630776900927e-01,8.2226562500000000e-01,256,matplotlib zero contour of analytic SDF sampled on N256 cell centers
numeric_sdf_sampled_zero_contour,476,7.4023437500000000e-01,8.1982207294756582e-01,256,matplotlib zero contour of analytic SDF sampled on N256 cell centers
numeric_sdf_sampled_zero_contour,477,7.4216707511382685e-01,8.1835937500000000e-01,256,matplotlib zero contour of analytic SDF sampled on N256 cell centers
numeric_sdf_sampled_zero_contour,478,7.4414062500000011e-01,8.1685013040085486e-01,256,matplotlib zero contour of analytic SDF sampled on N256 cell centers
numeric_sdf_sampled_zero_contour,479,7.4721984720478940e-01,8.1445312500000000e-01,256,matplotlib zero contour of analytic SDF sampled on N256 cell centers
numeric_sdf_sampled_zero_contour,480,7.4804687500000000e-01,8.1380237243174236e-01,256,matplotlib zero contour of analytic SDF sampled on N256 cell centers
numeric_sdf_sampled_zero_contour,481,7.5195312500000000e-01,8.1067576506387440e-01,256,matplotlib zero contour of analytic SDF sampled on N256 cell centers
numeric_sdf_sampled_zero_contour,482,7.5211164660825136e-01,8.1054687500000000e-01,256,matplotlib zero contour of analytic SDF sampled on N256 cell centers
numeric_sdf_sampled_zero_contour,483,7.5585937500000000e-01,8.0746535557349874e-01,256,matplotlib zero contour of analytic SDF sampled on N256 cell centers
numeric_sdf_sampled_zero_contour,484,7.5684594511845038e-01,8.0664062500000000e-01,256,matplotlib zero contour of analytic SDF sampled on N256 cell centers
numeric_sdf_sampled_zero_contour,485,7.5976562500000000e-01,8.0417154113062228e-01,256,matplotlib zero contour of analytic SDF sampled on N256 cell centers
numeric_sdf_sampled_zero_contour,486,7.6143787069881863e-01,8.0273437500000000e-01,256,matplotlib zero contour of analytic SDF sampled on N256 cell centers
numeric_sdf_sampled_zero_contour,487,7.6367187500000000e-01,8.0079143059927227e-01,256,matplotlib zero contour of analytic SDF sampled on N256 cell centers
numeric_sdf_sampled_zero_contour,488,7.6589407884381078e-01,7.9882812500000000e-01,256,matplotlib zero contour of analytic SDF sampled on N256 cell centers
numeric_sdf_sampled_zero_contour,489,7.6757812500000000e-01,7.9732192425975190e-01,256,matplotlib zero contour of analytic SDF sampled on N256 cell centers
numeric_sdf_sampled_zero_contour,490,7.7022077658156962e-01,7.9492187500000000e-01,256,matplotlib zero contour of analytic SDF sampled on N256 cell centers
numeric_sdf_sampled_zero_contour,491,7.7148437500000000e-01,7.9375969902654386e-01,256,matplotlib zero contour of analytic SDF sampled on N256 cell centers
numeric_sdf_sampled_zero_contour,492,7.7442375365291971e-01,7.9101562500000000e-01,256,matplotlib zero contour of analytic SDF sampled on N256 cell centers
numeric_sdf_sampled_zero_contour,493,7.7539062500000000e-01,7.9010119262921741e-01,256,matplotlib zero contour of analytic SDF sampled on N256 cell centers
numeric_sdf_sampled_zero_contour,494,7.7850841122651837e-01,7.8710937500000000e-01,256,matplotlib zero contour of analytic SDF sampled on N256 cell centers
numeric_sdf_sampled_zero_contour,495,7.7929687500000000e-01,7.8634258666175261e-01,256,matplotlib zero contour of analytic SDF sampled on N256 cell centers
numeric_sdf_sampled_zero_contour,496,7.8247978839408061e-01,7.8320312500000000e-01,256,matplotlib zero contour of analytic SDF sampled on N256 cell centers
numeric_sdf_sampled_zero_contour,497,7.8320312500000000e-01,7.8247978839408061e-01,256,matplotlib zero contour of analytic SDF sampled on N256 cell centers
numeric_sdf_sampled_zero_contour,498,7.8634258666175261e-01,7.7929687500000000e-01,256,matplotlib zero contour of analytic SDF sampled on N256 cell centers
numeric_sdf_sampled_zero_contour,499,7.8710937500000000e-01,7.7850841122651837e-01,256,matplotlib zero contour of analytic SDF sampled on N256 cell centers
numeric_sdf_sampled_zero_contour,500,7.9010119262921741e-01,7.7539062500000000e-01,256,matplotlib zero contour of analytic SDF sampled on N256 cell centers
numeric_sdf_sampled_zero_contour,501,7.9101562500000000e-01,7.7442375365291971e-01,256,matplotlib zero contour of analytic SDF sampled on N256 cell centers
numeric_sdf_sampled_zero_contour,502,7.9375969902654386e-01,7.7148437500000000e-01,256,matplotlib zero contour of analytic SDF sampled on N256 cell centers
numeric_sdf_sampled_zero_contour,503,7.9492187500000000e-01,7.7022077658156962e-01,256,matplotlib zero contour of analytic SDF sampled on N256 cell centers
numeric_sdf_sampled_zero_contour,504,7.9732192425975190e-01,7.6757812500000000e-01,256,matplotlib zero contour of analytic SDF sampled on N256 cell centers
numeric_sdf_sampled_zero_contour,505,7.9882812500000000e-01,7.6589407884381078e-01,256,matplotlib zero contour of analytic SDF sampled on N256 cell centers
numeric_sdf_sampled_zero_contour,506,8.0079143059927227e-01,7.6367187500000000e-01,256,matplotlib zero contour of analytic SDF sampled on N256 cell centers
numeric_sdf_sampled_zero_contour,507,8.0273437500000000e-01,7.6143787069881863e-01,256,matplotlib zero contour of analytic SDF sampled on N256 cell centers
numeric_sdf_sampled_zero_contour,508,8.0417154113062228e-01,7.5976562500000000e-01,256,matplotlib zero contour of analytic SDF sampled on N256 cell centers
numeric_sdf_sampled_zero_contour,509,8.0664062500000000e-01,7.5684594511845038e-01,256,matplotlib zero contour of analytic SDF sampled on N256 cell centers
numeric_sdf_sampled_zero_contour,510,8.0746535557349874e-01,7.5585937500000000e-01,256,matplotlib zero contour of analytic SDF sampled on N256 cell centers
numeric_sdf_sampled_zero_contour,511,8.1054687500000000e-01,7.5211164660825136e-01,256,matplotlib zero contour of analytic SDF sampled on N256 cell centers
numeric_sdf_sampled_zero_contour,512,8.1067576506387440e-01,7.5195312500000000e-01,256,matplotlib zero contour of analytic SDF sampled on N256 cell centers
numeric_sdf_sampled_zero_contour,513,8.1380237243174236e-01,7.4804687500000000e-01,256,matplotlib zero contour of analytic SDF sampled on N256 cell centers
numeric_sdf_sampled_zero_contour,514,8.1445312500000000e-01,7.4721984720478940e-01,256,matplotlib zero contour of analytic SDF sampled on N256 cell centers
numeric_sdf_sampled_zero_contour,515,8.1685013040085486e-01,7.4414062500000011e-01,256,matplotlib zero contour of analytic SDF sampled on N256 cell centers
numeric_sdf_sampled_zero_contour,516,8.1835937500000000e-01,7.4216707511382685e-01,256,matplotlib zero contour of analytic SDF sampled on N256 cell centers
numeric_sdf_sampled_zero_contour,517,8.1982207294756582e-01,7.4023437500000000e-01,256,matplotlib zero contour of analytic SDF sampled on N256 cell centers
numeric_sdf_sampled_zero_contour,518,8.2226562500000000e-01,7.3694630776900927e-01,256,matplotlib zero contour of analytic SDF sampled on N256 cell centers
numeric_sdf_sampled_zero_contour,519,8.2272042495556996e-01,7.3632812500000000e-01,256,matplotlib zero contour of analytic SDF sampled on N256 cell centers
numeric_sdf_sampled_zero_contour,520,8.2554473415471874e-01,7.3242187500000000e-01,256,matplotlib zero contour of analytic SDF sampled on N256 cell centers
numeric_sdf_sampled_zero_contour,521,8.2617187499999989e-01,7.3153860802183035e-01,256,matplotlib zero contour of analytic SDF sampled on N256 cell centers
numeric_sdf_sampled_zero_contour,522,8.2829768953083927e-01,7.2851562499999989e-01,256,matplotlib zero contour of analytic SDF sampled on N256 cell centers
numeric_sdf_sampled_zero_contour,523,8.3007812500000000e-01,7.2593385531181087e-01,256,matplotlib zero contour of analytic SDF sampled on N256 cell centers
numeric_sdf_sampled_zero_contour,524,8.3098304485401109e-01,7.2460937500000000e-01,256,matplotlib zero contour of analytic SDF sampled on N256 cell centers
numeric_sdf_sampled_zero_contour,525,8.3360113439076167e-01,7.2070312500000000e-01,256,matplotlib zero contour of analytic SDF sampled on N256 cell centers
numeric_sdf_sampled_zero_contour,526,8.3398437500000000e-01,7.2012060864337180e-01,256,matplotlib zero contour of analytic SDF sampled on N256 cell centers
numeric_sdf_sampled_zero_contour,527,8.3615176165520455e-01,7.1679687500000000e-01,256,matplotlib zero contour of analytic SDF sampled on N256 cell centers
numeric_sdf_sampled_zero_contour,528,8.3789062500000000e-01,7.1407389171203928e-01,256,matplotlib zero contour of analytic SDF sampled on N256 cell centers
numeric_sdf_sampled_zero_contour,529,8.3863980155311857e-01,7.1289062500000000e-01,256,matplotlib zero contour of analytic SDF sampled on N256 cell centers
numeric_sdf_sampled_zero_contour,530,8.4106435328506723e-01,7.0898437500000000e-01,256,matplotlib zero contour of analytic SDF sampled on N256 cell centers
numeric_sdf_sampled_zero_contour,531,8.4179687500000000e-01,7.0777996908372087e-01,256,matplotlib zero contour of analytic SDF sampled on N256 cell centers
numeric_sdf_sampled_zero_contour,532,8.4342683166790289e-01,7.0507812500000000e-01,256,matplotlib zero contour of analytic SDF sampled on N256 cell centers
numeric_sdf_sampled_zero_contour,533,8.4570312500000000e-01,7.0121931636699586e-01,256,matplotlib zero contour of analytic SDF sampled on N256 cell centers
numeric_sdf_sampled_zero_contour,534,8.4573089201573870e-01,7.0117187500000000e-01,256,matplotlib zero contour of analytic SDF sampled on N256 cell centers
numeric_sdf_sampled_zero_contour,535,8.4797322969820588e-01,6.9726562500000000e-01,256,matplotlib zero contour of analytic SDF sampled on N256 cell centers
numeric_sdf_sampled_zero_contour,536,8.4960937500000000e-01,6.9434784996034771e-01,256,matplotlib zero contour of analytic SDF sampled on N256 cell centers
numeric_sdf_sampled_zero_contour,537,8.5015956827543426e-01,6.9335937500000000e-01,256,matplotlib zero contour of analytic SDF sampled on N256 cell centers
numeric_sdf_sampled_zero_contour,538,8.5228791258295733e-01,6.8945312500000000e-01,256,matplotlib zero contour of analytic SDF sampled on N256 cell centers
numeric_sdf_sampled_zero_contour,539,8.5351562500000000e-01,6.8714652866634418e-01,256,matplotlib zero contour of analytic SDF sampled on N256 cell centers
numeric_sdf_sampled_zero_contour,540,8.5436111955612848e-01,6.8554687500000000e-01,256,matplotlib zero contour of analytic SDF sampled on N256 cell centers
numeric_sdf_sampled_zero_contour,541,8.5637910306737308e-01,6.8164062500000000e-01,256,matplotlib zero contour of analytic SDF sampled on N256 cell centers
numeric_sdf_sampled_zero_contour,542,8.5742187500000000e-01,6.7957329585557835e-01,256,matplotlib zero contour of analytic SDF sampled on N256 cell centers
numeric_sdf_sampled_zero_contour,543,8.5834334291673209e-01,6.7773437500000000e-01,256,matplotlib zero contour of analytic SDF sampled on N256 cell centers
numeric_sdf_sampled_zero_contour,544,8.6025436331732685e-01,6.7382812500000000e-01,256,matplotlib zero contour of analytic SDF sampled on N256 cell centers
numeric_sdf_sampled_zero_contour,545,8.6132812500000000e-01,6.7157781695785057e-01,256,matplotlib zero contour of analytic SDF sampled on N256 cell centers
numeric_sdf_sampled_zero_contour,546,8.6211340273690396e-01,6.6992187500000000e-01,256,matplotlib zero contour of analytic SDF sampled on N256 cell centers
numeric_sdf_sampled_zero_contour,547,8.6392062849187135e-01,6.6601562500000000e-01,256,matplotlib zero contour of analytic SDF sampled on N256 cell centers
numeric_sdf_sampled_zero_contour,548,8.6523437500000000e-01,6.6309950568280485e-01,256,matplotlib zero contour of analytic SDF sampled on N256 cell centers
numeric_sdf_sampled_zero_contour,549,8.6567786374236677e-01,6.6210937500000000e-01,256,matplotlib zero contour of analytic SDF sampled on N256 cell centers
numeric_sdf_sampled_zero_contour,550,8.6738424030901684e-01,6.5820312500000000e-01,256,matplotlib zero contour of analytic SDF sampled on N256 cell centers
numeric_sdf_sampled_zero_contour,551,8.6904256979772532e-01,6.5429687500000000e-01,256,matplotlib zero contour of analytic SDF sampled on N256 cell centers
numeric_sdf_sampled_zero_contour,552,8.6914062500000000e-01,6.5405991049263135e-01,256,matplotlib zero contour of analytic SDF sampled on N256 cell centers
numeric_sdf_sampled_zero_contour,553,8.7065098060174695e-01,6.5039062500000000e-01,256,matplotlib zero contour of analytic SDF sampled on N256 cell centers
numeric_sdf_sampled_zero_contour,554,8.7221228119653371e-01,6.4648437500000000e-01,256,matplotlib zero contour of analytic SDF sampled on N256 cell centers
numeric_sdf_sampled_zero_contour,555,8.7304687500000000e-01,6.4433553105618635e-01,256,matplotlib zero contour of analytic SDF sampled on N256 cell centers
numeric_sdf_sampled_zero_contour,556,8.7372610482678459e-01,6.4257812500000000e-01,256,matplotlib zero contour of analytic SDF sampled on N256 cell centers
numeric_sdf_sampled_zero_contour,557,8.7519282596393055e-01,6.3867187500000000e-01,256,matplotlib zero contour of analytic SDF sampled on N256 cell centers
numeric_sdf_sampled_zero_contour,558,8.7661397736062252e-01,6.3476562500000000e-01,256,matplotlib zero contour of analytic SDF sampled on N256 cell centers
numeric_sdf_sampled_zero_contour,559,8.7695312500000000e-01,6.3380517436883510e-01,256,matplotlib zero contour of analytic SDF sampled on N256 cell centers
numeric_sdf_sampled_zero_contour,560,8.7798876592065356e-01,6.3085937500000000e-01,256,matplotlib zero contour of analytic SDF sampled on N256 cell centers
numeric_sdf_sampled_zero_contour,561,8.7931851547803719e-01,6.2695312500000000e-01,256,matplotlib zero contour of analytic SDF sampled on N256 cell centers
numeric_sdf_sampled_zero_contour,562,8.8060396424156329e-01,6.2304687500000000e-01,256,matplotlib zero contour of analytic SDF sampled on N256 cell centers
numeric_sdf_sampled_zero_contour,563,8.8085937500000000e-01,6.2224514714961643e-01,256,matplotlib zero contour of analytic SDF sampled on N256 cell centers
numeric_sdf_sampled_zero_contour,564,8.8184454604197804e-01,6.1914062500000000e-01,256,matplotlib zero contour of analytic SDF sampled on N256 cell centers
numeric_sdf_sampled_zero_contour,565,8.8304141580559248e-01,6.1523437500000000e-01,256,matplotlib zero contour of analytic SDF sampled on N256 cell centers
numeric_sdf_sampled_zero_contour,566,8.8419513295279173e-01,6.1132812500000000e-01,256,matplotlib zero contour of analytic SDF sampled on N256 cell centers
numeric_sdf_sampled_zero_contour,567,8.8476562500000000e-01,6.0932468459310096e-01,256,matplotlib zero contour of analytic SDF sampled on N256 cell centers
numeric_sdf_sampled_zero_contour,568,8.8530560670617886e-01,6.0742187500000000e-01,256,matplotlib zero contour of analytic SDF sampled on N256 cell centers
numeric_sdf_sampled_zero_contour,569,8.8637322410598296e-01,6.0351562500000000e-01,256,matplotlib zero contour of analytic SDF sampled on N256 cell centers
numeric_sdf_sampled_zero_contour,570,8.8739871428937567e-01,5.9960937500000011e-01,256,matplotlib zero contour of analytic SDF sampled on N256 cell centers
numeric_sdf_sampled_zero_contour,571,8.8838235211564953e-01,5.9570312499999989e-01,256,matplotlib zero contour of analytic SDF sampled on N256 cell centers
numeric_sdf_sampled_zero_contour,572,8.8867187500000000e-01,5.9450453236519363e-01,256,matplotlib zero contour of analytic SDF sampled on N256 cell centers
numeric_sdf_sampled_zero_contour,573,8.8932405868407938e-01,5.9179687500000000e-01,256,matplotlib zero contour of analytic SDF sampled on N256 cell centers
numeric_sdf_sampled_zero_contour,574,8.9022437385878717e-01,5.8789062500000000e-01,256,matplotlib zero contour of analytic SDF sampled on N256 cell centers
numeric_sdf_sampled_zero_contour,575,8.9108370651985636e-01,5.8398437500000000e-01,256,matplotlib zero contour of analytic SDF sampled on N256 cell centers
numeric_sdf_sampled_zero_contour,576,8.9190229119608166e-01,5.8007812500000000e-01,256,matplotlib zero contour of analytic SDF sampled on N256 cell centers
numeric_sdf_sampled_zero_contour,577,8.9257812500000000e-01,5.7668597203353922e-01,256,matplotlib zero contour of analytic SDF sampled on N256 cell centers
numeric_sdf_sampled_zero_contour,578,8.9268031716480067e-01,5.7617187500000000e-01,256,matplotlib zero contour of analytic SDF sampled on N256 cell centers
numeric_sdf_sampled_zero_contour,579,8.9341783875746783e-01,5.7226562500000000e-01,256,matplotlib zero contour of analytic SDF sampled on N256 cell centers
numeric_sdf_sampled_zero_contour,580,8.9411532538595939e-01,5.6835937500000000e-01,256,matplotlib zero contour of analytic SDF sampled on N256 cell centers
numeric_sdf_sampled_zero_contour,581,8.9477296897332204e-01,5.6445312500000000e-01,256,matplotlib zero contour of analytic SDF sampled on N256 cell centers
numeric_sdf_sampled_zero_contour,582,8.9539095229562615e-01,5.6054687500000000e-01,256,matplotlib zero contour of analytic SDF sampled on N256 cell centers
numeric_sdf_sampled_zero_contour,583,8.9596944873751649e-01,5.5664062500000000e-01,256,matplotlib zero contour of analytic SDF sampled on N256 cell centers
numeric_sdf_sampled_zero_contour,584,8.9648437500000000e-01,5.5291026824805556e-01,256,matplotlib zero contour of analytic SDF sampled on N256 cell centers
numeric_sdf_sampled_zero_contour,585,8.9650861790524827e-01,5.5273437500000000e-01,256,matplotlib zero contour of analytic SDF sampled on N256 cell centers
numeric_sdf_sampled_zero_contour,586,8.9700854899861759e-01,5.4882812500000000e-01,256,matplotlib zero contour of analytic SDF sampled on N256 cell centers
numeric_sdf_sampled_zero_contour,587,8.9746948187980347e-01,5.4492187500000000e-01,256,matplotlib zero contour of analytic SDF sampled on N256 cell centers
numeric_sdf_sampled_zero_contour,588,8.9789154506022861e-01,5.4101562500000000e-01,256,matplotlib zero contour of analytic SDF sampled on N256 cell centers
numeric_sdf_sampled_zero_contour,589,8.9827485698652332e-01,5.3710937500000000e-01,256,matplotlib zero contour of analytic SDF sampled on N256 cell centers
numeric_sdf_sampled_zero_contour,590,8.9861952587632443e-01,5.3320312500000000e-01,256,matplotlib zero contour of analytic SDF sampled on N256 cell centers
numeric_sdf_sampled_zero_contour,591,8.9892564956724097e-01,5.2929687500000000e-01,256,matplotlib zero contour of analytic SDF sampled on N256 cell centers
numeric_sdf_sampled_zero_contour,592,8.9919331537947644e-01,5.2539062500000000e-01,256,matplotlib zero contour of analytic SDF sampled on N256 cell centers
numeric_sdf_sampled_zero_contour,593,8.9942259999254670e-01,5.2148437500000000e-01,256,matplotlib zero contour of analytic SDF sampled on N256 cell centers
numeric_sdf_sampled_zero_contour,594,8.9961356933650416e-01,5.1757812500000000e-01,256,matplotlib zero contour of analytic SDF sampled on N256 cell centers
numeric_sdf_sampled_zero_contour,595,8.9976627849801605e-01,5.1367187500000000e-01,256,matplotlib zero contour of analytic SDF sampled on N256 cell centers
numeric_sdf_sampled_zero_contour,596,8.9988077164161751e-01,5.0976562500000000e-01,256,matplotlib zero contour of analytic SDF sampled on N256 cell centers
numeric_sdf_sampled_zero_contour,597,8.9995708194639257e-01,5.0585937500000000e-01,256,matplotlib zero contour of analytic SDF sampled on N256 cell centers
numeric_sdf_sampled_zero_contour,598,8.9999523155829964e-01,5.0195312500000000e-01,256,matplotlib zero contour of analytic SDF sampled on N256 cell centers
numeric_sdf_sampled_zero_contour,599,8.9999523155829964e-01,4.9804687500000000e-01,256,matplotlib zero contour of analytic SDF sampled on N256 cell centers
numeric_sdf_sampled_zero_contour,600,8.9995708194639257e-01,4.9414062500000000e-01,256,matplotlib zero contour of analytic SDF sampled on N256 cell centers
numeric_sdf_sampled_zero_contour,601,8.9988077164161751e-01,4.9023437499999994e-01,256,matplotlib zero contour of analytic SDF sampled on N256 cell centers
numeric_sdf_sampled_zero_contour,602,8.9976627849801605e-01,4.8632812500000000e-01,256,matplotlib zero contour of analytic SDF sampled on N256 cell centers
numeric_sdf_sampled_zero_contour,603,8.9961356933650416e-01,4.8242187500000000e-01,256,matplotlib zero contour of analytic SDF sampled on N256 cell centers
numeric_sdf_sampled_zero_contour,604,8.9942259999254670e-01,4.7851562500000000e-01,256,matplotlib zero contour of analytic SDF sampled on N256 cell centers
numeric_sdf_sampled_zero_contour,605,8.9919331537947644e-01,4.7460937500000006e-01,256,matplotlib zero contour of analytic SDF sampled on N256 cell centers
numeric_sdf_sampled_zero_contour,606,8.9892564956724097e-01,4.7070312499999994e-01,256,matplotlib zero contour of analytic SDF sampled on N256 cell centers
numeric_sdf_sampled_zero_contour,607,8.9861952587632443e-01,4.6679687500000000e-01,256,matplotlib zero contour of analytic SDF sampled on N256 cell centers
numeric_sdf_sampled_zero_contour,608,8.9827485698652332e-01,4.6289062500000000e-01,256,matplotlib zero contour of analytic SDF sampled on N256 cell centers
numeric_sdf_sampled_zero_contour,609,8.9789154506022861e-01,4.5898437500000000e-01,256,matplotlib zero contour of analytic SDF sampled on N256 cell centers
numeric_sdf_sampled_zero_contour,610,8.9746948187980347e-01,4.5507812500000000e-01,256,matplotlib zero contour of analytic SDF sampled on N256 cell centers
numeric_sdf_sampled_zero_contour,611,8.9700854899861759e-01,4.5117187500000000e-01,256,matplotlib zero contour of analytic SDF sampled on N256 cell centers
numeric_sdf_sampled_zero_contour,612,8.9650861790524827e-01,4.4726562500000000e-01,256,matplotlib zero contour of analytic SDF sampled on N256 cell centers
numeric_sdf_sampled_zero_contour,613,8.9648437500000000e-01,4.4708973175194444e-01,256,matplotlib zero contour of analytic SDF sampled on N256 cell centers
numeric_sdf_sampled_zero_contour,614,8.9596944873751649e-01,4.4335937500000000e-01,256,matplotlib zero contour of analytic SDF sampled on N256 cell centers
numeric_sdf_sampled_zero_contour,615,8.9539095229562615e-01,4.3945312500000000e-01,256,matplotlib zero contour of analytic SDF sampled on N256 cell centers
numeric_sdf_sampled_zero_contour,616,8.9477296897332204e-01,4.3554687500000000e-01,256,matplotlib zero contour of analytic SDF sampled on N256 cell centers
numeric_sdf_sampled_zero_contour,617,8.9411532538595939e-01,4.3164062500000000e-01,256,matplotlib zero contour of analytic SDF sampled on N256 cell centers
numeric_sdf_sampled_zero_contour,618,8.9341783875746783e-01,4.2773437500000000e-01,256,matplotlib zero contour of analytic SDF sampled on N256 cell centers
numeric_sdf_sampled_zero_contour,619,8.9268031716480067e-01,4.2382812500000000e-01,256,matplotlib zero contour of analytic SDF sampled on N256 cell centers
numeric_sdf_sampled_zero_contour,620,8.9257812500000000e-01,4.2331402796646073e-01,256,matplotlib zero contour of analytic SDF sampled on N256 cell centers
numeric_sdf_sampled_zero_contour,621,8.9190229119608166e-01,4.1992187500000000e-01,256,matplotlib zero contour of analytic SDF sampled on N256 cell centers
numeric_sdf_sampled_zero_contour,622,8.9108370651985636e-01,4.1601562500000000e-01,256,matplotlib zero contour of analytic SDF sampled on N256 cell centers
numeric_sdf_sampled_zero_contour,623,8.9022437385878717e-01,4.1210937500000000e-01,256,matplotlib zero contour of analytic SDF sampled on N256 cell centers
numeric_sdf_sampled_zero_contour,624,8.8932405868407938e-01,4.0820312500000000e-01,256,matplotlib zero contour of analytic SDF sampled on N256 cell centers
numeric_sdf_sampled_zero_contour,625,8.8867187500000000e-01,4.0549546763480637e-01,256,matplotlib zero contour of analytic SDF sampled on N256 cell centers
numeric_sdf_sampled_zero_contour,626,8.8838235211564953e-01,4.0429687499999994e-01,256,matplotlib zero contour of analytic SDF sampled on N256 cell centers
numeric_sdf_sampled_zero_contour,627,8.8739871428937567e-01,4.0039062500000000e-01,256,matplotlib zero contour of analytic SDF sampled on N256 cell centers
numeric_sdf_sampled_zero_contour,628,8.8637322410598296e-01,3.9648437500000000e-01,256,matplotlib zero contour of analytic SDF sampled on N256 cell centers
numeric_sdf_sampled_zero_contour,629,8.8530560670617886e-01,3.9257812500000000e-01,256,matplotlib zero contour of analytic SDF sampled on N256 cell centers
numeric_sdf_sampled_zero_contour,630,8.8476562500000000e-01,3.9067531540689904e-01,256,matplotlib zero contour of analytic SDF sampled on N256 cell centers
numeric_sdf_sampled_zero_contour,631,8.8419513295279173e-01,3.8867187500000000e-01,256,matplotlib zero contour of analytic SDF sampled on N256 cell centers
numeric_sdf_sampled_zero_contour,632,8.8304141580559248e-01,3.8476562500000000e-01,256,matplotlib zero contour of analytic SDF sampled on N256 cell centers
numeric_sdf_sampled_zero_contour,633,8.8184454604197804e-01,3.8085937500000000e-01,256,matplotlib zero contour of analytic SDF sampled on N256 cell centers
numeric_sdf_sampled_zero_contour,634,8.8085937500000000e-01,3.7775485285038363e-01,256,matplotlib zero contour of analytic SDF sampled on N256 cell centers
numeric_sdf_sampled_zero_contour,635,8.8060396424156329e-01,3.7695312500000006e-01,256,matplotlib zero contour of analytic SDF sampled on N256 cell centers
numeric_sdf_sampled_zero_contour,636,8.7931851547803719e-01,3.7304687500000000e-01,256,matplotlib zero contour of analytic SDF sampled on N256 cell centers
numeric_sdf_sampled_zero_contour,637,8.7798876592065356e-01,3.6914062500000000e-01,256,matplotlib zero contour of analytic SDF sampled on N256 cell centers
numeric_sdf_sampled_zero_contour,638,8.7695312500000000e-01,3.6619482563116490e-01,256,matplotlib zero contour of analytic SDF sampled on N256 cell centers
numeric_sdf_sampled_zero_contour,639,8.7661397736062252e-01,3.6523437500000000e-01,256,matplotlib zero contour of analytic SDF sampled on N256 cell centers
numeric_sdf_sampled_zero_contour,640,8.7519282596393055e-01,3.6132812500000000e-01,256,matplotlib zero contour of analytic SDF sampled on N256 cell centers
numeric_sdf_sampled_zero_contour,641,8.7372610482678459e-01,3.5742187500000000e-01,256,matplotlib zero contour of analytic SDF sampled on N256 cell centers
numeric_sdf_sampled_zero_contour,642,8.7304687500000000e-01,3.5566446894381359e-01,256,matplotlib zero contour of analytic SDF sampled on N256 cell centers
numeric_sdf_sampled_zero_contour,643,8.7221228119653371e-01,3.5351562500000000e-01,256,matplotlib zero contour of analytic SDF sampled on N256 cell centers
numeric_sdf_sampled_zero_contour,644,8.7065098060174695e-01,3.4960937500000000e-01,256,matplotlib zero contour of analytic SDF sampled on N256 cell centers
numeric_sdf_sampled_zero_contour,645,8.6914062500000000e-01,3.4594008950736865e-01,256,matplotlib zero contour of analytic SDF sampled on N256 cell centers
numeric_sdf_sampled_zero_contour,646,8.6904256979772532e-01,3.4570312500000000e-01,256,matplotlib zero contour of analytic SDF sampled on N256 cell centers
numeric_sdf_sampled_zero_contour,647,8.6738424030901684e-01,3.4179687500000000e-01,256,matplotlib zero contour of analytic SDF sampled on N256 cell centers
numeric_sdf_sampled_zero_contour,648,8.6567786374236677e-01,3.3789062500000000e-01,256,matplotlib zero contour of analytic SDF sampled on N256 cell centers
numeric_sdf_sampled_zero_contour,649,8.6523437500000000e-01,3.3690049431719515e-01,256,matplotlib zero contour of analytic SDF sampled on N256 cell centers
numeric_sdf_sampled_zero_contour,650,8.6392062849187135e-01,3.3398437500000000e-01,256,matplotlib zero contour of analytic SDF sampled on N256 cell centers
numeric_sdf_sampled_zero_contour,651,8.6211340273690396e-01,3.3007812500000000e-01,256,matplotlib zero contour of analytic SDF sampled on N256 cell centers
numeric_sdf_sampled_zero_contour,652,8.6132812500000000e-01,3.2842218304214943e-01,256,matplotlib zero contour of analytic SDF sampled on N256 cell centers
numeric_sdf_sampled_zero_contour,653,8.6025436331732685e-01,3.2617187500000000e-01,256,matplotlib zero contour of analytic SDF sampled on N256 cell centers
numeric_sdf_sampled_zero_contour,654,8.5834334291673209e-01,3.2226562500000000e-01,256,matplotlib zero contour of analytic SDF sampled on N256 cell centers
numeric_sdf_sampled_zero_contour,655,8.5742187500000000e-01,3.2042670414442165e-01,256,matplotlib zero contour of analytic SDF sampled on N256 cell centers
numeric_sdf_sampled_zero_contour,656,8.5637910306737308e-01,3.1835937500000000e-01,256,matplotlib zero contour of analytic SDF sampled on N256 cell centers
numeric_sdf_sampled_zero_contour,657,8.5436111955612848e-01,3.1445312500000000e-01,256,matplotlib zero contour of analytic SDF sampled on N256 cell centers
numeric_sdf_sampled_zero_contour,658,8.5351562500000000e-01,3.1285347133365587e-01,256,matplotlib zero contour of analytic SDF sampled on N256 cell centers
numeric_sdf_sampled_zero_contour,659,8.5228791258295733e-01,3.1054687500000000e-01,256,matplotlib zero contour of analytic SDF sampled on N256 cell centers
numeric_sdf_sampled_zero_contour,660,8.5015956827543426e-01,3.0664062500000000e-01,256,matplotlib zero contour of analytic SDF sampled on N256 cell centers
numeric_sdf_sampled_zero_contour,661,8.4960937500000000e-01,3.0565215003965235e-01,256,matplotlib zero contour of analytic SDF sampled on N256 cell centers
numeric_sdf_sampled_zero_contour,662,8.4797322969820588e-01,3.0273437500000000e-01,256,matplotlib zero contour of analytic SDF sampled on N256 cell centers
numeric_sdf_sampled_zero_contour,663,8.4573089201573870e-01,2.9882812500000000e-01,256,matplotlib zero contour of analytic SDF sampled on N256 cell centers
numeric_sdf_sampled_zero_contour,664,8.4570312500000000e-01,2.9878068363300414e-01,256,matplotlib zero contour of analytic SDF sampled on N256 cell centers
numeric_sdf_sampled_zero_contour,665,8.4342683166790289e-01,2.9492187500000000e-01,256,matplotlib zero contour of analytic SDF sampled on N256 cell centers
numeric_sdf_sampled_zero_contour,666,8.4179687500000000e-01,2.9222003091627924e-01,256,matplotlib zero contour of analytic SDF sampled on N256 cell centers
numeric_sdf_sampled_zero_contour,667,8.4106435328506723e-01,2.9101562500000000e-01,256,matplotlib zero contour of analytic SDF sampled on N256 cell centers
numeric_sdf_sampled_zero_contour,668,8.3863980155311857e-01,2.8710937500000000e-01,256,matplotlib zero contour of analytic SDF sampled on N256 cell centers
numeric_sdf_sampled_zero_contour,669,8.3789062500000000e-01,2.8592610828796072e-01,256,matplotlib zero contour of analytic SDF sampled on N256 cell centers
numeric_sdf_sampled_zero_contour,670,8.3615176165520455e-01,2.8320312500000000e-01,256,matplotlib zero contour of analytic SDF sampled on N256 cell centers
numeric_sdf_sampled_zero_contour,671,8.3398437500000000e-01,2.7987939135662820e-01,256,matplotlib zero contour of analytic SDF sampled on N256 cell centers
numeric_sdf_sampled_zero_contour,672,8.3360113439076167e-01,2.7929687499999994e-01,256,matplotlib zero contour of analytic SDF sampled on N256 cell centers
numeric_sdf_sampled_zero_contour,673,8.3098304485401109e-01,2.7539062500000000e-01,256,matplotlib zero contour of analytic SDF sampled on N256 cell centers
numeric_sdf_sampled_zero_contour,674,8.3007812500000000e-01,2.7406614468818913e-01,256,matplotlib zero contour of analytic SDF sampled on N256 cell centers
numeric_sdf_sampled_zero_contour,675,8.2829768953083927e-01,2.7148437500000000e-01,256,matplotlib zero contour of analytic SDF sampled on N256 cell centers
numeric_sdf_sampled_zero_contour,676,8.2617187499999989e-01,2.6846139197816965e-01,256,matplotlib zero contour of analytic SDF sampled on N256 cell centers
numeric_sdf_sampled_zero_contour,677,8.2554473415471874e-01,2.6757812500000000e-01,256,matplotlib zero contour of analytic SDF sampled on N256 cell centers
numeric_sdf_sampled_zero_contour,678,8.2272042495556996e-01,2.6367187500000000e-01,256,matplotlib zero contour of analytic SDF sampled on N256 cell centers
numeric_sdf_sampled_zero_contour,679,8.2226562500000000e-01,2.6305369223099073e-01,256,matplotlib zero contour of analytic SDF sampled on N256 cell centers
numeric_sdf_sampled_zero_contour,680,8.1982207294756582e-01,2.5976562500000000e-01,256,matplotlib zero contour of analytic SDF sampled on N256 cell centers
numeric_sdf_sampled_zero_contour,681,8.1835937500000000e-01,2.5783292488617310e-01,256,matplotlib zero contour of analytic SDF sampled on N256 cell centers
numeric_sdf_sampled_zero_contour,682,8.1685013040085486e-01,2.5585937500000000e-01,256,matplotlib zero contour of analytic SDF sampled on N256 cell centers
numeric_sdf_sampled_zero_contour,683,8.1445312500000000e-01,2.5278015279521060e-01,256,matplotlib zero contour of analytic SDF sampled on N256 cell centers
numeric_sdf_sampled_zero_contour,684,8.1380237243174236e-01,2.5195312500000000e-01,256,matplotlib zero contour of analytic SDF sampled on N256 cell centers
numeric_sdf_sampled_zero_contour,685,8.1067576506387440e-01,2.4804687500000000e-01,256,matplotlib zero contour of analytic SDF sampled on N256 cell centers
numeric_sdf_sampled_zero_contour,686,8.1054687500000000e-01,2.4788835339174867e-01,256,matplotlib zero contour of analytic SDF sampled on N256 cell centers
numeric_sdf_sampled_zero_contour,687,8.0746535557349874e-01,2.4414062500000000e-01,256,matplotlib zero contour of analytic SDF sampled on N256 cell centers
numeric_sdf_sampled_zero_contour,688,8.0664062500000000e-01,2.4315405488154965e-01,256,matplotlib zero contour of analytic SDF sampled on N256 cell centers
numeric_sdf_sampled_zero_contour,689,8.0417154113062228e-01,2.4023437500000000e-01,256,matplotlib zero contour of analytic SDF sampled on N256 cell centers
numeric_sdf_sampled_zero_contour,690,8.0273437500000000e-01,2.3856212930118134e-01,256,matplotlib zero contour of analytic SDF sampled on N256 cell centers
numeric_sdf_sampled_zero_contour,691,8.0079143059927227e-01,2.3632812500000000e-01,256,matplotlib zero contour of analytic SDF sampled on N256 cell centers
numeric_sdf_sampled_zero_contour,692,7.9882812500000000e-01,2.3410592115618917e-01,256,matplotlib zero contour of analytic SDF sampled on N256 cell centers
numeric_sdf_sampled_zero_contour,693,7.9732192425975190e-01,2.3242187500000000e-01,256,matplotlib zero contour of analytic SDF sampled on N256 cell centers
numeric_sdf_sampled_zero_contour,694,7.9492187500000000e-01,2.2977922341843030e-01,256,matplotlib zero contour of analytic SDF sampled on N256 cell centers
numeric_sdf_sampled_zero_contour,695,7.9375969902654386e-01,2.2851562500000000e-01,256,matplotlib zero contour of analytic SDF sampled on N256 cell centers
numeric_sdf_sampled_zero_contour,696,7.9101562500000000e-01,2.2557624634708023e-01,256,matplotlib zero contour of analytic SDF sampled on N256 cell centers
numeric_sdf_sampled_zero_contour,697,7.9010119262921741e-01,2.2460937500000003e-01,256,matplotlib zero contour of analytic SDF sampled on N256 cell centers
numeric_sdf_sampled_zero_contour,698,7.8710937500000000e-01,2.2149158877348160e-01,256,matplotlib zero contour of analytic SDF sampled on N256 cell centers
numeric_sdf_sampled_zero_contour,699,7.8634258666175261e-01,2.2070312500000000e-01,256,matplotlib zero contour of analytic SDF sampled on N256 cell centers
numeric_sdf_sampled_zero_contour,700,7.8320312500000000e-01,2.1752021160591942e-01,256,matplotlib zero contour of analytic SDF sampled on N256 cell centers
numeric_sdf_sampled_zero_contour,701,7.8247978839408061e-01,2.1679687500000000e-01,256,matplotlib zero contour of analytic SDF sampled on N256 cell centers
numeric_sdf_sampled_zero_contour,702,7.7929687500000000e-01,2.1365741333824748e-01,256,matplotlib zero contour of analytic SDF sampled on N256 cell centers
numeric_sdf_sampled_zero_contour,703,7.7850841122651837e-01,2.1289062500000000e-01,256,matplotlib zero contour of analytic SDF sampled on N256 cell centers
numeric_sdf_sampled_zero_contour,704,7.7539062500000000e-01,2.0989880737078259e-01,256,matplotlib zero contour of analytic SDF sampled on N256 cell centers
numeric_sdf_sampled_zero_contour,705,7.7442375365291971e-01,2.0898437500000000e-01,256,matplotlib zero contour of analytic SDF sampled on N256 cell centers
numeric_sdf_sampled_zero_contour,706,7.7148437500000000e-01,2.0624030097345616e-01,256,matplotlib zero contour of analytic SDF sampled on N256 cell centers
numeric_sdf_sampled_zero_contour,707,7.7022077658156962e-01,2.0507812499999997e-01,256,matplotlib zero contour of analytic SDF sampled on N256 cell centers
numeric_sdf_sampled_zero_contour,708,7.6757812500000000e-01,2.0267807574024807e-01,256,matplotlib zero contour of analytic SDF sampled on N256 cell centers
numeric_sdf_sampled_zero_contour,709,7.6589407884381078e-01,2.0117187500000000e-01,256,matplotlib zero contour of analytic SDF sampled on N256 cell centers
numeric_sdf_sampled_zero_contour,710,7.6367187500000000e-01,1.9920856940072776e-01,256,matplotlib zero contour of analytic SDF sampled on N256 cell centers
numeric_sdf_sampled_zero_contour,711,7.6143787069881863e-01,1.9726562500000000e-01,256,matplotlib zero contour of analytic SDF sampled on N256 cell centers
numeric_sdf_sampled_zero_contour,712,7.5976562500000000e-01,1.9582845886937772e-01,256,matplotlib zero contour of analytic SDF sampled on N256 cell centers
numeric_sdf_sampled_zero_contour,713,7.5684594511845038e-01,1.9335937500000000e-01,256,matplotlib zero contour of analytic SDF sampled on N256 cell centers
numeric_sdf_sampled_zero_contour,714,7.5585937500000000e-01,1.9253464442650126e-01,256,matplotlib zero contour of analytic SDF sampled on N256 cell centers
numeric_sdf_sampled_zero_contour,715,7.5211164660825136e-01,1.8945312500000000e-01,256,matplotlib zero contour of analytic SDF sampled on N256 cell centers
numeric_sdf_sampled_zero_contour,716,7.5195312500000000e-01,1.8932423493612557e-01,256,matplotlib zero contour of analytic SDF sampled on N256 cell centers
numeric_sdf_sampled_zero_contour,717,7.4804687500000000e-01,1.8619762756825767e-01,256,matplotlib zero contour of analytic SDF sampled on N256 cell centers
numeric_sdf_sampled_zero_contour,718,7.4721984720478940e-01,1.8554687500000000e-01,256,matplotlib zero contour of analytic SDF sampled on N256 cell centers
numeric_sdf_sampled_zero_contour,719,7.4414062500000011e-01,1.8314986959914523e-01,256,matplotlib zero contour of analytic SDF sampled on N256 cell centers
numeric_sdf_sampled_zero_contour,720,7.4216707511382685e-01,1.8164062500000000e-01,256,matplotlib zero contour of analytic SDF sampled on N256 cell centers
numeric_sdf_sampled_zero_contour,721,7.4023437500000000e-01,1.8017792705243416e-01,256,matplotlib zero contour of analytic SDF sampled on N256 cell centers
numeric_sdf_sampled_zero_contour,722,7.3694630776900927e-01,1.7773437500000000e-01,256,matplotlib zero contour of analytic SDF sampled on N256 cell centers
numeric_sdf_sampled_zero_contour,723,7.3632812500000000e-01,1.7727957504443009e-01,256,matplotlib zero contour of analytic SDF sampled on N256 cell centers
numeric_sdf_sampled_zero_contour,724,7.3242187500000000e-01,1.7445526584528129e-01,256,matplotlib zero contour of analytic SDF sampled on N256 cell centers
numeric_sdf_sampled_zero_contour,725,7.3153860802183035e-01,1.7382812500000000e-01,256,matplotlib zero contour of analytic SDF sampled on N256 cell centers
numeric_sdf_sampled_zero_contour,726,7.2851562499999989e-01,1.7170231046916071e-01,256,matplotlib zero contour of analytic SDF sampled on N256 cell centers
numeric_sdf_sampled_zero_contour,727,7.2593385531181087e-01,1.6992187500000000e-01,256,matplotlib zero contour of analytic SDF sampled on N256 cell centers
numeric_sdf_sampled_zero_contour,728,7.2460937500000000e-01,1.6901695514598894e-01,256,matplotlib zero contour of analytic SDF sampled on N256 cell centers
numeric_sdf_sampled_zero_contour,729,7.2070312500000000e-01,1.6639886560923828e-01,256,matplotlib zero contour of analytic SDF sampled on N256 cell centers
numeric_sdf_sampled_zero_contour,730,7.2012060864337180e-01,1.6601562500000000e-01,256,matplotlib zero contour of analytic SDF sampled on N256 cell centers
numeric_sdf_sampled_zero_contour,731,7.1679687500000000e-01,1.6384823834479537e-01,256,matplotlib zero contour of analytic SDF sampled on N256 cell centers
numeric_sdf_sampled_zero_contour,732,7.1407389171203928e-01,1.6210937500000000e-01,256,matplotlib zero contour of analytic SDF sampled on N256 cell centers
numeric_sdf_sampled_zero_contour,733,7.1289062500000000e-01,1.6136019844688138e-01,256,matplotlib zero contour of analytic SDF sampled on N256 cell centers
numeric_sdf_sampled_zero_contour,734,7.0898437500000000e-01,1.5893564671493282e-01,256,matplotlib zero contour of analytic SDF sampled on N256 cell centers
numeric_sdf_sampled_zero_contour,735,7.0777996908372087e-01,1.5820312500000000e-01,256,matplotlib zero contour of analytic SDF sampled on N256 cell centers
numeric_sdf_sampled_zero_contour,736,7.0507812500000000e-01,1.5657316833209714e-01,256,matplotlib zero contour of analytic SDF sampled on N256 cell centers
numeric_sdf_sampled_zero_contour,737,7.0121931636699586e-01,1.5429687500000000e-01,256,matplotlib zero contour of analytic SDF sampled on N256 cell centers
numeric_sdf_sampled_zero_contour,738,7.0117187500000000e-01,1.5426910798426127e-01,256,matplotlib zero contour of analytic SDF sampled on N256 cell centers
numeric_sdf_sampled_zero_contour,739,6.9726562500000000e-01,1.5202677030179410e-01,256,matplotlib zero contour of analytic SDF sampled on N256 cell centers
numeric_sdf_sampled_zero_contour,740,6.9434784996034771e-01,1.5039062500000000e-01,256,matplotlib zero contour of analytic SDF sampled on N256 cell centers
numeric_sdf_sampled_zero_contour,741,6.9335937500000000e-01,1.4984043172456574e-01,256,matplotlib zero contour of analytic SDF sampled on N256 cell centers
numeric_sdf_sampled_zero_contour,742,6.8945312500000000e-01,1.4771208741704253e-01,256,matplotlib zero contour of analytic SDF sampled on N256 cell centers
numeric_sdf_sampled_zero_contour,743,6.8714652866634418e-01,1.4648437500000000e-01,256,matplotlib zero contour of analytic SDF sampled on N256 cell centers
numeric_sdf_sampled_zero_contour,744,6.8554687500000000e-01,1.4563888044387155e-01,256,matplotlib zero contour of analytic SDF sampled on N256 cell centers
numeric_sdf_sampled_zero_contour,745,6.8164062500000000e-01,1.4362089693262683e-01,256,matplotlib zero contour of analytic SDF sampled on N256 cell centers
numeric_sdf_sampled_zero_contour,746,6.7957329585557835e-01,1.4257812500000000e-01,256,matplotlib zero contour of analytic SDF sampled on N256 cell centers
numeric_sdf_sampled_zero_contour,747,6.7773437500000000e-01,1.4165665708326791e-01,256,matplotlib zero contour of analytic SDF sampled on N256 cell centers
numeric_sdf_sampled_zero_contour,748,6.7382812500000000e-01,1.3974563668267306e-01,256,matplotlib zero contour of analytic SDF sampled on N256 cell centers
numeric_sdf_sampled_zero_contour,749,6.7157781695785057e-01,1.3867187500000000e-01,256,matplotlib zero contour of analytic SDF sampled on N256 cell centers
numeric_sdf_sampled_zero_contour,750,6.6992187500000000e-01,1.3788659726309607e-01,256,matplotlib zero contour of analytic SDF sampled on N256 cell centers
numeric_sdf_sampled_zero_contour,751,6.6601562500000000e-01,1.3607937150812874e-01,256,matplotlib zero contour of analytic SDF sampled on N256 cell centers
numeric_sdf_sampled_zero_contour,752,6.6309950568280485e-01,1.3476562500000000e-01,256,matplotlib zero contour of analytic SDF sampled on N256 cell centers
numeric_sdf_sampled_zero_contour,753,6.6210937500000000e-01,1.3432213625763320e-01,256,matplotlib zero contour of analytic SDF sampled on N256 cell centers
numeric_sdf_sampled_zero_contour,754,6.5820312500000000e-01,1.3261575969098316e-01,256,matplotlib zero contour of analytic SDF sampled on N256 cell centers
numeric_sdf_sampled_zero_contour,755,6.5429687500000000e-01,1.3095743020227482e-01,256,matplotlib zero contour of analytic SDF sampled on N256 cell centers
numeric_sdf_sampled_zero_contour,756,6.5405991049263135e-01,1.3085937500000000e-01,256,matplotlib zero contour of analytic SDF sampled on N256 cell centers
numeric_sdf_sampled_zero_contour,757,6.5039062500000000e-01,1.2934901939825308e-01,256,matplotlib zero contour of analytic SDF sampled on N256 cell centers
numeric_sdf_sampled_zero_contour,758,6.4648437500000000e-01,1.2778771880346620e-01,256,matplotlib zero contour of analytic SDF sampled on N256 cell centers
numeric_sdf_sampled_zero_contour,759,6.4433553105618635e-01,1.2695312500000000e-01,256,matplotlib zero contour of analytic SDF sampled on N256 cell centers
numeric_sdf_sampled_zero_contour,760,6.4257812500000000e-01,1.2627389517321541e-01,256,matplotlib zero contour of analytic SDF sampled on N256 cell centers
numeric_sdf_sampled_zero_contour,761,6.3867187500000000e-01,1.2480717403606945e-01,256,matplotlib zero contour of analytic SDF sampled on N256 cell centers
numeric_sdf_sampled_zero_contour,762,6.3476562500000000e-01,1.2338602263937744e-01,256,matplotlib zero contour of analytic SDF sampled on N256 cell centers
numeric_sdf_sampled_zero_contour,763,6.3380517436883510e-01,1.2304687500000000e-01,256,matplotlib zero contour of analytic SDF sampled on N256 cell centers
numeric_sdf_sampled_zero_contour,764,6.3085937500000000e-01,1.2201123407934648e-01,256,matplotlib zero contour of analytic SDF sampled on N256 cell centers
numeric_sdf_sampled_zero_contour,765,6.2695312500000000e-01,1.2068148452196280e-01,256,matplotlib zero contour of analytic SDF sampled on N256 cell centers
numeric_sdf_sampled_zero_contour,766,6.2304687500000000e-01,1.1939603575843674e-01,256,matplotlib zero contour of analytic SDF sampled on N256 cell centers
numeric_sdf_sampled_zero_contour,767,6.2224514714961643e-01,1.1914062500000000e-01,256,matplotlib zero contour of analytic SDF sampled on N256 cell centers
numeric_sdf_sampled_zero_contour,768,6.1914062500000000e-01,1.1815545395802202e-01,256,matplotlib zero contour of analytic SDF sampled on N256 cell centers
numeric_sdf_sampled_zero_contour,769,6.1523437500000000e-01,1.1695858419440758e-01,256,matplotlib zero contour of analytic SDF sampled on N256 cell centers
numeric_sdf_sampled_zero_contour,770,6.1132812500000000e-01,1.1580486704720838e-01,256,matplotlib zero contour of analytic SDF sampled on N256 cell centers
numeric_sdf_sampled_zero_contour,771,6.0932468459310096e-01,1.1523437500000000e-01,256,matplotlib zero contour of analytic SDF sampled on N256 cell centers
numeric_sdf_sampled_zero_contour,772,6.0742187500000000e-01,1.1469439329382113e-01,256,matplotlib zero contour of analytic SDF sampled on N256 cell centers
numeric_sdf_sampled_zero_contour,773,6.0351562500000000e-01,1.1362677589401708e-01,256,matplotlib zero contour of analytic SDF sampled on N256 cell centers
numeric_sdf_sampled_zero_contour,774,5.9960937500000011e-01,1.1260128571062440e-01,256,matplotlib zero contour of analytic SDF sampled on N256 cell centers
numeric_sdf_sampled_zero_contour,775,5.9570312499999989e-01,1.1161764788435033e-01,256,matplotlib zero contour of analytic SDF sampled on N256 cell centers
numeric_sdf_sampled_zero_contour,776,5.9450453236519363e-01,1.1132812500000001e-01,256,matplotlib zero contour of analytic SDF sampled on N256 cell centers
numeric_sdf_sampled_zero_contour,777,5.9179687500000000e-01,1.1067594131592065e-01,256,matplotlib zero contour of analytic SDF sampled on N256 cell centers
numeric_sdf_sampled_zero_contour,778,5.8789062500000000e-01,1.0977562614121281e-01,256,matplotlib zero contour of analytic SDF sampled on N256 cell centers
numeric_sdf_sampled_zero_contour,779,5.8398437500000000e-01,1.0891629348014366e-01,256,matplotlib zero contour of analytic SDF sampled on N256 cell centers
numeric_sdf_sampled_zero_contour,780,5.8007812500000000e-01,1.0809770880391843e-01,256,matplotlib zero contour of analytic SDF sampled on N256 cell centers
numeric_sdf_sampled_zero_contour,781,5.7668597203353922e-01,1.0742187500000000e-01,256,matplotlib zero contour of analytic SDF sampled on N256 cell centers
numeric_sdf_sampled_zero_contour,782,5.7617187500000000e-01,1.0731968283519931e-01,256,matplotlib zero contour of analytic SDF sampled on N256 cell centers
numeric_sdf_sampled_zero_contour,783,5.7226562500000000e-01,1.0658216124253214e-01,256,matplotlib zero contour of analytic SDF sampled on N256 cell centers
numeric_sdf_sampled_zero_contour,784,5.6835937500000000e-01,1.0588467461404064e-01,256,matplotlib zero contour of analytic SDF sampled on N256 cell centers
numeric_sdf_sampled_zero_contour,785,5.6445312500000000e-01,1.0522703102667798e-01,256,matplotlib zero contour of analytic SDF sampled on N256 cell centers
numeric_sdf_sampled_zero_contour,786,5.6054687500000000e-01,1.0460904770437388e-01,256,matplotlib zero contour of analytic SDF sampled on N256 cell centers
numeric_sdf_sampled_zero_contour,787,5.5664062500000000e-01,1.0403055126248345e-01,256,matplotlib zero contour of analytic SDF sampled on N256 cell centers
numeric_sdf_sampled_zero_contour,788,5.5291026824805556e-01,1.0351562500000000e-01,256,matplotlib zero contour of analytic SDF sampled on N256 cell centers
numeric_sdf_sampled_zero_contour,789,5.5273437500000000e-01,1.0349138209475171e-01,256,matplotlib zero contour of analytic SDF sampled on N256 cell centers
numeric_sdf_sampled_zero_contour,790,5.4882812500000000e-01,1.0299145100138245e-01,256,matplotlib zero contour of analytic SDF sampled on N256 cell centers
numeric_sdf_sampled_zero_contour,791,5.4492187500000000e-01,1.0253051812019649e-01,256,matplotlib zero contour of analytic SDF sampled on N256 cell centers
numeric_sdf_sampled_zero_contour,792,5.4101562500000000e-01,1.0210845493977140e-01,256,matplotlib zero contour of analytic SDF sampled on N256 cell centers
numeric_sdf_sampled_zero_contour,793,5.3710937500000000e-01,1.0172514301347663e-01,256,matplotlib zero contour of analytic SDF sampled on N256 cell centers
numeric_sdf_sampled_zero_contour,794,5.3320312500000000e-01,1.0138047412367562e-01,256,matplotlib zero contour of analytic SDF sampled on N256 cell centers
numeric_sdf_sampled_zero_contour,795,5.2929687500000000e-01,1.0107435043275895e-01,256,matplotlib zero contour of analytic SDF sampled on N256 cell centers
numeric_sdf_sampled_zero_contour,796,5.2539062500000000e-01,1.0080668462052370e-01,256,matplotlib zero contour of analytic SDF sampled on N256 cell centers
numeric_sdf_sampled_zero_contour,797,5.2148437500000000e-01,1.0057740000745323e-01,256,matplotlib zero contour of analytic SDF sampled on N256 cell centers
numeric_sdf_sampled_zero_contour,798,5.1757812500000000e-01,1.0038643066349592e-01,256,matplotlib zero contour of analytic SDF sampled on N256 cell centers
numeric_sdf_sampled_zero_contour,799,5.1367187500000000e-01,1.0023372150198390e-01,256,matplotlib zero contour of analytic SDF sampled on N256 cell centers
numeric_sdf_sampled_zero_contour,800,5.0976562500000000e-01,1.0011922835838247e-01,256,matplotlib zero contour of analytic SDF sampled on N256 cell centers
numeric_sdf_sampled_zero_contour,801,5.0585937500000000e-01,1.0004291805360746e-01,256,matplotlib zero contour of analytic SDF sampled on N256 cell centers
numeric_sdf_sampled_zero_contour,802,5.0195312500000000e-01,1.0000476844170034e-01,256,matplotlib zero contour of analytic SDF sampled on N256 cell centers
numeric_sdf_sampled_zero_contour,803,4.9804687500000000e-01,1.0000476844170034e-01,256,matplotlib zero contour of analytic SDF sampled on N256 cell centers
numeric_sdf_sampled_zero_contour,804,4.9414062500000000e-01,1.0004291805360746e-01,256,matplotlib zero contour of analytic SDF sampled on N256 cell centers
numeric_sdf_sampled_zero_contour,805,4.9023437499999994e-01,1.0011922835838247e-01,256,matplotlib zero contour of analytic SDF sampled on N256 cell centers
numeric_sdf_sampled_zero_contour,806,4.8632812500000000e-01,1.0023372150198390e-01,256,matplotlib zero contour of analytic SDF sampled on N256 cell centers
numeric_sdf_sampled_zero_contour,807,4.8242187500000000e-01,1.0038643066349592e-01,256,matplotlib zero contour of analytic SDF sampled on N256 cell centers
numeric_sdf_sampled_zero_contour,808,4.7851562500000000e-01,1.0057740000745323e-01,256,matplotlib zero contour of analytic SDF sampled on N256 cell centers
numeric_sdf_sampled_zero_contour,809,4.7460937500000006e-01,1.0080668462052370e-01,256,matplotlib zero contour of analytic SDF sampled on N256 cell centers
numeric_sdf_sampled_zero_contour,810,4.7070312499999994e-01,1.0107435043275895e-01,256,matplotlib zero contour of analytic SDF sampled on N256 cell centers
numeric_sdf_sampled_zero_contour,811,4.6679687500000000e-01,1.0138047412367562e-01,256,matplotlib zero contour of analytic SDF sampled on N256 cell centers
numeric_sdf_sampled_zero_contour,812,4.6289062500000000e-01,1.0172514301347663e-01,256,matplotlib zero contour of analytic SDF sampled on N256 cell centers
numeric_sdf_sampled_zero_contour,813,4.5898437500000000e-01,1.0210845493977140e-01,256,matplotlib zero contour of analytic SDF sampled on N256 cell centers
numeric_sdf_sampled_zero_contour,814,4.5507812500000000e-01,1.0253051812019649e-01,256,matplotlib zero contour of analytic SDF sampled on N256 cell centers
numeric_sdf_sampled_zero_contour,815,4.5117187500000000e-01,1.0299145100138245e-01,256,matplotlib zero contour of analytic SDF sampled on N256 cell centers
numeric_sdf_sampled_zero_contour,816,4.4726562500000000e-01,1.0349138209475171e-01,256,matplotlib zero contour of analytic SDF sampled on N256 cell centers
analytic_circle,0,9.0000000000000002e-01,5.0000000000000000e-01,256,"exact circle contour, radius=0.4 center=(0.5,0.5)"
analytic_circle,1,8.9998476922566861e-01,5.0349061419934960e-01,256,"exact circle contour, radius=0.4 center=(0.5,0.5)"
analytic_circle,2,8.9993907806255646e-01,5.0698096257491343e-01,256,"exact circle contour, radius=0.4 center=(0.5,0.5)"
analytic_circle,3,8.9986292999022299e-01,5.1047077932314922e-01,256,"exact circle contour, radius=0.4 center=(0.5,0.5)"
analytic_circle,4,8.9975633080763839e-01,5.1395979868100039e-01,256,"exact circle contour, radius=0.4 center=(0.5,0.5)"
analytic_circle,5,8.9961928863274321e-01,5.1744775494613438e-01,256,"exact circle contour, radius=0.4 center=(0.5,0.5)"
analytic_circle,6,8.9945181390182949e-01,5.2093438249717749e-01,256,"exact circle contour, radius=0.4 center=(0.5,0.5)"
analytic_circle,7,8.9925391936874677e-01,5.2441941581394280e-01,256,"exact circle contour, radius=0.4 center=(0.5,0.5)"
analytic_circle,8,8.9902562010392972e-01,5.2790258949765012e-01,256,"exact circle contour, radius=0.4 center=(0.5,0.5)"
analytic_circle,9,8.9876693349325121e-01,5.3138363829113799e-01,256,"exact circle contour, radius=0.4 center=(0.5,0.5)"
analytic_circle,10,8.9847787923669831e-01,5.3486229709906330e-01,256,"exact circle contour, radius=0.4 center=(0.5,0.5)"
analytic_circle,11,8.9815847934687154e-01,5.3833830100808955e-01,256,"exact circle contour, radius=0.4 center=(0.5,0.5)"
analytic_circle,12,8.9780875814730932e-01,5.4181138530706141e-01,256,"exact circle contour, radius=0.4 center=(0.5,0.5)"
analytic_circle,13,8.9742874227063507e-01,5.4528128550716271e-01,256,"exact circle contour, radius=0.4 center=(0.5,0.5)"
analytic_circle,14,8.9701846065652879e-01,5.4874773736205895e-01,256,"exact circle contour, radius=0.4 center=(0.5,0.5)"
analytic_circle,15,8.9657794454952411e-01,5.5221047688802061e-01,256,"exact circle contour, radius=0.4 center=(0.5,0.5)"
analytic_circle,16,8.9610722749662819e-01,5.5566924038402621e-01,256,"exact circle contour, radius=0.4 center=(0.5,0.5)"
analytic_circle,17,8.9560634534476669e-01,5.5912376445184431e-01,256,"exact circle contour, radius=0.4 center=(0.5,0.5)"
analytic_circle,18,8.9507533623805513e-01,5.6257378601609231e-01,256,"exact circle contour, radius=0.4 center=(0.5,0.5)"
analytic_circle,19,8.9451424061489260e-01,5.6601904234427103e-01,256,"exact circle contour, radius=0.4 center=(0.5,0.5)"
analytic_circle,20,8.9392310120488316e-01,5.6945927106677208e-01,256,"exact circle contour, radius=0.4 center=(0.5,0.5)"
analytic_circle,21,8.9330196302558185e-01,5.7289421019685904e-01,256,"exact circle contour, radius=0.4 center=(0.5,0.5)"
analytic_circle,22,8.9265087337906568e-01,5.7632359815061796e-01,256,"exact circle contour, radius=0.4 center=(0.5,0.5)"
analytic_circle,23,8.9196988184833192e-01,5.7974717376687890e-01,256,"exact circle contour, radius=0.4 center=(0.5,0.5)"
analytic_circle,24,8.9125904029352232e-01,5.8316467632710378e-01,256,"exact circle contour, radius=0.4 center=(0.5,0.5)"
analytic_circle,25,8.9051840284797334e-01,5.8657584557524112e-01,256,"exact circle contour, radius=0.4 center=(0.5,0.5)"
analytic_circle,26,8.8974802591409419e-01,5.8998042173754595e-01,256,"exact circle contour, radius=0.4 center=(0.5,0.5)"
analytic_circle,27,8.8894796815907062e-01,5.9337814554236212e-01,256,"exact circle contour, radius=0.4 center=(0.5,0.5)"
analytic_circle,28,8.8811829051039859e-01,5.9676875823986708e-01,256,"exact circle contour, radius=0.4 center=(0.5,0.5)"
analytic_circle,29,8.8725905615124312e-01,6.0015200162177662e-01,256,"exact circle contour, radius=0.4 center=(0.5,0.5)"
analytic_circle,30,8.8637033051562741e-01,6.0352761804100830e-01,256,"exact circle contour, radius=0.4 center=(0.5,0.5)"
analytic_circle,31,8.8545218128344927e-01,6.0689535043130272e-01,256,"exact circle contour, radius=0.4 center=(0.5,0.5)"
analytic_circle,32,8.8450467837532765e-01,6.1025494232679967e-01,256,"exact circle contour, radius=0.4 center=(0.5,0.5)"
analytic_circle,33,8.8352789394727727e-01,6.1360613788156904e-01,256,"exact circle contour, radius=0.4 center=(0.5,0.5)"
analytic_circle,34,8.8252190238521422e-01,6.1694868188909469e-01,256,"exact circle contour, radius=0.4 center=(0.5,0.5)"
analytic_circle,35,8.8148678029929073e-01,6.2028231980170923e-01,256,"exact circle contour, radius=0.4 center=(0.5,0.5)"
analytic_circle,36,8.8042260651806137e-01,6.2360679774997896e-01,256,"exact circle contour, radius=0.4 center=(0.5,0.5)"
analytic_circle,37,8.7932946208247975e-01,6.2692186256203686e-01,256,"exact circle contour, radius=0.4 center=(0.5,0.5)"
analytic_circle,38,8.7820743023972669e-01,6.3022726178286270e-01,256,"exact circle contour, radius=0.4 center=(0.5,0.5)"
analytic_circle,39,8.7705659643687139e-01,6.3352274369350836e-01,256,"exact circle contour, radius=0.4 center=(0.5,0.5)"
analytic_circle,40,8.7587704831436342e-01,6.3680805733026746e-01,256,"exact circle contour, radius=0.4 center=(0.5,0.5)"
analytic_circle,41,8.7466887569935903e-01,6.4008295250378699e-01,256,"exact circle contour, radius=0.4 center=(0.5,0.5)"
analytic_circle,42,8.7343217059888079e-01,6.4334717981812006e-01,256,"exact circle contour, radius=0.4 center=(0.5,0.5)"
analytic_circle,43,8.7216702719280992e-01,6.4660049068971892e-01,256,"exact circle contour, radius=0.4 center=(0.5,0.5)"
analytic_circle,44,8.7087354182671506e-01,6.4984263736636483e-01,256,"exact circle contour, radius=0.4 center=(0.5,0.5)"
analytic_circle,45,8.6955181300451478e-01,6.5307337294603596e-01,256,"exact circle contour, radius=0.4 center=(0.5,0.5)"
analytic_circle,46,8.6820194138097617e-01,6.5629245139570958e-01,256,"exact circle contour, radius=0.4 center=(0.5,0.5)"
analytic_circle,47,8.6682402975404971e-01,6.5949962757009850e-01,256,"exact circle contour, radius=0.4 center=(0.5,0.5)"
analytic_circle,48,8.6541818305704044e-01,6.6269465723032006e-01,256,"exact circle contour, radius=0.4 center=(0.5,0.5)"
analytic_circle,49,8.6398450835061724e-01,6.6587729706249565e-01,256,"exact circle contour, radius=0.4 center=(0.5,0.5)"
analytic_circle,50,8.6252311481465993e-01,6.6904730469627982e-01,256,"exact circle contour, radius=0.4 center=(0.5,0.5)"
analytic_circle,51,8.6103411373994421e-01,6.7220443872331803e-01,256,"exact circle contour, radius=0.4 center=(0.5,0.5)"
analytic_circle,52,8.5951761851966690e-01,6.7534845871563098e-01,256,"exact circle contour, radius=0.4 center=(0.5,0.5)"
analytic_circle,53,8.5797374464081000e-01,6.7847912524392351e-01,256,"exact circle contour, radius=0.4 center=(0.5,0.5)"
analytic_circle,54,8.5640260967534720e-01,6.8159619989581877e-01,256,"exact circle contour, radius=0.4 center=(0.5,0.5)"
analytic_circle,55,8.5480433327128869e-01,6.8469944529401361e-01,256,"exact circle contour, radius=0.4 center=(0.5,0.5)"
analytic_circle,56,8.5317903714357080e-01,6.8778862511435634e-01,256,"exact circle contour, radius=0.4 center=(0.5,0.5)"
analytic_circle,57,8.5152684506478615e-01,6.9086350410384334e-01,256,"exact circle contour, radius=0.4 center=(0.5,0.5)"
analytic_circle,58,8.4984788285575830e-01,6.9392384809853480e-01,256,"exact circle contour, radius=0.4 center=(0.5,0.5)"
analytic_circle,59,8.4814227837595990e-01,6.9696942404138684e-01,256,"exact circle contour, radius=0.4 center=(0.5,0.5)"
analytic_circle,60,8.4641016151377557e-01,6.9999999999999996e-01,256,"exact circle contour, radius=0.4 center=(0.5,0.5)"
analytic_circle,61,8.4465166417661042e-01,7.0301534518428166e-01,256,"exact circle contour, radius=0.4 center=(0.5,0.5)"
analytic_circle,62,8.4286692028084498e-01,7.0601522996402166e-01,256,"exact circle contour, radius=0.4 center=(0.5,0.5)"
analytic_circle,63,8.4105606574163694e-01,7.0899942588637954e-01,256,"exact circle contour, radius=0.4 center=(0.5,0.5)"
analytic_circle,64,8.3921923846257040e-01,7.1196770569328194e-01,256,"exact circle contour, radius=0.4 center=(0.5,0.5)"
analytic_circle,65,8.3735657832515431e-01,7.1491984333872960e-01,256,"exact circle contour, radius=0.4 center=(0.5,0.5)"
analytic_circle,66,8.3546822717816971e-01,7.1785561400601083e-01,256,"exact circle contour, radius=0.4 center=(0.5,0.5)"
analytic_circle,67,8.3355432882686731e-01,7.2077479412482326e-01,256,"exact circle contour, radius=0.4 center=(0.5,0.5)"
analytic_circle,68,8.3161502902201678e-01,7.2367716138829874e-01,256,"exact circle contour, radius=0.4 center=(0.5,0.5)"
analytic_circle,69,8.2965047544880632e-01,7.2656249476993318e-01,256,"exact circle contour, radius=0.4 center=(0.5,0.5)"
analytic_circle,70,8.2766081771559674e-01,7.2943057454041837e-01,256,"exact circle contour, radius=0.4 center=(0.5,0.5)"
analytic_circle,71,8.2564620734252769e-01,7.3228118228437589e-01,256,"exact circle contour, radius=0.4 center=(0.5,0.5)"
analytic_circle,72,8.2360679774997902e-01,7.3511410091698925e-01,256,"exact circle contour, radius=0.4 center=(0.5,0.5)"
analytic_circle,73,8.2154274424688700e-01,7.3792911470053646e-01,256,"exact circle contour, radius=0.4 center=(0.5,0.5)"
analytic_circle,74,8.1945420401891722e-01,7.4072600926081933e-01,256,"exact circle contour, radius=0.4 center=(0.5,0.5)"
analytic_circle,75,8.1734133611649407e-01,7.4350457160348826e-01,256,"exact circle contour, radius=0.4 center=(0.5,0.5)"
analytic_circle,76,8.1520430144268885e-01,7.4626459013026336e-01,256,"exact circle contour, radius=0.4 center=(0.5,0.5)"
analytic_circle,77,8.1304326274096561e-01,7.4900585465504788e-01,256,"exact circle contour, radius=0.4 center=(0.5,0.5)"
analytic_circle,78,8.1085838458278836e-01,7.5172815641993496e-01,256,"exact circle contour, radius=0.4 center=(0.5,0.5)"
analytic_circle,79,8.0864983335508800e-01,7.5443128811110560e-01,256,"exact circle contour, radius=0.4 center=(0.5,0.5)"
analytic_circle,80,8.0641777724759123e-01,7.5711504387461570e-01,256,"exact circle contour, radius=0.4 center=(0.5,0.5)"
analytic_circle,81,8.0416238624001246e-01,7.5977921933207349e-01,256,"exact circle contour, radius=0.4 center=(0.5,0.5)"
analytic_circle,82,8.0188383208910885e-01,7.6242361159620287e-01,256,"exact circle contour, radius=0.4 center=(0.5,0.5)"
analytic_circle,83,7.9958228831560085e-01,7.6504801928629496e-01,256,"exact circle contour, radius=0.4 center=(0.5,0.5)"
analytic_circle,84,7.9725793019095770e-01,7.6765224254354325e-01,256,"exact circle contour, radius=0.4 center=(0.5,0.5)"
analytic_circle,85,7.9491093472404972e-01,7.7023608304626412e-01,256,"exact circle contour, radius=0.4 center=(0.5,0.5)"
analytic_circle,86,7.9254148064766827e-01,7.7279934402499939e-01,256,"exact circle contour, radius=0.4 center=(0.5,0.5)"
analytic_circle,87,7.9014974840491514e-01,7.7534183027750159e-01,256,"exact circle contour, radius=0.4 center=(0.5,0.5)"
analytic_circle,88,7.8773592013546057e-01,7.7786334818359892e-01,256,"exact circle contour, radius=0.4 center=(0.5,0.5)"
analytic_circle,89,7.8530017966167276e-01,7.8036370571994040e-01,256,"exact circle contour, radius=0.4 center=(0.5,0.5)"
analytic_circle,90,7.8284271247461912e-01,7.8284271247461901e-01,256,"exact circle contour, radius=0.4 center=(0.5,0.5)"
analytic_circle,91,7.8036370571994040e-01,7.8530017966167265e-01,256,"exact circle contour, radius=0.4 center=(0.5,0.5)"
analytic_circle,92,7.7786334818359892e-01,7.8773592013546045e-01,256,"exact circle contour, radius=0.4 center=(0.5,0.5)"
analytic_circle,93,7.7534183027750159e-01,7.9014974840491514e-01,256,"exact circle contour, radius=0.4 center=(0.5,0.5)"
analytic_circle,94,7.7279934402499939e-01,7.9254148064766827e-01,256,"exact circle contour, radius=0.4 center=(0.5,0.5)"
analytic_circle,95,7.7023608304626412e-01,7.9491093472404972e-01,256,"exact circle contour, radius=0.4 center=(0.5,0.5)"
analytic_circle,96,7.6765224254354325e-01,7.9725793019095770e-01,256,"exact circle contour, radius=0.4 center=(0.5,0.5)"
analytic_circle,97,7.6504801928629496e-01,7.9958228831560085e-01,256,"exact circle contour, radius=0.4 center=(0.5,0.5)"
analytic_circle,98,7.6242361159620287e-01,8.0188383208910885e-01,256,"exact circle contour, radius=0.4 center=(0.5,0.5)"
analytic_circle,99,7.5977921933207349e-01,8.0416238624001246e-01,256,"exact circle contour, radius=0.4 center=(0.5,0.5)"
analytic_circle,100,7.5711504387461570e-01,8.0641777724759123e-01,256,"exact circle contour, radius=0.4 center=(0.5,0.5)"
analytic_circle,101,7.5443128811110560e-01,8.0864983335508800e-01,256,"exact circle contour, radius=0.4 center=(0.5,0.5)"
analytic_circle,102,7.5172815641993496e-01,8.1085838458278836e-01,256,"exact circle contour, radius=0.4 center=(0.5,0.5)"
analytic_circle,103,7.4900585465504776e-01,8.1304326274096561e-01,256,"exact circle contour, radius=0.4 center=(0.5,0.5)"
analytic_circle,104,7.4626459013026336e-01,8.1520430144268885e-01,256,"exact circle contour, radius=0.4 center=(0.5,0.5)"
analytic_circle,105,7.4350457160348826e-01,8.1734133611649407e-01,256,"exact circle contour, radius=0.4 center=(0.5,0.5)"
analytic_circle,106,7.4072600926081933e-01,8.1945420401891722e-01,256,"exact circle contour, radius=0.4 center=(0.5,0.5)"
analytic_circle,107,7.3792911470053657e-01,8.2154274424688700e-01,256,"exact circle contour, radius=0.4 center=(0.5,0.5)"
analytic_circle,108,7.3511410091698925e-01,8.2360679774997902e-01,256,"exact circle contour, radius=0.4 center=(0.5,0.5)"
analytic_circle,109,7.3228118228437589e-01,8.2564620734252769e-01,256,"exact circle contour, radius=0.4 center=(0.5,0.5)"
analytic_circle,110,7.2943057454041837e-01,8.2766081771559674e-01,256,"exact circle contour, radius=0.4 center=(0.5,0.5)"
analytic_circle,111,7.2656249476993318e-01,8.2965047544880632e-01,256,"exact circle contour, radius=0.4 center=(0.5,0.5)"
analytic_circle,112,7.2367716138829874e-01,8.3161502902201678e-01,256,"exact circle contour, radius=0.4 center=(0.5,0.5)"
analytic_circle,113,7.2077479412482326e-01,8.3355432882686731e-01,256,"exact circle contour, radius=0.4 center=(0.5,0.5)"
analytic_circle,114,7.1785561400601083e-01,8.3546822717816971e-01,256,"exact circle contour, radius=0.4 center=(0.5,0.5)"
analytic_circle,115,7.1491984333872960e-01,8.3735657832515420e-01,256,"exact circle contour, radius=0.4 center=(0.5,0.5)"
analytic_circle,116,7.1196770569328194e-01,8.3921923846257040e-01,256,"exact circle contour, radius=0.4 center=(0.5,0.5)"
analytic_circle,117,7.0899942588637954e-01,8.4105606574163683e-01,256,"exact circle contour, radius=0.4 center=(0.5,0.5)"
analytic_circle,118,7.0601522996402166e-01,8.4286692028084498e-01,256,"exact circle contour, radius=0.4 center=(0.5,0.5)"
analytic_circle,119,7.0301534518428166e-01,8.4465166417661031e-01,256,"exact circle contour, radius=0.4 center=(0.5,0.5)"
analytic_circle,120,7.0000000000000007e-01,8.4641016151377546e-01,256,"exact circle contour, radius=0.4 center=(0.5,0.5)"
analytic_circle,121,6.9696942404138684e-01,8.4814227837595990e-01,256,"exact circle contour, radius=0.4 center=(0.5,0.5)"
analytic_circle,122,6.9392384809853480e-01,8.4984788285575830e-01,256,"exact circle contour, radius=0.4 center=(0.5,0.5)"
analytic_circle,123,6.9086350410384334e-01,8.5152684506478615e-01,256,"exact circle contour, radius=0.4 center=(0.5,0.5)"
analytic_circle,124,6.8778862511435634e-01,8.5317903714357080e-01,256,"exact circle contour, radius=0.4 center=(0.5,0.5)"
analytic_circle,125,6.8469944529401361e-01,8.5480433327128869e-01,256,"exact circle contour, radius=0.4 center=(0.5,0.5)"
analytic_circle,126,6.8159619989581877e-01,8.5640260967534720e-01,256,"exact circle contour, radius=0.4 center=(0.5,0.5)"
analytic_circle,127,6.7847912524392351e-01,8.5797374464081000e-01,256,"exact circle contour, radius=0.4 center=(0.5,0.5)"
analytic_circle,128,6.7534845871563098e-01,8.5951761851966679e-01,256,"exact circle contour, radius=0.4 center=(0.5,0.5)"
analytic_circle,129,6.7220443872331814e-01,8.6103411373994421e-01,256,"exact circle contour, radius=0.4 center=(0.5,0.5)"
analytic_circle,130,6.6904730469627982e-01,8.6252311481465993e-01,256,"exact circle contour, radius=0.4 center=(0.5,0.5)"
analytic_circle,131,6.6587729706249565e-01,8.6398450835061724e-01,256,"exact circle contour, radius=0.4 center=(0.5,0.5)"
analytic_circle,132,6.6269465723032006e-01,8.6541818305704044e-01,256,"exact circle contour, radius=0.4 center=(0.5,0.5)"
analytic_circle,133,6.5949962757009850e-01,8.6682402975404971e-01,256,"exact circle contour, radius=0.4 center=(0.5,0.5)"
analytic_circle,134,6.5629245139570946e-01,8.6820194138097617e-01,256,"exact circle contour, radius=0.4 center=(0.5,0.5)"
analytic_circle,135,6.5307337294603596e-01,8.6955181300451478e-01,256,"exact circle contour, radius=0.4 center=(0.5,0.5)"
analytic_circle,136,6.4984263736636483e-01,8.7087354182671506e-01,256,"exact circle contour, radius=0.4 center=(0.5,0.5)"
analytic_circle,137,6.4660049068971892e-01,8.7216702719280992e-01,256,"exact circle contour, radius=0.4 center=(0.5,0.5)"
analytic_circle,138,6.4334717981812017e-01,8.7343217059888079e-01,256,"exact circle contour, radius=0.4 center=(0.5,0.5)"
analytic_circle,139,6.4008295250378699e-01,8.7466887569935903e-01,256,"exact circle contour, radius=0.4 center=(0.5,0.5)"
analytic_circle,140,6.3680805733026757e-01,8.7587704831436342e-01,256,"exact circle contour, radius=0.4 center=(0.5,0.5)"
analytic_circle,141,6.3352274369350836e-01,8.7705659643687139e-01,256,"exact circle contour, radius=0.4 center=(0.5,0.5)"
analytic_circle,142,6.3022726178286270e-01,8.7820743023972669e-01,256,"exact circle contour, radius=0.4 center=(0.5,0.5)"
analytic_circle,143,6.2692186256203686e-01,8.7932946208247975e-01,256,"exact circle contour, radius=0.4 center=(0.5,0.5)"
analytic_circle,144,6.2360679774997896e-01,8.8042260651806137e-01,256,"exact circle contour, radius=0.4 center=(0.5,0.5)"
analytic_circle,145,6.2028231980170923e-01,8.8148678029929073e-01,256,"exact circle contour, radius=0.4 center=(0.5,0.5)"
analytic_circle,146,6.1694868188909469e-01,8.8252190238521422e-01,256,"exact circle contour, radius=0.4 center=(0.5,0.5)"
analytic_circle,147,6.1360613788156915e-01,8.8352789394727727e-01,256,"exact circle contour, radius=0.4 center=(0.5,0.5)"
analytic_circle,148,6.1025494232679967e-01,8.8450467837532765e-01,256,"exact circle contour, radius=0.4 center=(0.5,0.5)"
analytic_circle,149,6.0689535043130283e-01,8.8545218128344927e-01,256,"exact circle contour, radius=0.4 center=(0.5,0.5)"
analytic_circle,150,6.0352761804100830e-01,8.8637033051562741e-01,256,"exact circle contour, radius=0.4 center=(0.5,0.5)"
analytic_circle,151,6.0015200162177662e-01,8.8725905615124312e-01,256,"exact circle contour, radius=0.4 center=(0.5,0.5)"
analytic_circle,152,5.9676875823986708e-01,8.8811829051039859e-01,256,"exact circle contour, radius=0.4 center=(0.5,0.5)"
analytic_circle,153,5.9337814554236223e-01,8.8894796815907062e-01,256,"exact circle contour, radius=0.4 center=(0.5,0.5)"
analytic_circle,154,5.8998042173754595e-01,8.8974802591409419e-01,256,"exact circle contour, radius=0.4 center=(0.5,0.5)"
analytic_circle,155,5.8657584557524123e-01,8.9051840284797334e-01,256,"exact circle contour, radius=0.4 center=(0.5,0.5)"
analytic_circle,156,5.8316467632710378e-01,8.9125904029352232e-01,256,"exact circle contour, radius=0.4 center=(0.5,0.5)"
analytic_circle,157,5.7974717376687890e-01,8.9196988184833192e-01,256,"exact circle contour, radius=0.4 center=(0.5,0.5)"
analytic_circle,158,5.7632359815061796e-01,8.9265087337906568e-01,256,"exact circle contour, radius=0.4 center=(0.5,0.5)"
analytic_circle,159,5.7289421019685893e-01,8.9330196302558185e-01,256,"exact circle contour, radius=0.4 center=(0.5,0.5)"
analytic_circle,160,5.6945927106677219e-01,8.9392310120488316e-01,256,"exact circle contour, radius=0.4 center=(0.5,0.5)"
analytic_circle,161,5.6601904234427103e-01,8.9451424061489260e-01,256,"exact circle contour, radius=0.4 center=(0.5,0.5)"
analytic_circle,162,5.6257378601609243e-01,8.9507533623805513e-01,256,"exact circle contour, radius=0.4 center=(0.5,0.5)"
analytic_circle,163,5.5912376445184420e-01,8.9560634534476669e-01,256,"exact circle contour, radius=0.4 center=(0.5,0.5)"
analytic_circle,164,5.5566924038402621e-01,8.9610722749662819e-01,256,"exact circle contour, radius=0.4 center=(0.5,0.5)"
analytic_circle,165,5.5221047688802072e-01,8.9657794454952411e-01,256,"exact circle contour, radius=0.4 center=(0.5,0.5)"
analytic_circle,166,5.4874773736205895e-01,8.9701846065652879e-01,256,"exact circle contour, radius=0.4 center=(0.5,0.5)"
analytic_circle,167,5.4528128550716271e-01,8.9742874227063507e-01,256,"exact circle contour, radius=0.4 center=(0.5,0.5)"
analytic_circle,168,5.4181138530706141e-01,8.9780875814730932e-01,256,"exact circle contour, radius=0.4 center=(0.5,0.5)"
analytic_circle,169,5.3833830100808966e-01,8.9815847934687154e-01,256,"exact circle contour, radius=0.4 center=(0.5,0.5)"
analytic_circle,170,5.3486229709906330e-01,8.9847787923669831e-01,256,"exact circle contour, radius=0.4 center=(0.5,0.5)"
analytic_circle,171,5.3138363829113799e-01,8.9876693349325121e-01,256,"exact circle contour, radius=0.4 center=(0.5,0.5)"
analytic_circle,172,5.2790258949765012e-01,8.9902562010392972e-01,256,"exact circle contour, radius=0.4 center=(0.5,0.5)"
analytic_circle,173,5.2441941581394280e-01,8.9925391936874677e-01,256,"exact circle contour, radius=0.4 center=(0.5,0.5)"
analytic_circle,174,5.2093438249717761e-01,8.9945181390182949e-01,256,"exact circle contour, radius=0.4 center=(0.5,0.5)"
analytic_circle,175,5.1744775494613438e-01,8.9961928863274321e-01,256,"exact circle contour, radius=0.4 center=(0.5,0.5)"
analytic_circle,176,5.1395979868100039e-01,8.9975633080763839e-01,256,"exact circle contour, radius=0.4 center=(0.5,0.5)"
analytic_circle,177,5.1047077932314922e-01,8.9986292999022299e-01,256,"exact circle contour, radius=0.4 center=(0.5,0.5)"
analytic_circle,178,5.0698096257491343e-01,8.9993907806255646e-01,256,"exact circle contour, radius=0.4 center=(0.5,0.5)"
analytic_circle,179,5.0349061419934960e-01,8.9998476922566861e-01,256,"exact circle contour, radius=0.4 center=(0.5,0.5)"
analytic_circle,180,5.0000000000000000e-01,9.0000000000000002e-01,256,"exact circle contour, radius=0.4 center=(0.5,0.5)"
analytic_circle,181,4.9650938580065040e-01,8.9998476922566861e-01,256,"exact circle contour, radius=0.4 center=(0.5,0.5)"
analytic_circle,182,4.9301903742508663e-01,8.9993907806255646e-01,256,"exact circle contour, radius=0.4 center=(0.5,0.5)"
analytic_circle,183,4.8952922067685078e-01,8.9986292999022299e-01,256,"exact circle contour, radius=0.4 center=(0.5,0.5)"
analytic_circle,184,4.8604020131899961e-01,8.9975633080763839e-01,256,"exact circle contour, radius=0.4 center=(0.5,0.5)"
analytic_circle,185,4.8255224505386562e-01,8.9961928863274321e-01,256,"exact circle contour, radius=0.4 center=(0.5,0.5)"
analytic_circle,186,4.7906561750282245e-01,8.9945181390182949e-01,256,"exact circle contour, radius=0.4 center=(0.5,0.5)"
analytic_circle,187,4.7558058418605731e-01,8.9925391936874677e-01,256,"exact circle contour, radius=0.4 center=(0.5,0.5)"
analytic_circle,188,4.7209741050234988e-01,8.9902562010392972e-01,256,"exact circle contour, radius=0.4 center=(0.5,0.5)"
analytic_circle,189,4.6861636170886206e-01,8.9876693349325121e-01,256,"exact circle contour, radius=0.4 center=(0.5,0.5)"
analytic_circle,190,4.6513770290093670e-01,8.9847787923669831e-01,256,"exact circle contour, radius=0.4 center=(0.5,0.5)"
analytic_circle,191,4.6166169899191040e-01,8.9815847934687154e-01,256,"exact circle contour, radius=0.4 center=(0.5,0.5)"
analytic_circle,192,4.5818861469293859e-01,8.9780875814730932e-01,256,"exact circle contour, radius=0.4 center=(0.5,0.5)"
analytic_circle,193,4.5471871449283729e-01,8.9742874227063507e-01,256,"exact circle contour, radius=0.4 center=(0.5,0.5)"
analytic_circle,194,4.5125226263794105e-01,8.9701846065652879e-01,256,"exact circle contour, radius=0.4 center=(0.5,0.5)"
analytic_circle,195,4.4778952311197934e-01,8.9657794454952411e-01,256,"exact circle contour, radius=0.4 center=(0.5,0.5)"
analytic_circle,196,4.4433075961597385e-01,8.9610722749662819e-01,256,"exact circle contour, radius=0.4 center=(0.5,0.5)"
analytic_circle,197,4.4087623554815575e-01,8.9560634534476669e-01,256,"exact circle contour, radius=0.4 center=(0.5,0.5)"
analytic_circle,198,4.3742621398390769e-01,8.9507533623805513e-01,256,"exact circle contour, radius=0.4 center=(0.5,0.5)"
analytic_circle,199,4.3398095765572892e-01,8.9451424061489260e-01,256,"exact circle contour, radius=0.4 center=(0.5,0.5)"
analytic_circle,200,4.3054072893322787e-01,8.9392310120488316e-01,256,"exact circle contour, radius=0.4 center=(0.5,0.5)"
analytic_circle,201,4.2710578980314096e-01,8.9330196302558185e-01,256,"exact circle contour, radius=0.4 center=(0.5,0.5)"
analytic_circle,202,4.2367640184938204e-01,8.9265087337906568e-01,256,"exact circle contour, radius=0.4 center=(0.5,0.5)"
analytic_circle,203,4.2025282623312116e-01,8.9196988184833192e-01,256,"exact circle contour, radius=0.4 center=(0.5,0.5)"
analytic_circle,204,4.1683532367289627e-01,8.9125904029352232e-01,256,"exact circle contour, radius=0.4 center=(0.5,0.5)"
analytic_circle,205,4.1342415442475888e-01,8.9051840284797334e-01,256,"exact circle contour, radius=0.4 center=(0.5,0.5)"
analytic_circle,206,4.1001957826245400e-01,8.8974802591409419e-01,256,"exact circle contour, radius=0.4 center=(0.5,0.5)"
analytic_circle,207,4.0662185445763788e-01,8.8894796815907062e-01,256,"exact circle contour, radius=0.4 center=(0.5,0.5)"
analytic_circle,208,4.0323124176013286e-01,8.8811829051039859e-01,256,"exact circle contour, radius=0.4 center=(0.5,0.5)"
analytic_circle,209,3.9984799837822343e-01,8.8725905615124312e-01,256,"exact circle contour, radius=0.4 center=(0.5,0.5)"
analytic_circle,210,3.9647238195899165e-01,8.8637033051562741e-01,256,"exact circle contour, radius=0.4 center=(0.5,0.5)"
analytic_circle,211,3.9310464956869728e-01,8.8545218128344927e-01,256,"exact circle contour, radius=0.4 center=(0.5,0.5)"
analytic_circle,212,3.8974505767320039e-01,8.8450467837532765e-01,256,"exact circle contour, radius=0.4 center=(0.5,0.5)"
analytic_circle,213,3.8639386211843096e-01,8.8352789394727727e-01,256,"exact circle contour, radius=0.4 center=(0.5,0.5)"
analytic_circle,214,3.8305131811090531e-01,8.8252190238521422e-01,256,"exact circle contour, radius=0.4 center=(0.5,0.5)"
analytic_circle,215,3.7971768019829077e-01,8.8148678029929073e-01,256,"exact circle contour, radius=0.4 center=(0.5,0.5)"
analytic_circle,216,3.7639320225002104e-01,8.8042260651806148e-01,256,"exact circle contour, radius=0.4 center=(0.5,0.5)"
analytic_circle,217,3.7307813743796314e-01,8.7932946208247975e-01,256,"exact circle contour, radius=0.4 center=(0.5,0.5)"
analytic_circle,218,3.6977273821713730e-01,8.7820743023972669e-01,256,"exact circle contour, radius=0.4 center=(0.5,0.5)"
analytic_circle,219,3.6647725630649158e-01,8.7705659643687128e-01,256,"exact circle contour, radius=0.4 center=(0.5,0.5)"
analytic_circle,220,3.6319194266973254e-01,8.7587704831436342e-01,256,"exact circle contour, radius=0.4 center=(0.5,0.5)"
analytic_circle,221,3.5991704749621306e-01,8.7466887569935903e-01,256,"exact circle contour, radius=0.4 center=(0.5,0.5)"
analytic_circle,222,3.5665282018187988e-01,8.7343217059888079e-01,256,"exact circle contour, radius=0.4 center=(0.5,0.5)"
analytic_circle,223,3.5339950931028108e-01,8.7216702719280992e-01,256,"exact circle contour, radius=0.4 center=(0.5,0.5)"
analytic_circle,224,3.5015736263363517e-01,8.7087354182671506e-01,256,"exact circle contour, radius=0.4 center=(0.5,0.5)"
analytic_circle,225,3.4692662705396410e-01,8.6955181300451478e-01,256,"exact circle contour, radius=0.4 center=(0.5,0.5)"
analytic_circle,226,3.4370754860429048e-01,8.6820194138097606e-01,256,"exact circle contour, radius=0.4 center=(0.5,0.5)"
analytic_circle,227,3.4050037242990150e-01,8.6682402975404971e-01,256,"exact circle contour, radius=0.4 center=(0.5,0.5)"
analytic_circle,228,3.3730534276967988e-01,8.6541818305704044e-01,256,"exact circle contour, radius=0.4 center=(0.5,0.5)"
analytic_circle,229,3.3412270293750435e-01,8.6398450835061724e-01,256,"exact circle contour, radius=0.4 center=(0.5,0.5)"
analytic_circle,230,3.3095269530372029e-01,8.6252311481466004e-01,256,"exact circle contour, radius=0.4 center=(0.5,0.5)"
analytic_circle,231,3.2779556127668202e-01,8.6103411373994432e-01,256,"exact circle contour, radius=0.4 center=(0.5,0.5)"
analytic_circle,232,3.2465154128436902e-01,8.5951761851966679e-01,256,"exact circle contour, radius=0.4 center=(0.5,0.5)"
analytic_circle,233,3.2152087475607649e-01,8.5797374464081000e-01,256,"exact circle contour, radius=0.4 center=(0.5,0.5)"
analytic_circle,234,3.1840380010418129e-01,8.5640260967534720e-01,256,"exact circle contour, radius=0.4 center=(0.5,0.5)"
analytic_circle,235,3.1530055470598650e-01,8.5480433327128869e-01,256,"exact circle contour, radius=0.4 center=(0.5,0.5)"
analytic_circle,236,3.1221137488564366e-01,8.5317903714357080e-01,256,"exact circle contour, radius=0.4 center=(0.5,0.5)"
analytic_circle,237,3.0913649589615660e-01,8.5152684506478615e-01,256,"exact circle contour, radius=0.4 center=(0.5,0.5)"
analytic_circle,238,3.0607615190146520e-01,8.4984788285575830e-01,256,"exact circle contour, radius=0.4 center=(0.5,0.5)"
analytic_circle,239,3.0303057595861316e-01,8.4814227837595990e-01,256,"exact circle contour, radius=0.4 center=(0.5,0.5)"
analytic_circle,240,3.0000000000000004e-01,8.4641016151377557e-01,256,"exact circle contour, radius=0.4 center=(0.5,0.5)"
analytic_circle,241,2.9698465481571823e-01,8.4465166417661031e-01,256,"exact circle contour, radius=0.4 center=(0.5,0.5)"
analytic_circle,242,2.9398477003597828e-01,8.4286692028084498e-01,256,"exact circle contour, radius=0.4 center=(0.5,0.5)"
analytic_circle,243,2.9100057411362046e-01,8.4105606574163694e-01,256,"exact circle contour, radius=0.4 center=(0.5,0.5)"
analytic_circle,244,2.8803229430671806e-01,8.3921923846257052e-01,256,"exact circle contour, radius=0.4 center=(0.5,0.5)"
analytic_circle,245,2.8508015666127040e-01,8.3735657832515420e-01,256,"exact circle contour, radius=0.4 center=(0.5,0.5)"
analytic_circle,246,2.8214438599398911e-01,8.3546822717816971e-01,256,"exact circle contour, radius=0.4 center=(0.5,0.5)"
analytic_circle,247,2.7922520587517674e-01,8.3355432882686731e-01,256,"exact circle contour, radius=0.4 center=(0.5,0.5)"
analytic_circle,248,2.7632283861170132e-01,8.3161502902201678e-01,256,"exact circle contour, radius=0.4 center=(0.5,0.5)"
analytic_circle,249,2.7343750523006694e-01,8.2965047544880632e-01,256,"exact circle contour, radius=0.4 center=(0.5,0.5)"
analytic_circle,250,2.7056942545958151e-01,8.2766081771559663e-01,256,"exact circle contour, radius=0.4 center=(0.5,0.5)"
analytic_circle,251,2.6771881771562411e-01,8.2564620734252769e-01,256,"exact circle contour, radius=0.4 center=(0.5,0.5)"
analytic_circle,252,2.6488589908301075e-01,8.2360679774997902e-01,256,"exact circle contour, radius=0.4 center=(0.5,0.5)"
analytic_circle,253,2.6207088529946354e-01,8.2154274424688700e-01,256,"exact circle contour, radius=0.4 center=(0.5,0.5)"
analytic_circle,254,2.5927399073918067e-01,8.1945420401891711e-01,256,"exact circle contour, radius=0.4 center=(0.5,0.5)"
analytic_circle,255,2.5649542839651174e-01,8.1734133611649407e-01,256,"exact circle contour, radius=0.4 center=(0.5,0.5)"
analytic_circle,256,2.5373540986973664e-01,8.1520430144268885e-01,256,"exact circle contour, radius=0.4 center=(0.5,0.5)"
analytic_circle,257,2.5099414534495224e-01,8.1304326274096561e-01,256,"exact circle contour, radius=0.4 center=(0.5,0.5)"
analytic_circle,258,2.4827184358006510e-01,8.1085838458278836e-01,256,"exact circle contour, radius=0.4 center=(0.5,0.5)"
analytic_circle,259,2.4556871188889434e-01,8.0864983335508800e-01,256,"exact circle contour, radius=0.4 center=(0.5,0.5)"
analytic_circle,260,2.4288495612538424e-01,8.0641777724759123e-01,256,"exact circle contour, radius=0.4 center=(0.5,0.5)"
analytic_circle,261,2.4022078066792657e-01,8.0416238624001246e-01,256,"exact circle contour, radius=0.4 center=(0.5,0.5)"
analytic_circle,262,2.3757638840379713e-01,8.0188383208910885e-01,256,"exact circle contour, radius=0.4 center=(0.5,0.5)"
analytic_circle,263,2.3495198071370493e-01,7.9958228831560074e-01,256,"exact circle contour, radius=0.4 center=(0.5,0.5)"
analytic_circle,264,2.3234775745645669e-01,7.9725793019095770e-01,256,"exact circle contour, radius=0.4 center=(0.5,0.5)"
analytic_circle,265,2.2976391695373588e-01,7.9491093472404972e-01,256,"exact circle contour, radius=0.4 center=(0.5,0.5)"
analytic_circle,266,2.2720065597500066e-01,7.9254148064766827e-01,256,"exact circle contour, radius=0.4 center=(0.5,0.5)"
analytic_circle,267,2.2465816972249847e-01,7.9014974840491514e-01,256,"exact circle contour, radius=0.4 center=(0.5,0.5)"
analytic_circle,268,2.2213665181640102e-01,7.8773592013546045e-01,256,"exact circle contour, radius=0.4 center=(0.5,0.5)"
analytic_circle,269,2.1963629428005965e-01,7.8530017966167265e-01,256,"exact circle contour, radius=0.4 center=(0.5,0.5)"
analytic_circle,270,2.1715728752538099e-01,7.8284271247461912e-01,256,"exact circle contour, radius=0.4 center=(0.5,0.5)"
analytic_circle,271,2.1469982033832741e-01,7.8036370571994040e-01,256,"exact circle contour, radius=0.4 center=(0.5,0.5)"
analytic_circle,272,2.1226407986453949e-01,7.7786334818359881e-01,256,"exact circle contour, radius=0.4 center=(0.5,0.5)"
analytic_circle,273,2.0985025159508491e-01,7.7534183027750159e-01,256,"exact circle contour, radius=0.4 center=(0.5,0.5)"
analytic_circle,274,2.0745851935233178e-01,7.7279934402499939e-01,256,"exact circle contour, radius=0.4 center=(0.5,0.5)"
analytic_circle,275,2.0508906527595039e-01,7.7023608304626423e-01,256,"exact circle contour, radius=0.4 center=(0.5,0.5)"
analytic_circle,276,2.0274206980904236e-01,7.6765224254354347e-01,256,"exact circle contour, radius=0.4 center=(0.5,0.5)"
analytic_circle,277,2.0041771168439909e-01,7.6504801928629496e-01,256,"exact circle contour, radius=0.4 center=(0.5,0.5)"
analytic_circle,278,1.9811616791089115e-01,7.6242361159620287e-01,256,"exact circle contour, radius=0.4 center=(0.5,0.5)"
analytic_circle,279,1.9583761375998765e-01,7.5977921933207360e-01,256,"exact circle contour, radius=0.4 center=(0.5,0.5)"
analytic_circle,280,1.9358222275240883e-01,7.5711504387461581e-01,256,"exact circle contour, radius=0.4 center=(0.5,0.5)"
analytic_circle,281,1.9135016664491195e-01,7.5443128811110549e-01,256,"exact circle contour, radius=0.4 center=(0.5,0.5)"
analytic_circle,282,1.8914161541721164e-01,7.5172815641993496e-01,256,"exact circle contour, radius=0.4 center=(0.5,0.5)"
analytic_circle,283,1.8695673725903439e-01,7.4900585465504788e-01,256,"exact circle contour, radius=0.4 center=(0.5,0.5)"
analytic_circle,284,1.8479569855731121e-01,7.4626459013026336e-01,256,"exact circle contour, radius=0.4 center=(0.5,0.5)"
analytic_circle,285,1.8265866388350593e-01,7.4350457160348837e-01,256,"exact circle contour, radius=0.4 center=(0.5,0.5)"
analytic_circle,286,1.8054579598108278e-01,7.4072600926081922e-01,256,"exact circle contour, radius=0.4 center=(0.5,0.5)"
analytic_circle,287,1.7845725575311305e-01,7.3792911470053646e-01,256,"exact circle contour, radius=0.4 center=(0.5,0.5)"
analytic_circle,288,1.7639320225002103e-01,7.3511410091698925e-01,256,"exact circle contour, radius=0.4 center=(0.5,0.5)"
analytic_circle,289,1.7435379265747231e-01,7.3228118228437600e-01,256,"exact circle contour, radius=0.4 center=(0.5,0.5)"
analytic_circle,290,1.7233918228440320e-01,7.2943057454041837e-01,256,"exact circle contour, radius=0.4 center=(0.5,0.5)"
analytic_circle,291,1.7034952455119368e-01,7.2656249476993318e-01,256,"exact circle contour, radius=0.4 center=(0.5,0.5)"
analytic_circle,292,1.6838497097798333e-01,7.2367716138829874e-01,256,"exact circle contour, radius=0.4 center=(0.5,0.5)"
analytic_circle,293,1.6644567117313275e-01,7.2077479412482326e-01,256,"exact circle contour, radius=0.4 center=(0.5,0.5)"
analytic_circle,294,1.6453177282183040e-01,7.1785561400601094e-01,256,"exact circle contour, radius=0.4 center=(0.5,0.5)"
analytic_circle,295,1.6264342167484569e-01,7.1491984333872949e-01,256,"exact circle contour, radius=0.4 center=(0.5,0.5)"
analytic_circle,296,1.6078076153742960e-01,7.1196770569328205e-01,256,"exact circle contour, radius=0.4 center=(0.5,0.5)"
analytic_circle,297,1.5894393425836312e-01,7.0899942588637954e-01,256,"exact circle contour, radius=0.4 center=(0.5,0.5)"
analytic_circle,298,1.5713307971915508e-01,7.0601522996402177e-01,256,"exact circle contour, radius=0.4 center=(0.5,0.5)"
analytic_circle,299,1.5534833582338964e-01,7.0301534518428166e-01,256,"exact circle contour, radius=0.4 center=(0.5,0.5)"
analytic_circle,300,1.5358983848622448e-01,6.9999999999999996e-01,256,"exact circle contour, radius=0.4 center=(0.5,0.5)"
analytic_circle,301,1.5185772162404010e-01,6.9696942404138684e-01,256,"exact circle contour, radius=0.4 center=(0.5,0.5)"
analytic_circle,302,1.5015211714424170e-01,6.9392384809853491e-01,256,"exact circle contour, radius=0.4 center=(0.5,0.5)"
analytic_circle,303,1.4847315493521385e-01,6.9086350410384345e-01,256,"exact circle contour, radius=0.4 center=(0.5,0.5)"
analytic_circle,304,1.4682096285642920e-01,6.8778862511435634e-01,256,"exact circle contour, radius=0.4 center=(0.5,0.5)"
analytic_circle,305,1.4519566672871131e-01,6.8469944529401361e-01,256,"exact circle contour, radius=0.4 center=(0.5,0.5)"
analytic_circle,306,1.4359739032465285e-01,6.8159619989581877e-01,256,"exact circle contour, radius=0.4 center=(0.5,0.5)"
analytic_circle,307,1.4202625535919000e-01,6.7847912524392362e-01,256,"exact circle contour, radius=0.4 center=(0.5,0.5)"
analytic_circle,308,1.4048238148033315e-01,6.7534845871563087e-01,256,"exact circle contour, radius=0.4 center=(0.5,0.5)"
analytic_circle,309,1.3896588626005574e-01,6.7220443872331803e-01,256,"exact circle contour, radius=0.4 center=(0.5,0.5)"
analytic_circle,310,1.3747688518534001e-01,6.6904730469627982e-01,256,"exact circle contour, radius=0.4 center=(0.5,0.5)"
analytic_circle,311,1.3601549164938276e-01,6.6587729706249565e-01,256,"exact circle contour, radius=0.4 center=(0.5,0.5)"
analytic_circle,312,1.3458181694295968e-01,6.6269465723032017e-01,256,"exact circle contour, radius=0.4 center=(0.5,0.5)"
analytic_circle,313,1.3317597024595035e-01,6.5949962757009850e-01,256,"exact circle contour, radius=0.4 center=(0.5,0.5)"
analytic_circle,314,1.3179805861902383e-01,6.5629245139570958e-01,256,"exact circle contour, radius=0.4 center=(0.5,0.5)"
analytic_circle,315,1.3044818699548527e-01,6.5307337294603596e-01,256,"exact circle contour, radius=0.4 center=(0.5,0.5)"
analytic_circle,316,1.2912645817328505e-01,6.4984263736636494e-01,256,"exact circle contour, radius=0.4 center=(0.5,0.5)"
analytic_circle,317,1.2783297280719014e-01,6.4660049068971892e-01,256,"exact circle contour, radius=0.4 center=(0.5,0.5)"
analytic_circle,318,1.2656782940111927e-01,6.4334717981812006e-01,256,"exact circle contour, radius=0.4 center=(0.5,0.5)"
analytic_circle,319,1.2533112430064097e-01,6.4008295250378699e-01,256,"exact circle contour, radius=0.4 center=(0.5,0.5)"
analytic_circle,320,1.2412295168563664e-01,6.3680805733026757e-01,256,"exact circle contour, radius=0.4 center=(0.5,0.5)"
analytic_circle,321,1.2294340356312866e-01,6.3352274369350847e-01,256,"exact circle contour, radius=0.4 center=(0.5,0.5)"
analytic_circle,322,1.2179256976027325e-01,6.3022726178286259e-01,256,"exact circle contour, radius=0.4 center=(0.5,0.5)"
analytic_circle,323,1.2067053791752025e-01,6.2692186256203686e-01,256,"exact circle contour, radius=0.4 center=(0.5,0.5)"
analytic_circle,324,1.1957739348193858e-01,6.2360679774997907e-01,256,"exact circle contour, radius=0.4 center=(0.5,0.5)"
analytic_circle,325,1.1851321970070927e-01,6.2028231980170934e-01,256,"exact circle contour, radius=0.4 center=(0.5,0.5)"
analytic_circle,326,1.1747809761478578e-01,6.1694868188909469e-01,256,"exact circle contour, radius=0.4 center=(0.5,0.5)"
analytic_circle,327,1.1647210605272273e-01,6.1360613788156904e-01,256,"exact circle contour, radius=0.4 center=(0.5,0.5)"
analytic_circle,328,1.1549532162467241e-01,6.1025494232679967e-01,256,"exact circle contour, radius=0.4 center=(0.5,0.5)"
analytic_circle,329,1.1454781871655079e-01,6.0689535043130283e-01,256,"exact circle contour, radius=0.4 center=(0.5,0.5)"
analytic_circle,330,1.1362966948437270e-01,6.0352761804100841e-01,256,"exact circle contour, radius=0.4 center=(0.5,0.5)"
analytic_circle,331,1.1274094384875688e-01,6.0015200162177651e-01,256,"exact circle contour, radius=0.4 center=(0.5,0.5)"
analytic_circle,332,1.1188170948960141e-01,5.9676875823986708e-01,256,"exact circle contour, radius=0.4 center=(0.5,0.5)"
analytic_circle,333,1.1105203184092938e-01,5.9337814554236223e-01,256,"exact circle contour, radius=0.4 center=(0.5,0.5)"
analytic_circle,334,1.1025197408590592e-01,5.8998042173754606e-01,256,"exact circle contour, radius=0.4 center=(0.5,0.5)"
analytic_circle,335,1.0948159715202666e-01,5.8657584557524112e-01,256,"exact circle contour, radius=0.4 center=(0.5,0.5)"
analytic_circle,336,1.0874095970647768e-01,5.8316467632710367e-01,256,"exact circle contour, radius=0.4 center=(0.5,0.5)"
analytic_circle,337,1.0803011815166813e-01,5.7974717376687890e-01,256,"exact circle contour, radius=0.4 center=(0.5,0.5)"
analytic_circle,338,1.0734912662093443e-01,5.7632359815061796e-01,256,"exact circle contour, radius=0.4 center=(0.5,0.5)"
analytic_circle,339,1.0669803697441815e-01,5.7289421019685904e-01,256,"exact circle contour, radius=0.4 center=(0.5,0.5)"
analytic_circle,340,1.0607689879511678e-01,5.6945927106677208e-01,256,"exact circle contour, radius=0.4 center=(0.5,0.5)"
analytic_circle,341,1.0548575938510740e-01,5.6601904234427103e-01,256,"exact circle contour, radius=0.4 center=(0.5,0.5)"
analytic_circle,342,1.0492466376194493e-01,5.6257378601609243e-01,256,"exact circle contour, radius=0.4 center=(0.5,0.5)"
analytic_circle,343,1.0439365465523326e-01,5.5912376445184431e-01,256,"exact circle contour, radius=0.4 center=(0.5,0.5)"
analytic_circle,344,1.0389277250337181e-01,5.5566924038402610e-01,256,"exact circle contour, radius=0.4 center=(0.5,0.5)"
analytic_circle,345,1.0342205545047584e-01,5.5221047688802061e-01,256,"exact circle contour, radius=0.4 center=(0.5,0.5)"
analytic_circle,346,1.0298153934347121e-01,5.4874773736205906e-01,256,"exact circle contour, radius=0.4 center=(0.5,0.5)"
analytic_circle,347,1.0257125772936498e-01,5.4528128550716271e-01,256,"exact circle contour, radius=0.4 center=(0.5,0.5)"
analytic_circle,348,1.0219124185269068e-01,5.4181138530706152e-01,256,"exact circle contour, radius=0.4 center=(0.5,0.5)"
analytic_circle,349,1.0184152065312846e-01,5.3833830100808955e-01,256,"exact circle contour, radius=0.4 center=(0.5,0.5)"
analytic_circle,350,1.0152212076330175e-01,5.3486229709906330e-01,256,"exact circle contour, radius=0.4 center=(0.5,0.5)"
analytic_circle,351,1.0123306650674879e-01,5.3138363829113799e-01,256,"exact circle contour, radius=0.4 center=(0.5,0.5)"
analytic_circle,352,1.0097437989607028e-01,5.2790258949765023e-01,256,"exact circle contour, radius=0.4 center=(0.5,0.5)"
analytic_circle,353,1.0074608063125318e-01,5.2441941581394269e-01,256,"exact circle contour, radius=0.4 center=(0.5,0.5)"
analytic_circle,354,1.0054818609817046e-01,5.2093438249717749e-01,256,"exact circle contour, radius=0.4 center=(0.5,0.5)"
analytic_circle,355,1.0038071136725685e-01,5.1744775494613438e-01,256,"exact circle contour, radius=0.4 center=(0.5,0.5)"
analytic_circle,356,1.0024366919236166e-01,5.1395979868100050e-01,256,"exact circle contour, radius=0.4 center=(0.5,0.5)"
analytic_circle,357,1.0013707000977706e-01,5.1047077932314933e-01,256,"exact circle contour, radius=0.4 center=(0.5,0.5)"
analytic_circle,358,1.0006092193744348e-01,5.0698096257491343e-01,256,"exact circle contour, radius=0.4 center=(0.5,0.5)"
analytic_circle,359,1.0001523077433144e-01,5.0349061419934960e-01,256,"exact circle contour, radius=0.4 center=(0.5,0.5)"
analytic_circle,360,9.9999999999999978e-02,5.0000000000000000e-01,256,"exact circle contour, radius=0.4 center=(0.5,0.5)"
analytic_circle,361,1.0001523077433144e-01,4.9650938580065052e-01,256,"exact circle contour, radius=0.4 center=(0.5,0.5)"
analytic_circle,362,1.0006092193744348e-01,4.9301903742508657e-01,256,"exact circle contour, radius=0.4 center=(0.5,0.5)"
analytic_circle,363,1.0013707000977706e-01,4.8952922067685073e-01,256,"exact circle contour, radius=0.4 center=(0.5,0.5)"
analytic_circle,364,1.0024366919236166e-01,4.8604020131899967e-01,256,"exact circle contour, radius=0.4 center=(0.5,0.5)"
analytic_circle,365,1.0038071136725685e-01,4.8255224505386568e-01,256,"exact circle contour, radius=0.4 center=(0.5,0.5)"
analytic_circle,366,1.0054818609817046e-01,4.7906561750282256e-01,256,"exact circle contour, radius=0.4 center=(0.5,0.5)"
analytic_circle,367,1.0074608063125323e-01,4.7558058418605720e-01,256,"exact circle contour, radius=0.4 center=(0.5,0.5)"
analytic_circle,368,1.0097437989607028e-01,4.7209741050234988e-01,256,"exact circle contour, radius=0.4 center=(0.5,0.5)"
analytic_circle,369,1.0123306650674879e-01,4.6861636170886206e-01,256,"exact circle contour, radius=0.4 center=(0.5,0.5)"
analytic_circle,370,1.0152212076330175e-01,4.6513770290093681e-01,256,"exact circle contour, radius=0.4 center=(0.5,0.5)"
analytic_circle,371,1.0184152065312846e-01,4.6166169899191034e-01,256,"exact circle contour, radius=0.4 center=(0.5,0.5)"
analytic_circle,372,1.0219124185269068e-01,4.5818861469293859e-01,256,"exact circle contour, radius=0.4 center=(0.5,0.5)"
analytic_circle,373,1.0257125772936498e-01,4.5471871449283735e-01,256,"exact circle contour, radius=0.4 center=(0.5,0.5)"
analytic_circle,374,1.0298153934347115e-01,4.5125226263794105e-01,256,"exact circle contour, radius=0.4 center=(0.5,0.5)"
analytic_circle,375,1.0342205545047578e-01,4.4778952311197945e-01,256,"exact circle contour, radius=0.4 center=(0.5,0.5)"
analytic_circle,376,1.0389277250337187e-01,4.4433075961597379e-01,256,"exact circle contour, radius=0.4 center=(0.5,0.5)"
analytic_circle,377,1.0439365465523326e-01,4.4087623554815575e-01,256,"exact circle contour, radius=0.4 center=(0.5,0.5)"
analytic_circle,378,1.0492466376194487e-01,4.3742621398390769e-01,256,"exact circle contour, radius=0.4 center=(0.5,0.5)"
analytic_circle,379,1.0548575938510740e-01,4.3398095765572903e-01,256,"exact circle contour, radius=0.4 center=(0.5,0.5)"
analytic_circle,380,1.0607689879511678e-01,4.3054072893322781e-01,256,"exact circle contour, radius=0.4 center=(0.5,0.5)"
analytic_circle,381,1.0669803697441815e-01,4.2710578980314101e-01,256,"exact circle contour, radius=0.4 center=(0.5,0.5)"
analytic_circle,382,1.0734912662093438e-01,4.2367640184938210e-01,256,"exact circle contour, radius=0.4 center=(0.5,0.5)"
analytic_circle,383,1.0803011815166808e-01,4.2025282623312121e-01,256,"exact circle contour, radius=0.4 center=(0.5,0.5)"
analytic_circle,384,1.0874095970647774e-01,4.1683532367289622e-01,256,"exact circle contour, radius=0.4 center=(0.5,0.5)"
analytic_circle,385,1.0948159715202666e-01,4.1342415442475883e-01,256,"exact circle contour, radius=0.4 center=(0.5,0.5)"
analytic_circle,386,1.1025197408590587e-01,4.1001957826245400e-01,256,"exact circle contour, radius=0.4 center=(0.5,0.5)"
analytic_circle,387,1.1105203184092932e-01,4.0662185445763788e-01,256,"exact circle contour, radius=0.4 center=(0.5,0.5)"
analytic_circle,388,1.1188170948960141e-01,4.0323124176013297e-01,256,"exact circle contour, radius=0.4 center=(0.5,0.5)"
analytic_circle,389,1.1274094384875688e-01,3.9984799837822338e-01,256,"exact circle contour, radius=0.4 center=(0.5,0.5)"
analytic_circle,390,1.1362966948437264e-01,3.9647238195899170e-01,256,"exact circle contour, radius=0.4 center=(0.5,0.5)"
analytic_circle,391,1.1454781871655073e-01,3.9310464956869728e-01,256,"exact circle contour, radius=0.4 center=(0.5,0.5)"
analytic_circle,392,1.1549532162467241e-01,3.8974505767320039e-01,256,"exact circle contour, radius=0.4 center=(0.5,0.5)"
analytic_circle,393,1.1647210605272273e-01,3.8639386211843091e-01,256,"exact circle contour, radius=0.4 center=(0.5,0.5)"
analytic_circle,394,1.1747809761478578e-01,3.8305131811090531e-01,256,"exact circle contour, radius=0.4 center=(0.5,0.5)"
analytic_circle,395,1.1851321970070922e-01,3.7971768019829077e-01,256,"exact circle contour, radius=0.4 center=(0.5,0.5)"
analytic_circle,396,1.1957739348193852e-01,3.7639320225002110e-01,256,"exact circle contour, radius=0.4 center=(0.5,0.5)"
analytic_circle,397,1.2067053791752019e-01,3.7307813743796325e-01,256,"exact circle contour, radius=0.4 center=(0.5,0.5)"
analytic_circle,398,1.2179256976027331e-01,3.6977273821713730e-01,256,"exact circle contour, radius=0.4 center=(0.5,0.5)"
analytic_circle,399,1.2294340356312861e-01,3.6647725630649164e-01,256,"exact circle contour, radius=0.4 center=(0.5,0.5)"
analytic_circle,400,1.2412295168563658e-01,3.6319194266973254e-01,256,"exact circle contour, radius=0.4 center=(0.5,0.5)"
analytic_circle,401,1.2533112430064092e-01,3.5991704749621312e-01,256,"exact circle contour, radius=0.4 center=(0.5,0.5)"
analytic_circle,402,1.2656782940111933e-01,3.5665282018187983e-01,256,"exact circle contour, radius=0.4 center=(0.5,0.5)"
analytic_circle,403,1.2783297280719019e-01,3.5339950931028108e-01,256,"exact circle contour, radius=0.4 center=(0.5,0.5)"
analytic_circle,404,1.2912645817328500e-01,3.5015736263363517e-01,256,"exact circle contour, radius=0.4 center=(0.5,0.5)"
analytic_circle,405,1.3044818699548522e-01,3.4692662705396415e-01,256,"exact circle contour, radius=0.4 center=(0.5,0.5)"
analytic_circle,406,1.3179805861902383e-01,3.4370754860429054e-01,256,"exact circle contour, radius=0.4 center=(0.5,0.5)"
analytic_circle,407,1.3317597024595035e-01,3.4050037242990150e-01,256,"exact circle contour, radius=0.4 center=(0.5,0.5)"
analytic_circle,408,1.3458181694295962e-01,3.3730534276967994e-01,256,"exact circle contour, radius=0.4 center=(0.5,0.5)"
analytic_circle,409,1.3601549164938270e-01,3.3412270293750440e-01,256,"exact circle contour, radius=0.4 center=(0.5,0.5)"
analytic_circle,410,1.3747688518533996e-01,3.3095269530372029e-01,256,"exact circle contour, radius=0.4 center=(0.5,0.5)"
analytic_circle,411,1.3896588626005579e-01,3.2779556127668186e-01,256,"exact circle contour, radius=0.4 center=(0.5,0.5)"
analytic_circle,412,1.4048238148033321e-01,3.2465154128436902e-01,256,"exact circle contour, radius=0.4 center=(0.5,0.5)"
analytic_circle,413,1.4202625535918995e-01,3.2152087475607649e-01,256,"exact circle contour, radius=0.4 center=(0.5,0.5)"
analytic_circle,414,1.4359739032465280e-01,3.1840380010418134e-01,256,"exact circle contour, radius=0.4 center=(0.5,0.5)"
analytic_circle,415,1.4519566672871126e-01,3.1530055470598650e-01,256,"exact circle contour, radius=0.4 center=(0.5,0.5)"
analytic_circle,416,1.4682096285642920e-01,3.1221137488564366e-01,256,"exact circle contour, radius=0.4 center=(0.5,0.5)"
analytic_circle,417,1.4847315493521385e-01,3.0913649589615666e-01,256,"exact circle contour, radius=0.4 center=(0.5,0.5)"
analytic_circle,418,1.5015211714424165e-01,3.0607615190146520e-01,256,"exact circle contour, radius=0.4 center=(0.5,0.5)"
analytic_circle,419,1.5185772162404004e-01,3.0303057595861321e-01,256,"exact circle contour, radius=0.4 center=(0.5,0.5)"
analytic_circle,420,1.5358983848622454e-01,2.9999999999999993e-01,256,"exact circle contour, radius=0.4 center=(0.5,0.5)"
analytic_circle,421,1.5534833582338969e-01,2.9698465481571834e-01,256,"exact circle contour, radius=0.4 center=(0.5,0.5)"
analytic_circle,422,1.5713307971915502e-01,2.9398477003597834e-01,256,"exact circle contour, radius=0.4 center=(0.5,0.5)"
analytic_circle,423,1.5894393425836306e-01,2.9100057411362046e-01,256,"exact circle contour, radius=0.4 center=(0.5,0.5)"
analytic_circle,424,1.6078076153742954e-01,2.8803229430671806e-01,256,"exact circle contour, radius=0.4 center=(0.5,0.5)"
analytic_circle,425,1.6264342167484575e-01,2.8508015666127040e-01,256,"exact circle contour, radius=0.4 center=(0.5,0.5)"
analytic_circle,426,1.6453177282183035e-01,2.8214438599398917e-01,256,"exact circle contour, radius=0.4 center=(0.5,0.5)"
analytic_circle,427,1.6644567117313269e-01,2.7922520587517674e-01,256,"exact circle contour, radius=0.4 center=(0.5,0.5)"
analytic_circle,428,1.6838497097798322e-01,2.7632283861170132e-01,256,"exact circle contour, radius=0.4 center=(0.5,0.5)"
analytic_circle,429,1.7034952455119373e-01,2.7343750523006682e-01,256,"exact circle contour, radius=0.4 center=(0.5,0.5)"
analytic_circle,430,1.7233918228440326e-01,2.7056942545958151e-01,256,"exact circle contour, radius=0.4 center=(0.5,0.5)"
analytic_circle,431,1.7435379265747231e-01,2.6771881771562411e-01,256,"exact circle contour, radius=0.4 center=(0.5,0.5)"
analytic_circle,432,1.7639320225002098e-01,2.6488589908301075e-01,256,"exact circle contour, radius=0.4 center=(0.5,0.5)"
analytic_circle,433,1.7845725575311300e-01,2.6207088529946354e-01,256,"exact circle contour, radius=0.4 center=(0.5,0.5)"
analytic_circle,434,1.8054579598108284e-01,2.5927399073918067e-01,256,"exact circle contour, radius=0.4 center=(0.5,0.5)"
analytic_circle,435,1.8265866388350593e-01,2.5649542839651174e-01,256,"exact circle contour, radius=0.4 center=(0.5,0.5)"
analytic_circle,436,1.8479569855731115e-01,2.5373540986973675e-01,256,"exact circle contour, radius=0.4 center=(0.5,0.5)"
analytic_circle,437,1.8695673725903439e-01,2.5099414534495224e-01,256,"exact circle contour, radius=0.4 center=(0.5,0.5)"
analytic_circle,438,1.8914161541721164e-01,2.4827184358006493e-01,256,"exact circle contour, radius=0.4 center=(0.5,0.5)"
analytic_circle,439,1.9135016664491200e-01,2.4556871188889440e-01,256,"exact circle contour, radius=0.4 center=(0.5,0.5)"
analytic_circle,440,1.9358222275240877e-01,2.4288495612538430e-01,256,"exact circle contour, radius=0.4 center=(0.5,0.5)"
analytic_circle,441,1.9583761375998754e-01,2.4022078066792657e-01,256,"exact circle contour, radius=0.4 center=(0.5,0.5)"
analytic_circle,442,1.9811616791089115e-01,2.3757638840379719e-01,256,"exact circle contour, radius=0.4 center=(0.5,0.5)"
analytic_circle,443,2.0041771168439915e-01,2.3495198071370499e-01,256,"exact circle contour, radius=0.4 center=(0.5,0.5)"
analytic_circle,444,2.0274206980904230e-01,2.3234775745645669e-01,256,"exact circle contour, radius=0.4 center=(0.5,0.5)"
analytic_circle,445,2.0508906527595033e-01,2.2976391695373594e-01,256,"exact circle contour, radius=0.4 center=(0.5,0.5)"
analytic_circle,446,2.0745851935233178e-01,2.2720065597500066e-01,256,"exact circle contour, radius=0.4 center=(0.5,0.5)"
analytic_circle,447,2.0985025159508497e-01,2.2465816972249836e-01,256,"exact circle contour, radius=0.4 center=(0.5,0.5)"
analytic_circle,448,2.1226407986453955e-01,2.2213665181640102e-01,256,"exact circle contour, radius=0.4 center=(0.5,0.5)"
analytic_circle,449,2.1469982033832730e-01,2.1963629428005965e-01,256,"exact circle contour, radius=0.4 center=(0.5,0.5)"
analytic_circle,450,2.1715728752538094e-01,2.1715728752538099e-01,256,"exact circle contour, radius=0.4 center=(0.5,0.5)"
analytic_circle,451,2.1963629428005954e-01,2.1469982033832741e-01,256,"exact circle contour, radius=0.4 center=(0.5,0.5)"
analytic_circle,452,2.2213665181640108e-01,2.1226407986453949e-01,256,"exact circle contour, radius=0.4 center=(0.5,0.5)"
analytic_circle,453,2.2465816972249836e-01,2.0985025159508491e-01,256,"exact circle contour, radius=0.4 center=(0.5,0.5)"
analytic_circle,454,2.2720065597500055e-01,2.0745851935233184e-01,256,"exact circle contour, radius=0.4 center=(0.5,0.5)"
analytic_circle,455,2.2976391695373583e-01,2.0508906527595044e-01,256,"exact circle contour, radius=0.4 center=(0.5,0.5)"
analytic_circle,456,2.3234775745645675e-01,2.0274206980904225e-01,256,"exact circle contour, radius=0.4 center=(0.5,0.5)"
analytic_circle,457,2.3495198071370504e-01,2.0041771168439909e-01,256,"exact circle contour, radius=0.4 center=(0.5,0.5)"
analytic_circle,458,2.3757638840379708e-01,1.9811616791089115e-01,256,"exact circle contour, radius=0.4 center=(0.5,0.5)"
analytic_circle,459,2.4022078066792663e-01,1.9583761375998754e-01,256,"exact circle contour, radius=0.4 center=(0.5,0.5)"
analytic_circle,460,2.4288495612538419e-01,1.9358222275240883e-01,256,"exact circle contour, radius=0.4 center=(0.5,0.5)"
analytic_circle,461,2.4556871188889445e-01,1.9135016664491200e-01,256,"exact circle contour, radius=0.4 center=(0.5,0.5)"
analytic_circle,462,2.4827184358006488e-01,1.8914161541721175e-01,256,"exact circle contour, radius=0.4 center=(0.5,0.5)"
analytic_circle,463,2.5099414534495212e-01,1.8695673725903444e-01,256,"exact circle contour, radius=0.4 center=(0.5,0.5)"
analytic_circle,464,2.5373540986973675e-01,1.8479569855731115e-01,256,"exact circle contour, radius=0.4 center=(0.5,0.5)"
analytic_circle,465,2.5649542839651163e-01,1.8265866388350599e-01,256,"exact circle contour, radius=0.4 center=(0.5,0.5)"
analytic_circle,466,2.5927399073918067e-01,1.8054579598108284e-01,256,"exact circle contour, radius=0.4 center=(0.5,0.5)"
analytic_circle,467,2.6207088529946332e-01,1.7845725575311316e-01,256,"exact circle contour, radius=0.4 center=(0.5,0.5)"
analytic_circle,468,2.6488589908301069e-01,1.7639320225002103e-01,256,"exact circle contour, radius=0.4 center=(0.5,0.5)"
analytic_circle,469,2.6771881771562417e-01,1.7435379265747225e-01,256,"exact circle contour, radius=0.4 center=(0.5,0.5)"
analytic_circle,470,2.7056942545958140e-01,1.7233918228440337e-01,256,"exact circle contour, radius=0.4 center=(0.5,0.5)"
analytic_circle,471,2.7343750523006682e-01,1.7034952455119368e-01,256,"exact circle contour, radius=0.4 center=(0.5,0.5)"
analytic_circle,472,2.7632283861170137e-01,1.6838497097798322e-01,256,"exact circle contour, radius=0.4 center=(0.5,0.5)"
analytic_circle,473,2.7922520587517663e-01,1.6644567117313275e-01,256,"exact circle contour, radius=0.4 center=(0.5,0.5)"
analytic_circle,474,2.8214438599398917e-01,1.6453177282183029e-01,256,"exact circle contour, radius=0.4 center=(0.5,0.5)"
analytic_circle,475,2.8508015666127029e-01,1.6264342167484580e-01,256,"exact circle contour, radius=0.4 center=(0.5,0.5)"
analytic_circle,476,2.8803229430671795e-01,1.6078076153742960e-01,256,"exact circle contour, radius=0.4 center=(0.5,0.5)"
analytic_circle,477,2.9100057411362057e-01,1.5894393425836301e-01,256,"exact circle contour, radius=0.4 center=(0.5,0.5)"
analytic_circle,478,2.9398477003597823e-01,1.5713307971915513e-01,256,"exact circle contour, radius=0.4 center=(0.5,0.5)"
analytic_circle,479,2.9698465481571834e-01,1.5534833582338964e-01,256,"exact circle contour, radius=0.4 center=(0.5,0.5)"
analytic_circle,480,2.9999999999999982e-01,1.5358983848622465e-01,256,"exact circle contour, radius=0.4 center=(0.5,0.5)"
analytic_circle,481,3.0303057595861310e-01,1.5185772162404015e-01,256,"exact circle contour, radius=0.4 center=(0.5,0.5)"
analytic_circle,482,3.0607615190146525e-01,1.5015211714424159e-01,256,"exact circle contour, radius=0.4 center=(0.5,0.5)"
analytic_circle,483,3.0913649589615655e-01,1.4847315493521385e-01,256,"exact circle contour, radius=0.4 center=(0.5,0.5)"
analytic_circle,484,3.1221137488564366e-01,1.4682096285642920e-01,256,"exact circle contour, radius=0.4 center=(0.5,0.5)"
analytic_circle,485,3.1530055470598622e-01,1.4519566672871137e-01,256,"exact circle contour, radius=0.4 center=(0.5,0.5)"
analytic_circle,486,3.1840380010418123e-01,1.4359739032465285e-01,256,"exact circle contour, radius=0.4 center=(0.5,0.5)"
analytic_circle,487,3.2152087475607649e-01,1.4202625535918995e-01,256,"exact circle contour, radius=0.4 center=(0.5,0.5)"
analytic_circle,488,3.2465154128436891e-01,1.4048238148033326e-01,256,"exact circle contour, radius=0.4 center=(0.5,0.5)"
analytic_circle,489,3.2779556127668197e-01,1.3896588626005574e-01,256,"exact circle contour, radius=0.4 center=(0.5,0.5)"
analytic_circle,490,3.3095269530372029e-01,1.3747688518533996e-01,256,"exact circle contour, radius=0.4 center=(0.5,0.5)"
analytic_circle,491,3.3412270293750429e-01,1.3601549164938276e-01,256,"exact circle contour, radius=0.4 center=(0.5,0.5)"
analytic_circle,492,3.3730534276967994e-01,1.3458181694295956e-01,256,"exact circle contour, radius=0.4 center=(0.5,0.5)"
analytic_circle,493,3.4050037242990139e-01,1.3317597024595040e-01,256,"exact circle contour, radius=0.4 center=(0.5,0.5)"
analytic_circle,494,3.4370754860429042e-01,1.3179805861902388e-01,256,"exact circle contour, radius=0.4 center=(0.5,0.5)"
analytic_circle,495,3.4692662705396415e-01,1.3044818699548522e-01,256,"exact circle contour, radius=0.4 center=(0.5,0.5)"
analytic_circle,496,3.5015736263363506e-01,1.2912645817328505e-01,256,"exact circle contour, radius=0.4 center=(0.5,0.5)"
analytic_circle,497,3.5339950931028108e-01,1.2783297280719014e-01,256,"exact circle contour, radius=0.4 center=(0.5,0.5)"
analytic_circle,498,3.5665282018187972e-01,1.2656782940111938e-01,256,"exact circle contour, radius=0.4 center=(0.5,0.5)"
analytic_circle,499,3.5991704749621295e-01,1.2533112430064097e-01,256,"exact circle contour, radius=0.4 center=(0.5,0.5)"
analytic_circle,500,3.6319194266973254e-01,1.2412295168563658e-01,256,"exact circle contour, radius=0.4 center=(0.5,0.5)"
analytic_circle,501,3.6647725630649153e-01,1.2294340356312866e-01,256,"exact circle contour, radius=0.4 center=(0.5,0.5)"
analytic_circle,502,3.6977273821713730e-01,1.2179256976027325e-01,256,"exact circle contour, radius=0.4 center=(0.5,0.5)"
analytic_circle,503,3.7307813743796292e-01,1.2067053791752030e-01,256,"exact circle contour, radius=0.4 center=(0.5,0.5)"
analytic_circle,504,3.7639320225002099e-01,1.1957739348193858e-01,256,"exact circle contour, radius=0.4 center=(0.5,0.5)"
analytic_circle,505,3.7971768019829083e-01,1.1851321970070922e-01,256,"exact circle contour, radius=0.4 center=(0.5,0.5)"
analytic_circle,506,3.8305131811090515e-01,1.1747809761478584e-01,256,"exact circle contour, radius=0.4 center=(0.5,0.5)"
analytic_circle,507,3.8639386211843096e-01,1.1647210605272273e-01,256,"exact circle contour, radius=0.4 center=(0.5,0.5)"
analytic_circle,508,3.8974505767320045e-01,1.1549532162467235e-01,256,"exact circle contour, radius=0.4 center=(0.5,0.5)"
analytic_circle,509,3.9310464956869717e-01,1.1454781871655079e-01,256,"exact circle contour, radius=0.4 center=(0.5,0.5)"
analytic_circle,510,3.9647238195899176e-01,1.1362966948437264e-01,256,"exact circle contour, radius=0.4 center=(0.5,0.5)"
analytic_circle,511,3.9984799837822327e-01,1.1274094384875694e-01,256,"exact circle contour, radius=0.4 center=(0.5,0.5)"
analytic_circle,512,4.0323124176013286e-01,1.1188170948960141e-01,256,"exact circle contour, radius=0.4 center=(0.5,0.5)"
analytic_circle,513,4.0662185445763793e-01,1.1105203184092932e-01,256,"exact circle contour, radius=0.4 center=(0.5,0.5)"
analytic_circle,514,4.1001957826245389e-01,1.1025197408590592e-01,256,"exact circle contour, radius=0.4 center=(0.5,0.5)"
analytic_circle,515,4.1342415442475888e-01,1.0948159715202666e-01,256,"exact circle contour, radius=0.4 center=(0.5,0.5)"
analytic_circle,516,4.1683532367289611e-01,1.0874095970647774e-01,256,"exact circle contour, radius=0.4 center=(0.5,0.5)"
analytic_circle,517,4.2025282623312110e-01,1.0803011815166813e-01,256,"exact circle contour, radius=0.4 center=(0.5,0.5)"
analytic_circle,518,4.2367640184938216e-01,1.0734912662093438e-01,256,"exact circle contour, radius=0.4 center=(0.5,0.5)"
analytic_circle,519,4.2710578980314090e-01,1.0669803697441815e-01,256,"exact circle contour, radius=0.4 center=(0.5,0.5)"
analytic_circle,520,4.3054072893322787e-01,1.0607689879511678e-01,256,"exact circle contour, radius=0.4 center=(0.5,0.5)"
analytic_circle,521,4.3398095765572908e-01,1.0548575938510740e-01,256,"exact circle contour, radius=0.4 center=(0.5,0.5)"
analytic_circle,522,4.3742621398390757e-01,1.0492466376194493e-01,256,"exact circle contour, radius=0.4 center=(0.5,0.5)"
analytic_circle,523,4.4087623554815580e-01,1.0439365465523326e-01,256,"exact circle contour, radius=0.4 center=(0.5,0.5)"
analytic_circle,524,4.4433075961597368e-01,1.0389277250337187e-01,256,"exact circle contour, radius=0.4 center=(0.5,0.5)"
analytic_circle,525,4.4778952311197934e-01,1.0342205545047584e-01,256,"exact circle contour, radius=0.4 center=(0.5,0.5)"
analytic_circle,526,4.5125226263794116e-01,1.0298153934347115e-01,256,"exact circle contour, radius=0.4 center=(0.5,0.5)"
analytic_circle,527,4.5471871449283724e-01,1.0257125772936498e-01,256,"exact circle contour, radius=0.4 center=(0.5,0.5)"
analytic_circle,528,4.5818861469293864e-01,1.0219124185269063e-01,256,"exact circle contour, radius=0.4 center=(0.5,0.5)"
analytic_circle,529,4.6166169899191023e-01,1.0184152065312846e-01,256,"exact circle contour, radius=0.4 center=(0.5,0.5)"
analytic_circle,530,4.6513770290093670e-01,1.0152212076330175e-01,256,"exact circle contour, radius=0.4 center=(0.5,0.5)"
analytic_circle,531,4.6861636170886212e-01,1.0123306650674879e-01,256,"exact circle contour, radius=0.4 center=(0.5,0.5)"
analytic_circle,532,4.7209741050234977e-01,1.0097437989607028e-01,256,"exact circle contour, radius=0.4 center=(0.5,0.5)"
analytic_circle,533,4.7558058418605725e-01,1.0074608063125318e-01,256,"exact circle contour, radius=0.4 center=(0.5,0.5)"
analytic_circle,534,4.7906561750282228e-01,1.0054818609817046e-01,256,"exact circle contour, radius=0.4 center=(0.5,0.5)"
analytic_circle,535,4.8255224505386557e-01,1.0038071136725685e-01,256,"exact circle contour, radius=0.4 center=(0.5,0.5)"
analytic_circle,536,4.8604020131899972e-01,1.0024366919236166e-01,256,"exact circle contour, radius=0.4 center=(0.5,0.5)"
analytic_circle,537,4.8952922067685062e-01,1.0013707000977706e-01,256,"exact circle contour, radius=0.4 center=(0.5,0.5)"
analytic_circle,538,4.9301903742508663e-01,1.0006092193744348e-01,256,"exact circle contour, radius=0.4 center=(0.5,0.5)"
analytic_circle,539,4.9650938580065057e-01,1.0001523077433144e-01,256,"exact circle contour, radius=0.4 center=(0.5,0.5)"
analytic_circle,540,4.9999999999999994e-01,9.9999999999999978e-02,256,"exact circle contour, radius=0.4 center=(0.5,0.5)"
analytic_circle,541,5.0349061419934960e-01,1.0001523077433144e-01,256,"exact circle contour, radius=0.4 center=(0.5,0.5)"
analytic_circle,542,5.0698096257491321e-01,1.0006092193744348e-01,256,"exact circle contour, radius=0.4 center=(0.5,0.5)"
analytic_circle,543,5.1047077932314922e-01,1.0013707000977706e-01,256,"exact circle contour, radius=0.4 center=(0.5,0.5)"
analytic_circle,544,5.1395979868100050e-01,1.0024366919236166e-01,256,"exact circle contour, radius=0.4 center=(0.5,0.5)"
analytic_circle,545,5.1744775494613426e-01,1.0038071136725685e-01,256,"exact circle contour, radius=0.4 center=(0.5,0.5)"
analytic_circle,546,5.2093438249717761e-01,1.0054818609817046e-01,256,"exact circle contour, radius=0.4 center=(0.5,0.5)"
analytic_circle,547,5.2441941581394258e-01,1.0074608063125318e-01,256,"exact circle contour, radius=0.4 center=(0.5,0.5)"
analytic_circle,548,5.2790258949765012e-01,1.0097437989607028e-01,256,"exact circle contour, radius=0.4 center=(0.5,0.5)"
analytic_circle,549,5.3138363829113811e-01,1.0123306650674879e-01,256,"exact circle contour, radius=0.4 center=(0.5,0.5)"
analytic_circle,550,5.3486229709906319e-01,1.0152212076330175e-01,256,"exact circle contour, radius=0.4 center=(0.5,0.5)"
analytic_circle,551,5.3833830100808966e-01,1.0184152065312846e-01,256,"exact circle contour, radius=0.4 center=(0.5,0.5)"
analytic_circle,552,5.4181138530706119e-01,1.0219124185269063e-01,256,"exact circle contour, radius=0.4 center=(0.5,0.5)"
analytic_circle,553,5.4528128550716259e-01,1.0257125772936493e-01,256,"exact circle contour, radius=0.4 center=(0.5,0.5)"
analytic_circle,554,5.4874773736205906e-01,1.0298153934347121e-01,256,"exact circle contour, radius=0.4 center=(0.5,0.5)"
analytic_circle,555,5.5221047688802050e-01,1.0342205545047578e-01,256,"exact circle contour, radius=0.4 center=(0.5,0.5)"
analytic_circle,556,5.5566924038402621e-01,1.0389277250337181e-01,256,"exact circle contour, radius=0.4 center=(0.5,0.5)"
analytic_circle,557,5.5912376445184442e-01,1.0439365465523326e-01,256,"exact circle contour, radius=0.4 center=(0.5,0.5)"
analytic_circle,558,5.6257378601609231e-01,1.0492466376194487e-01,256,"exact circle contour, radius=0.4 center=(0.5,0.5)"
analytic_circle,559,5.6601904234427114e-01,1.0548575938510746e-01,256,"exact circle contour, radius=0.4 center=(0.5,0.5)"
analytic_circle,560,5.6945927106677197e-01,1.0607689879511673e-01,256,"exact circle contour, radius=0.4 center=(0.5,0.5)"
analytic_circle,561,5.7289421019685893e-01,1.0669803697441815e-01,256,"exact circle contour, radius=0.4 center=(0.5,0.5)"
analytic_circle,562,5.7632359815061807e-01,1.0734912662093443e-01,256,"exact circle contour, radius=0.4 center=(0.5,0.5)"
analytic_circle,563,5.7974717376687879e-01,1.0803011815166808e-01,256,"exact circle contour, radius=0.4 center=(0.5,0.5)"
analytic_circle,564,5.8316467632710378e-01,1.0874095970647774e-01,256,"exact circle contour, radius=0.4 center=(0.5,0.5)"
analytic_circle,565,5.8657584557524101e-01,1.0948159715202660e-01,256,"exact circle contour, radius=0.4 center=(0.5,0.5)"
analytic_circle,566,5.8998042173754595e-01,1.1025197408590587e-01,256,"exact circle contour, radius=0.4 center=(0.5,0.5)"
analytic_circle,567,5.9337814554236223e-01,1.1105203184092938e-01,256,"exact circle contour, radius=0.4 center=(0.5,0.5)"
analytic_circle,568,5.9676875823986697e-01,1.1188170948960136e-01,256,"exact circle contour, radius=0.4 center=(0.5,0.5)"
analytic_circle,569,6.0015200162177662e-01,1.1274094384875688e-01,256,"exact circle contour, radius=0.4 center=(0.5,0.5)"
analytic_circle,570,6.0352761804100807e-01,1.1362966948437259e-01,256,"exact circle contour, radius=0.4 center=(0.5,0.5)"
analytic_circle,571,6.0689535043130272e-01,1.1454781871655073e-01,256,"exact circle contour, radius=0.4 center=(0.5,0.5)"
analytic_circle,572,6.1025494232679978e-01,1.1549532162467246e-01,256,"exact circle contour, radius=0.4 center=(0.5,0.5)"
analytic_circle,573,6.1360613788156892e-01,1.1647210605272273e-01,256,"exact circle contour, radius=0.4 center=(0.5,0.5)"
analytic_circle,574,6.1694868188909469e-01,1.1747809761478578e-01,256,"exact circle contour, radius=0.4 center=(0.5,0.5)"
analytic_circle,575,6.2028231980170934e-01,1.1851321970070927e-01,256,"exact circle contour, radius=0.4 center=(0.5,0.5)"
analytic_circle,576,6.2360679774997885e-01,1.1957739348193852e-01,256,"exact circle contour, radius=0.4 center=(0.5,0.5)"
analytic_circle,577,6.2692186256203697e-01,1.2067053791752025e-01,256,"exact circle contour, radius=0.4 center=(0.5,0.5)"
analytic_circle,578,6.3022726178286259e-01,1.2179256976027319e-01,256,"exact circle contour, radius=0.4 center=(0.5,0.5)"
analytic_circle,579,6.3352274369350836e-01,1.2294340356312861e-01,256,"exact circle contour, radius=0.4 center=(0.5,0.5)"
analytic_circle,580,6.3680805733026757e-01,1.2412295168563664e-01,256,"exact circle contour, radius=0.4 center=(0.5,0.5)"
analytic_circle,581,6.4008295250378688e-01,1.2533112430064092e-01,256,"exact circle contour, radius=0.4 center=(0.5,0.5)"
analytic_circle,582,6.4334717981812017e-01,1.2656782940111927e-01,256,"exact circle contour, radius=0.4 center=(0.5,0.5)"
analytic_circle,583,6.4660049068971870e-01,1.2783297280719008e-01,256,"exact circle contour, radius=0.4 center=(0.5,0.5)"
analytic_circle,584,6.4984263736636483e-01,1.2912645817328500e-01,256,"exact circle contour, radius=0.4 center=(0.5,0.5)"
analytic_circle,585,6.5307337294603607e-01,1.3044818699548533e-01,256,"exact circle contour, radius=0.4 center=(0.5,0.5)"
analytic_circle,586,6.5629245139570935e-01,1.3179805861902377e-01,256,"exact circle contour, radius=0.4 center=(0.5,0.5)"
analytic_circle,587,6.5949962757009850e-01,1.3317597024595035e-01,256,"exact circle contour, radius=0.4 center=(0.5,0.5)"
analytic_circle,588,6.6269465723031995e-01,1.3458181694295956e-01,256,"exact circle contour, radius=0.4 center=(0.5,0.5)"
analytic_circle,589,6.6587729706249554e-01,1.3601549164938270e-01,256,"exact circle contour, radius=0.4 center=(0.5,0.5)"
analytic_circle,590,6.6904730469627982e-01,1.3747688518534007e-01,256,"exact circle contour, radius=0.4 center=(0.5,0.5)"
analytic_circle,591,6.7220443872331792e-01,1.3896588626005568e-01,256,"exact circle contour, radius=0.4 center=(0.5,0.5)"
analytic_circle,592,6.7534845871563098e-01,1.4048238148033315e-01,256,"exact circle contour, radius=0.4 center=(0.5,0.5)"
analytic_circle,593,6.7847912524392362e-01,1.4202625535919000e-01,256,"exact circle contour, radius=0.4 center=(0.5,0.5)"
analytic_circle,594,6.8159619989581866e-01,1.4359739032465280e-01,256,"exact circle contour, radius=0.4 center=(0.5,0.5)"
analytic_circle,595,6.8469944529401361e-01,1.4519566672871131e-01,256,"exact circle contour, radius=0.4 center=(0.5,0.5)"
analytic_circle,596,6.8778862511435612e-01,1.4682096285642915e-01,256,"exact circle contour, radius=0.4 center=(0.5,0.5)"
analytic_circle,597,6.9086350410384334e-01,1.4847315493521385e-01,256,"exact circle contour, radius=0.4 center=(0.5,0.5)"
analytic_circle,598,6.9392384809853491e-01,1.5015211714424170e-01,256,"exact circle contour, radius=0.4 center=(0.5,0.5)"
analytic_circle,599,6.9696942404138673e-01,1.5185772162404004e-01,256,"exact circle contour, radius=0.4 center=(0.5,0.5)"
analytic_circle,600,7.0000000000000007e-01,1.5358983848622454e-01,256,"exact circle contour, radius=0.4 center=(0.5,0.5)"
analytic_circle,601,7.0301534518428155e-01,1.5534833582338958e-01,256,"exact circle contour, radius=0.4 center=(0.5,0.5)"
analytic_circle,602,7.0601522996402166e-01,1.5713307971915502e-01,256,"exact circle contour, radius=0.4 center=(0.5,0.5)"
analytic_circle,603,7.0899942588637965e-01,1.5894393425836317e-01,256,"exact circle contour, radius=0.4 center=(0.5,0.5)"
analytic_circle,604,7.1196770569328183e-01,1.6078076153742948e-01,256,"exact circle contour, radius=0.4 center=(0.5,0.5)"
analytic_circle,605,7.1491984333872960e-01,1.6264342167484569e-01,256,"exact circle contour, radius=0.4 center=(0.5,0.5)"
analytic_circle,606,7.1785561400601061e-01,1.6453177282183029e-01,256,"exact circle contour, radius=0.4 center=(0.5,0.5)"
analytic_circle,607,7.2077479412482326e-01,1.6644567117313264e-01,256,"exact circle contour, radius=0.4 center=(0.5,0.5)"
analytic_circle,608,7.2367716138829885e-01,1.6838497097798333e-01,256,"exact circle contour, radius=0.4 center=(0.5,0.5)"
analytic_circle,609,7.2656249476993295e-01,1.7034952455119362e-01,256,"exact circle contour, radius=0.4 center=(0.5,0.5)"
analytic_circle,610,7.2943057454041837e-01,1.7233918228440326e-01,256,"exact circle contour, radius=0.4 center=(0.5,0.5)"
analytic_circle,611,7.3228118228437600e-01,1.7435379265747236e-01,256,"exact circle contour, radius=0.4 center=(0.5,0.5)"
analytic_circle,612,7.3511410091698914e-01,1.7639320225002098e-01,256,"exact circle contour, radius=0.4 center=(0.5,0.5)"
analytic_circle,613,7.3792911470053657e-01,1.7845725575311305e-01,256,"exact circle contour, radius=0.4 center=(0.5,0.5)"
analytic_circle,614,7.4072600926081922e-01,1.8054579598108272e-01,256,"exact circle contour, radius=0.4 center=(0.5,0.5)"
analytic_circle,615,7.4350457160348826e-01,1.8265866388350593e-01,256,"exact circle contour, radius=0.4 center=(0.5,0.5)"
analytic_circle,616,7.4626459013026336e-01,1.8479569855731126e-01,256,"exact circle contour, radius=0.4 center=(0.5,0.5)"
analytic_circle,617,7.4900585465504776e-01,1.8695673725903439e-01,256,"exact circle contour, radius=0.4 center=(0.5,0.5)"
analytic_circle,618,7.5172815641993496e-01,1.8914161541721164e-01,256,"exact circle contour, radius=0.4 center=(0.5,0.5)"
analytic_circle,619,7.5443128811110549e-01,1.9135016664491189e-01,256,"exact circle contour, radius=0.4 center=(0.5,0.5)"
analytic_circle,620,7.5711504387461570e-01,1.9358222275240872e-01,256,"exact circle contour, radius=0.4 center=(0.5,0.5)"
analytic_circle,621,7.5977921933207360e-01,1.9583761375998765e-01,256,"exact circle contour, radius=0.4 center=(0.5,0.5)"
analytic_circle,622,7.6242361159620287e-01,1.9811616791089109e-01,256,"exact circle contour, radius=0.4 center=(0.5,0.5)"
analytic_circle,623,7.6504801928629496e-01,2.0041771168439915e-01,256,"exact circle contour, radius=0.4 center=(0.5,0.5)"
analytic_circle,624,7.6765224254354314e-01,2.0274206980904214e-01,256,"exact circle contour, radius=0.4 center=(0.5,0.5)"
analytic_circle,625,7.7023608304626401e-01,2.0508906527595033e-01,256,"exact circle contour, radius=0.4 center=(0.5,0.5)"
analytic_circle,626,7.7279934402499950e-01,2.0745851935233184e-01,256,"exact circle contour, radius=0.4 center=(0.5,0.5)"
analytic_circle,627,7.7534183027750148e-01,2.0985025159508486e-01,256,"exact circle contour, radius=0.4 center=(0.5,0.5)"
analytic_circle,628,7.7786334818359892e-01,2.1226407986453949e-01,256,"exact circle contour, radius=0.4 center=(0.5,0.5)"
analytic_circle,629,7.8036370571994040e-01,2.1469982033832746e-01,256,"exact circle contour, radius=0.4 center=(0.5,0.5)"
analytic_circle,630,7.8284271247461890e-01,2.1715728752538094e-01,256,"exact circle contour, radius=0.4 center=(0.5,0.5)"
analytic_circle,631,7.8530017966167276e-01,2.1963629428005965e-01,256,"exact circle contour, radius=0.4 center=(0.5,0.5)"
analytic_circle,632,7.8773592013546034e-01,2.2213665181640097e-01,256,"exact circle contour, radius=0.4 center=(0.5,0.5)"
analytic_circle,633,7.9014974840491514e-01,2.2465816972249836e-01,256,"exact circle contour, radius=0.4 center=(0.5,0.5)"
analytic_circle,634,7.9254148064766827e-01,2.2720065597500066e-01,256,"exact circle contour, radius=0.4 center=(0.5,0.5)"
analytic_circle,635,7.9491093472404950e-01,2.2976391695373583e-01,256,"exact circle contour, radius=0.4 center=(0.5,0.5)"
analytic_circle,636,7.9725793019095770e-01,2.3234775745645675e-01,256,"exact circle contour, radius=0.4 center=(0.5,0.5)"
analytic_circle,637,7.9958228831560074e-01,2.3495198071370488e-01,256,"exact circle contour, radius=0.4 center=(0.5,0.5)"
analytic_circle,638,8.0188383208910885e-01,2.3757638840379702e-01,256,"exact circle contour, radius=0.4 center=(0.5,0.5)"
analytic_circle,639,8.0416238624001246e-01,2.4022078066792663e-01,256,"exact circle contour, radius=0.4 center=(0.5,0.5)"
analytic_circle,640,8.0641777724759112e-01,2.4288495612538413e-01,256,"exact circle contour, radius=0.4 center=(0.5,0.5)"
analytic_circle,641,8.0864983335508800e-01,2.4556871188889440e-01,256,"exact circle contour, radius=0.4 center=(0.5,0.5)"
analytic_circle,642,8.1085838458278825e-01,2.4827184358006488e-01,256,"exact circle contour, radius=0.4 center=(0.5,0.5)"
analytic_circle,643,8.1304326274096561e-01,2.5099414534495212e-01,256,"exact circle contour, radius=0.4 center=(0.5,0.5)"
analytic_circle,644,8.1520430144268885e-01,2.5373540986973675e-01,256,"exact circle contour, radius=0.4 center=(0.5,0.5)"
analytic_circle,645,8.1734133611649407e-01,2.5649542839651163e-01,256,"exact circle contour, radius=0.4 center=(0.5,0.5)"
analytic_circle,646,8.1945420401891722e-01,2.5927399073918067e-01,256,"exact circle contour, radius=0.4 center=(0.5,0.5)"
analytic_circle,647,8.2154274424688700e-01,2.6207088529946354e-01,256,"exact circle contour, radius=0.4 center=(0.5,0.5)"
analytic_circle,648,8.2360679774997902e-01,2.6488589908301063e-01,256,"exact circle contour, radius=0.4 center=(0.5,0.5)"
analytic_circle,649,8.2564620734252769e-01,2.6771881771562411e-01,256,"exact circle contour, radius=0.4 center=(0.5,0.5)"
analytic_circle,650,8.2766081771559663e-01,2.7056942545958140e-01,256,"exact circle contour, radius=0.4 center=(0.5,0.5)"
analytic_circle,651,8.2965047544880632e-01,2.7343750523006682e-01,256,"exact circle contour, radius=0.4 center=(0.5,0.5)"
analytic_circle,652,8.3161502902201678e-01,2.7632283861170137e-01,256,"exact circle contour, radius=0.4 center=(0.5,0.5)"
analytic_circle,653,8.3355432882686720e-01,2.7922520587517663e-01,256,"exact circle contour, radius=0.4 center=(0.5,0.5)"
analytic_circle,654,8.3546822717816971e-01,2.8214438599398917e-01,256,"exact circle contour, radius=0.4 center=(0.5,0.5)"
analytic_circle,655,8.3735657832515420e-01,2.8508015666127029e-01,256,"exact circle contour, radius=0.4 center=(0.5,0.5)"
analytic_circle,656,8.3921923846257029e-01,2.8803229430671795e-01,256,"exact circle contour, radius=0.4 center=(0.5,0.5)"
analytic_circle,657,8.4105606574163694e-01,2.9100057411362051e-01,256,"exact circle contour, radius=0.4 center=(0.5,0.5)"
analytic_circle,658,8.4286692028084487e-01,2.9398477003597823e-01,256,"exact circle contour, radius=0.4 center=(0.5,0.5)"
analytic_circle,659,8.4465166417661031e-01,2.9698465481571834e-01,256,"exact circle contour, radius=0.4 center=(0.5,0.5)"
analytic_circle,660,8.4641016151377535e-01,2.9999999999999982e-01,256,"exact circle contour, radius=0.4 center=(0.5,0.5)"
analytic_circle,661,8.4814227837595979e-01,3.0303057595861305e-01,256,"exact circle contour, radius=0.4 center=(0.5,0.5)"
analytic_circle,662,8.4984788285575830e-01,3.0607615190146520e-01,256,"exact circle contour, radius=0.4 center=(0.5,0.5)"
analytic_circle,663,8.5152684506478615e-01,3.0913649589615649e-01,256,"exact circle contour, radius=0.4 center=(0.5,0.5)"
analytic_circle,664,8.5317903714357080e-01,3.1221137488564366e-01,256,"exact circle contour, radius=0.4 center=(0.5,0.5)"
analytic_circle,665,8.5480433327128869e-01,3.1530055470598650e-01,256,"exact circle contour, radius=0.4 center=(0.5,0.5)"
analytic_circle,666,8.5640260967534720e-01,3.1840380010418123e-01,256,"exact circle contour, radius=0.4 center=(0.5,0.5)"
analytic_circle,667,8.5797374464081000e-01,3.2152087475607649e-01,256,"exact circle contour, radius=0.4 center=(0.5,0.5)"
analytic_circle,668,8.5951761851966668e-01,3.2465154128436891e-01,256,"exact circle contour, radius=0.4 center=(0.5,0.5)"
analytic_circle,669,8.6103411373994421e-01,3.2779556127668186e-01,256,"exact circle contour, radius=0.4 center=(0.5,0.5)"
analytic_circle,670,8.6252311481466004e-01,3.3095269530372029e-01,256,"exact circle contour, radius=0.4 center=(0.5,0.5)"
analytic_circle,671,8.6398450835061724e-01,3.3412270293750423e-01,256,"exact circle contour, radius=0.4 center=(0.5,0.5)"
analytic_circle,672,8.6541818305704044e-01,3.3730534276967994e-01,256,"exact circle contour, radius=0.4 center=(0.5,0.5)"
analytic_circle,673,8.6682402975404949e-01,3.4050037242990133e-01,256,"exact circle contour, radius=0.4 center=(0.5,0.5)"
analytic_circle,674,8.6820194138097606e-01,3.4370754860429042e-01,256,"exact circle contour, radius=0.4 center=(0.5,0.5)"
analytic_circle,675,8.6955181300451478e-01,3.4692662705396415e-01,256,"exact circle contour, radius=0.4 center=(0.5,0.5)"
analytic_circle,676,8.7087354182671495e-01,3.5015736263363506e-01,256,"exact circle contour, radius=0.4 center=(0.5,0.5)"
analytic_circle,677,8.7216702719280992e-01,3.5339950931028108e-01,256,"exact circle contour, radius=0.4 center=(0.5,0.5)"
analytic_circle,678,8.7343217059888056e-01,3.5665282018187972e-01,256,"exact circle contour, radius=0.4 center=(0.5,0.5)"
analytic_circle,679,8.7466887569935903e-01,3.5991704749621289e-01,256,"exact circle contour, radius=0.4 center=(0.5,0.5)"
analytic_circle,680,8.7587704831436342e-01,3.6319194266973254e-01,256,"exact circle contour, radius=0.4 center=(0.5,0.5)"
analytic_circle,681,8.7705659643687128e-01,3.6647725630649147e-01,256,"exact circle contour, radius=0.4 center=(0.5,0.5)"
analytic_circle,682,8.7820743023972669e-01,3.6977273821713730e-01,256,"exact circle contour, radius=0.4 center=(0.5,0.5)"
analytic_circle,683,8.7932946208247986e-01,3.7307813743796325e-01,256,"exact circle contour, radius=0.4 center=(0.5,0.5)"
analytic_circle,684,8.8042260651806137e-01,3.7639320225002093e-01,256,"exact circle contour, radius=0.4 center=(0.5,0.5)"
analytic_circle,685,8.8148678029929073e-01,3.7971768019829077e-01,256,"exact circle contour, radius=0.4 center=(0.5,0.5)"
analytic_circle,686,8.8252190238521422e-01,3.8305131811090515e-01,256,"exact circle contour, radius=0.4 center=(0.5,0.5)"
analytic_circle,687,8.8352789394727727e-01,3.8639386211843091e-01,256,"exact circle contour, radius=0.4 center=(0.5,0.5)"
analytic_circle,688,8.8450467837532765e-01,3.8974505767320045e-01,256,"exact circle contour, radius=0.4 center=(0.5,0.5)"
analytic_circle,689,8.8545218128344927e-01,3.9310464956869717e-01,256,"exact circle contour, radius=0.4 center=(0.5,0.5)"
analytic_circle,690,8.8637033051562741e-01,3.9647238195899170e-01,256,"exact circle contour, radius=0.4 center=(0.5,0.5)"
analytic_circle,691,8.8725905615124301e-01,3.9984799837822327e-01,256,"exact circle contour, radius=0.4 center=(0.5,0.5)"
analytic_circle,692,8.8811829051039859e-01,4.0323124176013286e-01,256,"exact circle contour, radius=0.4 center=(0.5,0.5)"
analytic_circle,693,8.8894796815907062e-01,4.0662185445763793e-01,256,"exact circle contour, radius=0.4 center=(0.5,0.5)"
analytic_circle,694,8.8974802591409408e-01,4.1001957826245383e-01,256,"exact circle contour, radius=0.4 center=(0.5,0.5)"
analytic_circle,695,8.9051840284797334e-01,4.1342415442475883e-01,256,"exact circle contour, radius=0.4 center=(0.5,0.5)"
analytic_circle,696,8.9125904029352232e-01,4.1683532367289605e-01,256,"exact circle contour, radius=0.4 center=(0.5,0.5)"
analytic_circle,697,8.9196988184833192e-01,4.2025282623312105e-01,256,"exact circle contour, radius=0.4 center=(0.5,0.5)"
analytic_circle,698,8.9265087337906568e-01,4.2367640184938216e-01,256,"exact circle contour, radius=0.4 center=(0.5,0.5)"
analytic_circle,699,8.9330196302558185e-01,4.2710578980314085e-01,256,"exact circle contour, radius=0.4 center=(0.5,0.5)"
analytic_circle,700,8.9392310120488316e-01,4.3054072893322781e-01,256,"exact circle contour, radius=0.4 center=(0.5,0.5)"
analytic_circle,701,8.9451424061489260e-01,4.3398095765572908e-01,256,"exact circle contour, radius=0.4 center=(0.5,0.5)"
analytic_circle,702,8.9507533623805502e-01,4.3742621398390757e-01,256,"exact circle contour, radius=0.4 center=(0.5,0.5)"
analytic_circle,703,8.9560634534476669e-01,4.4087623554815580e-01,256,"exact circle contour, radius=0.4 center=(0.5,0.5)"
analytic_circle,704,8.9610722749662819e-01,4.4433075961597363e-01,256,"exact circle contour, radius=0.4 center=(0.5,0.5)"
analytic_circle,705,8.9657794454952411e-01,4.4778952311197934e-01,256,"exact circle contour, radius=0.4 center=(0.5,0.5)"
analytic_circle,706,8.9701846065652879e-01,4.5125226263794110e-01,256,"exact circle contour, radius=0.4 center=(0.5,0.5)"
analytic_circle,707,8.9742874227063507e-01,4.5471871449283718e-01,256,"exact circle contour, radius=0.4 center=(0.5,0.5)"
analytic_circle,708,8.9780875814730932e-01,4.5818861469293864e-01,256,"exact circle contour, radius=0.4 center=(0.5,0.5)"
analytic_circle,709,8.9815847934687154e-01,4.6166169899191023e-01,256,"exact circle contour, radius=0.4 center=(0.5,0.5)"
analytic_circle,710,8.9847787923669831e-01,4.6513770290093670e-01,256,"exact circle contour, radius=0.4 center=(0.5,0.5)"
analytic_circle,711,8.9876693349325121e-01,4.6861636170886212e-01,256,"exact circle contour, radius=0.4 center=(0.5,0.5)"
analytic_circle,712,8.9902562010392972e-01,4.7209741050234977e-01,256,"exact circle contour, radius=0.4 center=(0.5,0.5)"
analytic_circle,713,8.9925391936874677e-01,4.7558058418605725e-01,256,"exact circle contour, radius=0.4 center=(0.5,0.5)"
analytic_circle,714,8.9945181390182949e-01,4.7906561750282223e-01,256,"exact circle contour, radius=0.4 center=(0.5,0.5)"
analytic_circle,715,8.9961928863274321e-01,4.8255224505386551e-01,256,"exact circle contour, radius=0.4 center=(0.5,0.5)"
analytic_circle,716,8.9975633080763839e-01,4.8604020131899967e-01,256,"exact circle contour, radius=0.4 center=(0.5,0.5)"
analytic_circle,717,8.9986292999022299e-01,4.8952922067685056e-01,256,"exact circle contour, radius=0.4 center=(0.5,0.5)"
analytic_circle,718,8.9993907806255646e-01,4.9301903742508657e-01,256,"exact circle contour, radius=0.4 center=(0.5,0.5)"
analytic_circle,719,8.9998476922566861e-01,4.9650938580065057e-01,256,"exact circle contour, radius=0.4 center=(0.5,0.5)"
