grid_n,level,method,run_id,benchmark_family,case_id,geometry_family,geometry_type,geometry_motion,geometry_parameters,geometry_role,status,report_ready,report_png,reached_final_time,final_tau_or_current_tau,progress_percent,final_t_or_current_t,expected_tmax,trace_row_count,summary_json,surface_tension_trace_csv,curvature_process_csv,summary_json_currently_present,trace_csv_currently_present,report_png_currently_present,Ca_final_or_current,Ca_max,Ca_tail_mean,Ca_tail_max,clsvof_ls_final_Ca,clsvof_ls_trace_csv,clsvof_ls_trace_currently_present,clsvof_ls_reached_final_time,clsvof_ls_note,snapshot_final_tau,snapshot_force_band_rows,snapshot_force_mean_kappa_native,snapshot_force_mean_kappa_nn,snapshot_force_mean_hk_ratio_to_native,snapshot_force_mean_delta_hk,snapshot_force_std_delta_hk,snapshot_force_max_abs_delta_hk,snapshot_force_p95_abs_delta_hk,snapshot_force_p99_abs_delta_hk,snapshot_force_rmse_direct,snapshot_force_tail_mean_abs_delta_hk,snapshot_interface_rows,snapshot_interface_mean_kappa_native,snapshot_interface_mean_kappa_nn,snapshot_interface_mean_hk_ratio_to_native,snapshot_interface_mean_delta_hk,snapshot_interface_std_delta_hk,snapshot_interface_max_abs_delta_hk,snapshot_interface_p95_abs_delta_hk,snapshot_interface_p99_abs_delta_hk,snapshot_interface_rmse_direct,snapshot_interface_tail_mean_abs_delta_hk,raw_schema_valid,finite_Ca,source_hashes_unchanged,official_source_manifest_sha256,resolved_config_sha256,binary_sha256,note,tier,record_kind,evidence_status,case_variant,method_public_label,method_role,is_d4,ellipse_a,ellipse_b,ellipse_aspect_ratio,area_match_reference,manifest_json,manifest_currently_present,source_data_csv,source_data_currently_present,source_data_manifest,figure_png,expected_matrix_row,curvature_trace_csv,curvature_trace_currently_present,curvature_field_csv,field_csv_currently_present,curvature_process_csv_currently_present,surface_tension_trace_currently_present,raw_row_count,sign_verdict,sign_agreement_fraction,scale_identity_max_abs,diagnostic_force_rows,diagnostic_force_mean_kappa_native,diagnostic_force_mean_kappa_nn,diagnostic_force_mean_hk_ratio_to_native,diagnostic_force_mean_delta_hk,diagnostic_force_mean_delta_kappa,diagnostic_force_std_delta_hk,diagnostic_force_std_delta_kappa,diagnostic_force_std_kappa_native,diagnostic_force_std_kappa_nn,diagnostic_force_max_abs_delta_hk,diagnostic_force_p95_abs_delta_hk,diagnostic_force_p99_abs_delta_hk,diagnostic_force_rmse_direct,diagnostic_force_rmse_negated,diagnostic_force_tail_mean_abs_delta_hk,diagnostic_force_scale_identity_max_abs,diagnostic_force_sign_agreement_fraction,diagnostic_interface_rows,diagnostic_interface_mean_kappa_native,diagnostic_interface_mean_kappa_nn,diagnostic_interface_mean_hk_ratio_to_native,diagnostic_interface_mean_delta_hk,diagnostic_interface_mean_delta_kappa,diagnostic_interface_std_delta_hk,diagnostic_interface_std_delta_kappa,diagnostic_interface_std_kappa_native,diagnostic_interface_std_kappa_nn,diagnostic_interface_max_abs_delta_hk,diagnostic_interface_p95_abs_delta_hk,diagnostic_interface_p99_abs_delta_hk,diagnostic_interface_rmse_direct,diagnostic_interface_rmse_negated,diagnostic_interface_tail_mean_abs_delta_hk,diagnostic_interface_scale_identity_max_abs,diagnostic_interface_sign_agreement_fraction,snapshot_count,snapshot_indices,snapshot_0_fraction,snapshot_0_t,snapshot_0_tau,snapshot_0_row_count,snapshot_0_force_rows,snapshot_0_force_mean_delta_hk,snapshot_0_force_mean_delta_kappa,snapshot_0_force_std_delta_hk,snapshot_0_force_std_delta_kappa,snapshot_0_force_std_kappa_native,snapshot_0_force_std_kappa_nn,snapshot_0_force_max_abs_delta_hk,snapshot_0_force_p95_abs_delta_hk,snapshot_0_force_p99_abs_delta_hk,snapshot_0_force_rmse_direct,snapshot_0_force_rmse_negated,snapshot_0_force_tail_mean_abs_delta_hk,snapshot_0_interface_rows,snapshot_0_interface_mean_delta_hk,snapshot_0_interface_mean_delta_kappa,snapshot_0_interface_std_delta_hk,snapshot_0_interface_std_delta_kappa,snapshot_0_interface_std_kappa_native,snapshot_0_interface_std_kappa_nn,snapshot_0_interface_max_abs_delta_hk,snapshot_0_interface_p95_abs_delta_hk,snapshot_0_interface_p99_abs_delta_hk,snapshot_0_interface_rmse_direct,snapshot_0_interface_rmse_negated,snapshot_0_interface_tail_mean_abs_delta_hk,snapshot_1_fraction,snapshot_1_t,snapshot_1_tau,snapshot_1_row_count,snapshot_1_force_rows,snapshot_1_force_mean_delta_hk,snapshot_1_force_mean_delta_kappa,snapshot_1_force_std_delta_hk,snapshot_1_force_std_delta_kappa,snapshot_1_force_std_kappa_native,snapshot_1_force_std_kappa_nn,snapshot_1_force_max_abs_delta_hk,snapshot_1_force_p95_abs_delta_hk,snapshot_1_force_p99_abs_delta_hk,snapshot_1_force_rmse_direct,snapshot_1_force_rmse_negated,snapshot_1_force_tail_mean_abs_delta_hk,snapshot_1_interface_rows,snapshot_1_interface_mean_delta_hk,snapshot_1_interface_mean_delta_kappa,snapshot_1_interface_std_delta_hk,snapshot_1_interface_std_delta_kappa,snapshot_1_interface_std_kappa_native,snapshot_1_interface_std_kappa_nn,snapshot_1_interface_max_abs_delta_hk,snapshot_1_interface_p95_abs_delta_hk,snapshot_1_interface_p99_abs_delta_hk,snapshot_1_interface_rmse_direct,snapshot_1_interface_rmse_negated,snapshot_1_interface_tail_mean_abs_delta_hk,snapshot_2_fraction,snapshot_2_t,snapshot_2_tau,snapshot_2_row_count,snapshot_2_force_rows,snapshot_2_force_mean_delta_hk,snapshot_2_force_mean_delta_kappa,snapshot_2_force_std_delta_hk,snapshot_2_force_std_delta_kappa,snapshot_2_force_std_kappa_native,snapshot_2_force_std_kappa_nn,snapshot_2_force_max_abs_delta_hk,snapshot_2_force_p95_abs_delta_hk,snapshot_2_force_p99_abs_delta_hk,snapshot_2_force_rmse_direct,snapshot_2_force_rmse_negated,snapshot_2_force_tail_mean_abs_delta_hk,snapshot_2_interface_rows,snapshot_2_interface_mean_delta_hk,snapshot_2_interface_mean_delta_kappa,snapshot_2_interface_std_delta_hk,snapshot_2_interface_std_delta_kappa,snapshot_2_interface_std_kappa_native,snapshot_2_interface_std_kappa_nn,snapshot_2_interface_max_abs_delta_hk,snapshot_2_interface_p95_abs_delta_hk,snapshot_2_interface_p99_abs_delta_hk,snapshot_2_interface_rmse_direct,snapshot_2_interface_rmse_negated,snapshot_2_interface_tail_mean_abs_delta_hk,snapshot_3_fraction,snapshot_3_t,snapshot_3_tau,snapshot_3_row_count,snapshot_3_force_rows,snapshot_3_force_mean_delta_hk,snapshot_3_force_mean_delta_kappa,snapshot_3_force_std_delta_hk,snapshot_3_force_std_delta_kappa,snapshot_3_force_std_kappa_native,snapshot_3_force_std_kappa_nn,snapshot_3_force_max_abs_delta_hk,snapshot_3_force_p95_abs_delta_hk,snapshot_3_force_p99_abs_delta_hk,snapshot_3_force_rmse_direct,snapshot_3_force_rmse_negated,snapshot_3_force_tail_mean_abs_delta_hk,snapshot_3_interface_rows,snapshot_3_interface_mean_delta_hk,snapshot_3_interface_mean_delta_kappa,snapshot_3_interface_std_delta_hk,snapshot_3_interface_std_delta_kappa,snapshot_3_interface_std_kappa_native,snapshot_3_interface_std_kappa_nn,snapshot_3_interface_max_abs_delta_hk,snapshot_3_interface_p95_abs_delta_hk,snapshot_3_interface_p99_abs_delta_hk,snapshot_3_interface_rmse_direct,snapshot_3_interface_rmse_negated,snapshot_3_interface_tail_mean_abs_delta_hk,partial_last_i,partial_last_t,partial_last_dt,partial_last_tau,partial_last_Ca,partial_last_mass,partial_last_kappa_linf,partial_last_dc,partial_snapshot_indices,snapshot_0_force_mean_kappa_native,snapshot_0_force_mean_kappa_nn,snapshot_0_force_mean_hk_ratio_to_native,snapshot_0_force_scale_identity_max_abs,snapshot_0_force_sign_agreement_fraction,snapshot_0_interface_mean_kappa_native,snapshot_0_interface_mean_kappa_nn,snapshot_0_interface_mean_hk_ratio_to_native,snapshot_0_interface_scale_identity_max_abs,snapshot_0_interface_sign_agreement_fraction,snapshot_1_force_mean_kappa_native,snapshot_1_force_mean_kappa_nn,snapshot_1_force_mean_hk_ratio_to_native,snapshot_1_force_scale_identity_max_abs,snapshot_1_force_sign_agreement_fraction,snapshot_1_interface_mean_kappa_native,snapshot_1_interface_mean_kappa_nn,snapshot_1_interface_mean_hk_ratio_to_native,snapshot_1_interface_scale_identity_max_abs,snapshot_1_interface_sign_agreement_fraction,snapshot_2_force_mean_kappa_native,snapshot_2_force_mean_kappa_nn,snapshot_2_force_mean_hk_ratio_to_native,snapshot_2_force_scale_identity_max_abs,snapshot_2_force_sign_agreement_fraction,snapshot_2_interface_mean_kappa_native,snapshot_2_interface_mean_kappa_nn,snapshot_2_interface_mean_hk_ratio_to_native,snapshot_2_interface_scale_identity_max_abs,snapshot_2_interface_sign_agreement_fraction,snapshot_3_force_mean_kappa_native,snapshot_3_force_mean_kappa_nn,snapshot_3_force_mean_hk_ratio_to_native,snapshot_3_force_scale_identity_max_abs,snapshot_3_force_sign_agreement_fraction,snapshot_3_interface_mean_kappa_native,snapshot_3_interface_mean_kappa_nn,snapshot_3_interface_mean_hk_ratio_to_native,snapshot_3_interface_scale_identity_max_abs,snapshot_3_interface_sign_agreement_fraction,diagnostic_force_row_count,diagnostic_force_mean_kappa_ratio_to_native,diagnostic_interface_row_count,diagnostic_interface_mean_kappa_ratio_to_native,snapshot_0_force_row_count,snapshot_0_force_mean_kappa_ratio_to_native,snapshot_0_interface_row_count,snapshot_0_interface_mean_kappa_ratio_to_native,snapshot_1_force_row_count,snapshot_1_force_mean_kappa_ratio_to_native,snapshot_1_interface_row_count,snapshot_1_interface_mean_kappa_ratio_to_native,snapshot_2_force_row_count,snapshot_2_force_mean_kappa_ratio_to_native,snapshot_2_interface_row_count,snapshot_2_interface_mean_kappa_ratio_to_native,snapshot_3_force_row_count,snapshot_3_force_mean_kappa_ratio_to_native,snapshot_3_interface_row_count,snapshot_3_interface_mean_kappa_ratio_to_native
64,6,NN27_RAW,stationary_curvature_process_20260702T121230Z,stationary_bubble,stationary_curvature_process,circle,single_stationary_circle,stationary,"radius=0.4; center=(0.5,0.5)",baseline_circle_for_stationary_bubble_resolution_sweep,complete,true,Experiment/report/stationary bubble/stationarybuubble_64.png,true,0.99998737956534256,99.99873795653426,78.382682533053938,78.3836717690617,71133,cfd_applications_cleanroom/results/raw/stationary/stationary_curvature_process_20260702T121230Z/NN27_RAW_L6/summary.json,cfd_applications_cleanroom/results/raw/stationary/stationary_curvature_process_20260702T121230Z/NN27_RAW_L6/surface_tension_trace.csv,cfd_applications_cleanroom/results/raw/stationary/stationary_curvature_process_20260702T121230Z/NN27_RAW_L6/curvature_process.csv,false,false,true,3.329117558583899e-05,7.759193582233161e-05,3.329117500009525e-05,3.3291175586883565e-05,,,false,,no complete CLSVOF-LS native trace/source data currently present in checkout,1.0000014377582738,159,2.4987145325747226,2.484556896451592,0.9960706713417281,-0.0002212130644239157,0.0015479533228493125,0.003150613589915377,0.002706565069046009,0.0029216743646507523,0.09976662994611052,0.0027338855583556847,80,2.5006101452585385,2.492827255493805,0.9974041167164236,-0.00012160765257396462,0.000887388629107198,0.0017228276061532835,0.0015686169993951225,0.0017180018576205907,0.05697092094838635,0.0015960030269956058,true,true,true,2c89a8abec308ad20caf3cd9a79cbf1c90e37fb9418edd2201780249668dad39,59799d93206186f776427ee22b6d58bb7cd681443353beebdc7b9c4836b1e43c,cc245d48a07338720aa9ff99aae3eba6ca7fe9445f2799a4d88e00f2067a7352,formal complete metrics captured from summary; report figure exists; raw source path retained for provenance but is not currently present in this checkout,curvature-process,process_summary,formal_report_ready_complete,circle,NN,,,,,,,,,,,,Experiment/report/stationary bubble/stationarybuubble_64.png,true,,,,,,,,,,,,,,,,,,,,,,,,,,,,,,,,,,,,,,,,,,,,,,,,,,,,,,,,,,,,,,,,,,,,,,,,,,,,,,,,,,,,,,,,,,,,,,,,,,,,,,,,,,,,,,,,,,,,,,,,,,,,,,,,,,,,,,,,,,,,,,,,,,,,,,,,,,,,,,,,,,,,,,,,,,,,,,,,,,,,,,,,,,,,,,,,,,,,,,,,,,,,,,,,,,,,,,,,,,,,,,,,,,,,,,,,,,,,,
128,7,NN27_RAW,stationary_curvature_process_20260702T130840Z,stationary_bubble,stationary_curvature_process,circle,single_stationary_circle,stationary,"radius=0.4; center=(0.5,0.5)",baseline_circle_for_stationary_bubble_resolution_sweep,complete,true,Experiment/report/stationary bubble/stationarybubble_128.png,true,0.99999891947049613,99.99989194704962,78.383587073191734,78.3836717690617,201195,cfd_applications_cleanroom/results/raw/stationary/stationary_curvature_process_20260702T130840Z/NN27_RAW_L7/summary.json,cfd_applications_cleanroom/results/raw/stationary/stationary_curvature_process_20260702T130840Z/NN27_RAW_L7/surface_tension_trace.csv,cfd_applications_cleanroom/results/raw/stationary/stationary_curvature_process_20260702T130840Z/NN27_RAW_L7/curvature_process.csv,false,false,true,1.3879116159076353e-05,8.591471594893056e-05,1.3879116297189176e-05,1.3879116437506931e-05,1.0519176755474613e-05,cfd_applications_cleanroom/results/raw/stationary/stationary_clsvof_baseline_20260702T123843Z/CLSVOF_LS_NATIVE_L7_r0/stationary_trace.csv,true,true,current checkout contains full-time CLSVOF-LS native trace,1.0000038897922725,323,2.500270044926827,2.493097441652367,0.9976611799191837,-5.603596308172374e-05,0.0004575038598041431,0.0008941613065989451,0.0007424514481724541,0.0008290496795674222,0.058908068856608445,0.0007542330268036226,164,2.500969749131292,2.488377864469371,0.9950894761976007,-9.8374098921261e-05,0.00021732059207756605,0.0005158124746557635,0.00047521337090368325,0.0005107652629634298,0.03045693390533274,0.0004750368396935563,true,true,true,2c89a8abec308ad20caf3cd9a79cbf1c90e37fb9418edd2201780249668dad39,ac123e3ddd9195ce69772cb657aec9f32216a1e0f65843501124b71538e61860,2b2b1d99f157ad024a4402f18528368715414915726bda9892c1db5fcd028069,formal complete metrics captured from summary; report figure exists; raw source path retained for provenance but is not currently present in this checkout,curvature-process,process_summary,formal_report_ready_complete,circle,NN,,,,,,,,,,,,Experiment/report/stationary bubble/stationarybubble_128.png,true,,,,,,,,,,,,,,,,,,,,,,,,,,,,,,,,,,,,,,,,,,,,,,,,,,,,,,,,,,,,,,,,,,,,,,,,,,,,,,,,,,,,,,,,,,,,,,,,,,,,,,,,,,,,,,,,,,,,,,,,,,,,,,,,,,,,,,,,,,,,,,,,,,,,,,,,,,,,,,,,,,,,,,,,,,,,,,,,,,,,,,,,,,,,,,,,,,,,,,,,,,,,,,,,,,,,,,,,,,,,,,,,,,,,,,,,,,,,,
256,8,NN27_RAW,stationary_curvature_process_20260703T074754Z,stationary_bubble,stationary_curvature_process,circle,single_stationary_circle,stationary,"radius=0.4; center=(0.5,0.5)",baseline_circle_for_stationary_bubble_resolution_sweep,complete,true,Experiment/report/stationary bubble/stationarybubble_256.png,true,0.99999968048402266,99.99996804840227,78.38364672422621,78.3836717690617,569064,cfd_applications_cleanroom/results/raw/stationary/stationary_curvature_process_20260703T074754Z/NN27_RAW_L8/summary.json,cfd_applications_cleanroom/results/raw/stationary/stationary_curvature_process_20260703T074754Z/NN27_RAW_L8/surface_tension_trace.csv,cfd_applications_cleanroom/results/raw/stationary/stationary_curvature_process_20260703T074754Z/NN27_RAW_L8/curvature_process.csv,false,false,true,8.192582104884982e-06,4.879043963996302e-05,8.191857274408649e-06,8.210015947999209e-06,,cfd_applications_cleanroom/results/raw/stationary/stationary_clsvof_baseline_20260702T143309Z/CLSVOF_LS_NATIVE_L8_r0/stationary_trace.csv,true,false,current checkout only has partial CLSVOF-LS L8 trace to tau=0.001212519; final value not filled,1.000001437758139,645,2.5018673075761577,2.4960742646456717,0.9979314132026913,-2.2629073947210934e-05,0.0002302841131141093,0.0006931892821367639,0.00041979185068515956,0.0005159166436928911,0.05919118020561943,0.000439399760285062,317,2.499599196301952,2.4791671333355914,0.9918510145173954,-7.981274596234676e-05,8.573467185010896e-05,0.00026429552729804323,0.00020727412553691454,0.0002295528071586836,0.0299611018091094,0.0002083646325913691,true,true,true,2c89a8abec308ad20caf3cd9a79cbf1c90e37fb9418edd2201780249668dad39,fe7d075713d71f002b94c79810903b6dcace38cf43a9c3130fba6498b0df7c40,33a3db9e1c8770f7748de5ec05b6f62fc3755b32a8318668035e0590c1618fca,formal complete metrics captured from summary; report figure exists; raw source path retained for provenance but is not currently present in this checkout,curvature-process,process_summary,formal_report_ready_complete,circle,NN,,,,,,,,,,,,Experiment/report/stationary bubble/stationarybubble_256.png,true,,,,,,,,,,,,,,,,,,,,,,,,,,,,,,,,,,,,,,,,,,,,,,,,,,,,,,,,,,,,,,,,,,,,,,,,,,,,,,,,,,,,,,,,,,,,,,,,,,,,,,,,,,,,,,,,,,,,,,,,,,,,,,,,,,,,,,,,,,,,,,,,,,,,,,,,,,,,,,,,,,,,,,,,,,,,,,,,,,,,,,,,,,,,,,,,,,,,,,,,,,,,,,,,,,,,,,,,,,,,,,,,,,,,,,,,,,,,,
512,9,NN27_RAW,stationary_curvature_process_20260703T204141Z,stationary_bubble,stationary_curvature_process,circle,single_stationary_circle,stationary,"radius=0.4; center=(0.5,0.5)",baseline_circle_for_stationary_bubble_resolution_sweep,running_partial_do_not_report,false,,false,0.42113287895596124,42.11328789559612,33.009941355244059,,677836,cfd_applications_cleanroom/results/raw/stationary/stationary_curvature_process_20260703T204141Z/NN27_RAW_L9/summary.json,cfd_applications_cleanroom/results/raw/stationary/stationary_curvature_process_20260703T204141Z/NN27_RAW_L9/surface_tension_trace.csv,cfd_applications_cleanroom/results/raw/stationary/stationary_curvature_process_20260703T204141Z/NN27_RAW_L9/curvature_process.csv,false,true,false,1.0350965678773878e-05,,,,,,false,,no complete CLSVOF-LS native trace/source data currently present in checkout,,,,,,,,,,,,,,,,,,,,,,true,,,,,"N512 is still running; no summary.json/report figure yet, so do not cite as complete",,,,curvature-process,partial_trace,running_partial_do_not_report,circle,NN,,,,,,,,,,,,,true,,,,,,,,,,,,,,,,,,,,,,,,,,,,,,,,,,,,,,,,,,,,,,,,,,,,,,,,,,,,,,,,,,,,,,,,,,,,,,,,,,,,,,,,,,,,,,,,,,,,,,,,,,,,,,,,,,,,,,,,,,,,,,,,,,,,,,,,,,,,,,,,,,,,,,,,,,,,,,,,,,,,,,,,,,,,,,,,,,,,,,,,,,,,,,,,,,,,,,,,,,,,,,,,,,,,,,,,,,,,,,,,,,,,,,,,,,,,,
64,6,NN27_RAW,stationary_ellipse_curvature_E1_20260705T051924Z,stationary_ellipse,E1,ellipse,single_stationary_axis_aligned_ellipse,stationary,a=0.4472136; b=0.3577709; aspect_ratio=5:4; area_match=a*b≈0.16,area_matched_ellipse_stress_case_for_stationary_bubble_route,complete_manifest,true,,,,,,,,cfd_applications_cleanroom/results/raw/stationary_ellipse/stationary_ellipse_curvature_E1_20260705T051924Z/NN27_RAW_L6/summary.json,,,true,,,,,,,,,,,,,,,,,,,,,,,,,,,,,,,,,,,true,,true,2c89a8abec308ad20caf3cd9a79cbf1c90e37fb9418edd2201780249668dad39,8317d472324c503d7ec54ca4097c41a46f5396bfcf2832c8d4120f41cf1ad549,bea29773191dee31e2a78984d58868f8f287e931003d289d54b0b1f3631288dd,,curvature-diagnostic,diagnostic_summary,manifest_backed_complete,E1,NN,,false,0.4472136,0.3577709,5:4,,cfd_applications_cleanroom/results/manifests/stationary_ellipse_curvature_E1_20260705T051924Z.manifest.json,true,,,,,true,cfd_applications_cleanroom/results/raw/stationary_ellipse/stationary_ellipse_curvature_E1_20260705T051924Z/NN27_RAW_L6/curvature_trace.csv,true,cfd_applications_cleanroom/results/raw/stationary_ellipse/stationary_ellipse_curvature_E1_20260705T051924Z/NN27_RAW_L6/curvature_field.csv,true,,,162,same_sign,,,,2.480598092162021,2.467130251207921,0.996231965649887,-0.00021043501490781305,-0.013467840954100035,0.0017910860081291925,0.11462950452026832,0.6035006142073268,0.5893763845445873,0.00454383560244391,0.003665697341647893,0.00441864573202509,0.11506604802821864,5.08736936614121,0.0036841174306357035,0.0,1.0,,2.4970400260757466,2.489039850272618,0.9971490304526948,-0.00012500274692388283,-0.008000175803128501,0.0011476110185425386,0.07344710518672247,0.6011971298627989,0.5986698868413896,0.0029545260525798422,0.002584663557664721,0.002837429189871077,0.07342943271260687,5.126166012009442,0.0025021541326792143,0.0,1.0,,,,,,,,,,,,,,,,,,,,,,,,,,,,,,,,,,,,,,,,,,,,,,,,,,,,,,,,,,,,,,,,,,,,,,,,,,,,,,,,,,,,,,,,,,,,,,,,,,,,,,,,,,,,,,,,,,,,,,,,,,,,,,,,,,,,,,,,,,,,,,,,,,,,,,,,,,,,,,,,,,,,,,,,,,,,162,0.996231965649887,81,0.9971490304526948,,,,,,,,,,,,,,,,
64,6,NN27_D4,stationary_ellipse_curvature_E1_20260705T051924Z,stationary_ellipse,E1,ellipse,single_stationary_axis_aligned_ellipse,stationary,a=0.4472136; b=0.3577709; aspect_ratio=5:4; area_match=a*b≈0.16,area_matched_ellipse_stress_case_for_stationary_bubble_route,complete_manifest,true,,,,,,,,cfd_applications_cleanroom/results/raw/stationary_ellipse/stationary_ellipse_curvature_E1_20260705T051924Z/NN27_D4_L6/summary.json,,,true,,,,,,,,,,,,,,,,,,,,,,,,,,,,,,,,,,,true,,true,2c89a8abec308ad20caf3cd9a79cbf1c90e37fb9418edd2201780249668dad39,8317d472324c503d7ec54ca4097c41a46f5396bfcf2832c8d4120f41cf1ad549,9cf5ded169a90946d048ba89c77136065b7f5bb7087eecc4c0db9546c37c3f4f,,curvature-diagnostic,diagnostic_summary,manifest_backed_complete,E1,NND4,,true,0.4472136,0.3577709,5:4,,cfd_applications_cleanroom/results/manifests/stationary_ellipse_curvature_E1_20260705T051924Z.manifest.json,true,,,,,true,cfd_applications_cleanroom/results/raw/stationary_ellipse/stationary_ellipse_curvature_E1_20260705T051924Z/NN27_D4_L6/curvature_trace.csv,true,cfd_applications_cleanroom/results/raw/stationary_ellipse/stationary_ellipse_curvature_E1_20260705T051924Z/NN27_D4_L6/curvature_field.csv,true,,,162,same_sign,,,,2.480598092162021,2.473010144927121,0.9987739931318016,-0.00011856167554531597,-0.007587947234900222,0.0017590392677886949,0.11257851313847647,0.6035006142073268,0.5882045520470492,0.00466932394547577,0.003470990709145823,0.004336180653961145,0.11248673023798306,5.092864241306554,0.0035548754361574017,0.0,1.0,,2.4970400260757466,2.4935675324672153,0.9992032828340217,-5.425771263330112e-05,-0.0034724936085312715,0.0011528967985497047,0.0737853951071811,0.6011971298627989,0.597081300954471,0.002923784579529125,0.002516799167362152,0.0028253600723189658,0.07341068964197921,5.130199592219269,0.002466540712395602,0.0,1.0,,,,,,,,,,,,,,,,,,,,,,,,,,,,,,,,,,,,,,,,,,,,,,,,,,,,,,,,,,,,,,,,,,,,,,,,,,,,,,,,,,,,,,,,,,,,,,,,,,,,,,,,,,,,,,,,,,,,,,,,,,,,,,,,,,,,,,,,,,,,,,,,,,,,,,,,,,,,,,,,,,,,,,,,,,,,162,0.9987739931318016,81,0.9992032828340217,,,,,,,,,,,,,,,,
128,7,NN27_RAW,stationary_ellipse_curvature_E1_20260705T051924Z,stationary_ellipse,E1,ellipse,single_stationary_axis_aligned_ellipse,stationary,a=0.4472136; b=0.3577709; aspect_ratio=5:4; area_match=a*b≈0.16,area_matched_ellipse_stress_case_for_stationary_bubble_route,complete_manifest,true,,,,,,,,cfd_applications_cleanroom/results/raw/stationary_ellipse/stationary_ellipse_curvature_E1_20260705T051924Z/NN27_RAW_L7/summary.json,,,true,,,,,,,,,,,,,,,,,,,,,,,,,,,,,,,,,,,true,,true,2c89a8abec308ad20caf3cd9a79cbf1c90e37fb9418edd2201780249668dad39,8317d472324c503d7ec54ca4097c41a46f5396bfcf2832c8d4120f41cf1ad549,4ca8f84d1ad4c136e0494b93be91a411382d77353baa90f06ee13887375def66,,curvature-diagnostic,diagnostic_summary,manifest_backed_complete,E1,NN,,false,0.4472136,0.3577709,5:4,,cfd_applications_cleanroom/results/manifests/stationary_ellipse_curvature_E1_20260705T051924Z.manifest.json,true,,,,,true,cfd_applications_cleanroom/results/raw/stationary_ellipse/stationary_ellipse_curvature_E1_20260705T051924Z/NN27_RAW_L7/curvature_trace.csv,true,cfd_applications_cleanroom/results/raw/stationary_ellipse/stationary_ellipse_curvature_E1_20260705T051924Z/NN27_RAW_L7/curvature_field.csv,true,,,325,same_sign,,,,2.4765327508011037,2.469053283088213,0.9975386856710766,-5.8433341506959045e-05,-0.007479467712890758,0.0005283069699706332,0.06762329215624105,0.5978753347225872,0.592435247551239,0.0014507740253722652,0.00104030627596498,0.0012925319574646386,0.06793218374312875,5.085938621309506,0.0010649229389581114,0.0,1.0,,2.4800544678128533,2.4645611512055368,0.9935502268552661,-0.00012104153599465985,-0.015493316607316461,0.0002958770262409066,0.03787225935883604,0.596508505933383,0.595789981744799,0.0008682778250694405,0.0006908075060280439,0.0008397424673946371,0.04081050275569284,5.085331769298169,0.0006772308030807463,0.0,1.0,,,,,,,,,,,,,,,,,,,,,,,,,,,,,,,,,,,,,,,,,,,,,,,,,,,,,,,,,,,,,,,,,,,,,,,,,,,,,,,,,,,,,,,,,,,,,,,,,,,,,,,,,,,,,,,,,,,,,,,,,,,,,,,,,,,,,,,,,,,,,,,,,,,,,,,,,,,,,,,,,,,,,,,,,,,,325,0.9975386856710766,162,0.9935502268552661,,,,,,,,,,,,,,,,
128,7,NN27_D4,stationary_ellipse_curvature_E1_20260705T051924Z,stationary_ellipse,E1,ellipse,single_stationary_axis_aligned_ellipse,stationary,a=0.4472136; b=0.3577709; aspect_ratio=5:4; area_match=a*b≈0.16,area_matched_ellipse_stress_case_for_stationary_bubble_route,complete_manifest,true,,,,,,,,cfd_applications_cleanroom/results/raw/stationary_ellipse/stationary_ellipse_curvature_E1_20260705T051924Z/NN27_D4_L7/summary.json,,,true,,,,,,,,,,,,,,,,,,,,,,,,,,,,,,,,,,,true,,true,2c89a8abec308ad20caf3cd9a79cbf1c90e37fb9418edd2201780249668dad39,8317d472324c503d7ec54ca4097c41a46f5396bfcf2832c8d4120f41cf1ad549,2c775989aa1124b1787e7c466f96b01e800063d57a5cdf8cd46320f6c396abc6,,curvature-diagnostic,diagnostic_summary,manifest_backed_complete,E1,NND4,,true,0.4472136,0.3577709,5:4,,cfd_applications_cleanroom/results/manifests/stationary_ellipse_curvature_E1_20260705T051924Z.manifest.json,true,,,,,true,cfd_applications_cleanroom/results/raw/stationary_ellipse/stationary_ellipse_curvature_E1_20260705T051924Z/NN27_D4_L7/curvature_trace.csv,true,cfd_applications_cleanroom/results/raw/stationary_ellipse/stationary_ellipse_curvature_E1_20260705T051924Z/NN27_D4_L7/curvature_field.csv,true,,,325,same_sign,,,,2.4765327508011037,2.476657335785529,1.0008814938999753,9.733201908244788e-07,0.0001245849844255333,0.0005118315369706992,0.06551443673224949,0.5978753347225872,0.5910274313598782,0.001408865667119695,0.0009433153098196354,0.0012285666304863321,0.06541368628029301,5.093034501785155,0.0010095114759969455,0.0,1.0,,2.4800544678128533,2.472453361803475,0.997235486540651,-5.938364069826977e-05,-0.007601106009378531,0.0002983797558024155,0.03819260874270918,0.596508505933383,0.5922787580648576,0.0008270691671231518,0.0006747595899437716,0.0008024879582415371,0.03882586774606204,5.092189462326349,0.0006690593141498895,0.0,1.0,,,,,,,,,,,,,,,,,,,,,,,,,,,,,,,,,,,,,,,,,,,,,,,,,,,,,,,,,,,,,,,,,,,,,,,,,,,,,,,,,,,,,,,,,,,,,,,,,,,,,,,,,,,,,,,,,,,,,,,,,,,,,,,,,,,,,,,,,,,,,,,,,,,,,,,,,,,,,,,,,,,,,,,,,,,,325,1.0008814938999753,162,0.997235486540651,,,,,,,,,,,,,,,,
256,8,NN27_RAW,stationary_ellipse_curvature_E1_20260705T051924Z,stationary_ellipse,E1,ellipse,single_stationary_axis_aligned_ellipse,stationary,a=0.4472136; b=0.3577709; aspect_ratio=5:4; area_match=a*b≈0.16,area_matched_ellipse_stress_case_for_stationary_bubble_route,complete_manifest,true,,,,,,,,cfd_applications_cleanroom/results/raw/stationary_ellipse/stationary_ellipse_curvature_E1_20260705T051924Z/NN27_RAW_L8/summary.json,,,true,,,,,,,,,,,,,,,,,,,,,,,,,,,,,,,,,,,true,,true,2c89a8abec308ad20caf3cd9a79cbf1c90e37fb9418edd2201780249668dad39,8317d472324c503d7ec54ca4097c41a46f5396bfcf2832c8d4120f41cf1ad549,33e1fbfb23828e7a892670e90fbb4e57730e13d91f25b8cb5c234c89c5bad62e,,curvature-diagnostic,diagnostic_summary,manifest_backed_complete,E1,NN,,false,0.4472136,0.3577709,5:4,,cfd_applications_cleanroom/results/manifests/stationary_ellipse_curvature_E1_20260705T051924Z.manifest.json,true,,,,,true,cfd_applications_cleanroom/results/raw/stationary_ellipse/stationary_ellipse_curvature_E1_20260705T051924Z/NN27_RAW_L8/curvature_trace.csv,true,cfd_applications_cleanroom/results/raw/stationary_ellipse/stationary_ellipse_curvature_E1_20260705T051924Z/NN27_RAW_L8/curvature_field.csv,true,,,649,same_sign,,,,2.4770146798248756,2.4710494113315464,0.9973736225134835,-2.3301830052067996e-05,-0.005965268493329407,0.0002453720543699415,0.06281524591870502,0.5927373389001147,0.5960309397569226,0.0006610016902512811,0.00045589648659421437,0.0005559200638150668,0.06304966139542345,5.088261193039569,0.000468253264563624,0.0,1.0,,2.4797296008460035,2.454068918608225,0.988605674541578,-0.00010023703999132146,-0.025660682237778294,0.0001282014106583585,0.03281956112853977,0.5968434532907755,0.6027435029829588,0.0003982022804587919,0.0003156556703992343,0.0003617511021600662,0.04161991882010059,5.076989920325284,0.0003224431080400111,0.0,1.0,,,,,,,,,,,,,,,,,,,,,,,,,,,,,,,,,,,,,,,,,,,,,,,,,,,,,,,,,,,,,,,,,,,,,,,,,,,,,,,,,,,,,,,,,,,,,,,,,,,,,,,,,,,,,,,,,,,,,,,,,,,,,,,,,,,,,,,,,,,,,,,,,,,,,,,,,,,,,,,,,,,,,,,,,,,,649,0.9973736225134835,319,0.988605674541578,,,,,,,,,,,,,,,,
256,8,NN27_D4,stationary_ellipse_curvature_E1_20260705T051924Z,stationary_ellipse,E1,ellipse,single_stationary_axis_aligned_ellipse,stationary,a=0.4472136; b=0.3577709; aspect_ratio=5:4; area_match=a*b≈0.16,area_matched_ellipse_stress_case_for_stationary_bubble_route,complete_manifest,true,,,,,,,,cfd_applications_cleanroom/results/raw/stationary_ellipse/stationary_ellipse_curvature_E1_20260705T051924Z/NN27_D4_L8/summary.json,,,true,,,,,,,,,,,,,,,,,,,,,,,,,,,,,,,,,,,true,,true,2c89a8abec308ad20caf3cd9a79cbf1c90e37fb9418edd2201780249668dad39,8317d472324c503d7ec54ca4097c41a46f5396bfcf2832c8d4120f41cf1ad549,d6c9046ae6498e73499a1e051748da0200eb2dcdf2bdc6def7be5e990f4fe0c4,,curvature-diagnostic,diagnostic_summary,manifest_backed_complete,E1,NND4,,true,0.4472136,0.3577709,5:4,,cfd_applications_cleanroom/results/manifests/stationary_ellipse_curvature_E1_20260705T051924Z.manifest.json,true,,,,,true,cfd_applications_cleanroom/results/raw/stationary_ellipse/stationary_ellipse_curvature_E1_20260705T051924Z/NN27_D4_L8/curvature_trace.csv,true,cfd_applications_cleanroom/results/raw/stationary_ellipse/stationary_ellipse_curvature_E1_20260705T051924Z/NN27_D4_L8/curvature_field.csv,true,,,649,same_sign,,,,2.4770146798248756,2.481195438606797,1.002248167691058,1.633108899188038e-05,0.004180758781921377,0.00021738703595079135,0.055651081203402585,0.5927373389001147,0.5897093623871338,0.000588497357283552,0.0004302440694583562,0.0004901422230291875,0.05576512853240588,5.0967431073908855,0.00043248738053458383,0.0,1.0,,2.4797296008460035,2.4692453761315045,0.9957243181689382,-4.0954002791010513e-05,-0.010484224714498691,0.00011843210616670763,0.030318619178677154,0.5968434532907755,0.5955869971342941,0.0003128483324732114,0.00024863925237698096,0.0002757307526918383,0.0320352317541228,5.090075795296806,0.000251471704819012,0.0,1.0,,,,,,,,,,,,,,,,,,,,,,,,,,,,,,,,,,,,,,,,,,,,,,,,,,,,,,,,,,,,,,,,,,,,,,,,,,,,,,,,,,,,,,,,,,,,,,,,,,,,,,,,,,,,,,,,,,,,,,,,,,,,,,,,,,,,,,,,,,,,,,,,,,,,,,,,,,,,,,,,,,,,,,,,,,,,649,1.002248167691058,319,0.9957243181689382,,,,,,,,,,,,,,,,
64,6,NN27_RAW,stationary_ellipse_curvature_E2_20260705T052048Z,stationary_ellipse,E2,ellipse,single_stationary_axis_aligned_ellipse,stationary,a=0.4898979; b=0.3265986; aspect_ratio=3:2; area_match=a*b≈0.16,area_matched_ellipse_stress_case_for_stationary_bubble_route,complete_manifest,true,,,,,,,,cfd_applications_cleanroom/results/raw/stationary_ellipse/stationary_ellipse_curvature_E2_20260705T052048Z/NN27_RAW_L6/summary.json,,,true,,,,,,,,,,,,,,,,,,,,,,,,,,,,,,,,,,,true,,true,2c89a8abec308ad20caf3cd9a79cbf1c90e37fb9418edd2201780249668dad39,33f24afa66b5938a95b7d97e7ce0518c9022939edba9d1120057f30c62455ab1,5effb0da9dbb1e0b355471de5d3cc60cff7c39a43370dbc406b0b61352104612,,curvature-diagnostic,diagnostic_summary,manifest_backed_complete,E2,NN,,false,0.4898979,0.3265986,3:2,,cfd_applications_cleanroom/results/manifests/stationary_ellipse_curvature_E2_20260705T052048Z.manifest.json,true,,,,,true,cfd_applications_cleanroom/results/raw/stationary_ellipse/stationary_ellipse_curvature_E2_20260705T052048Z/NN27_RAW_L6/curvature_trace.csv,true,cfd_applications_cleanroom/results/raw/stationary_ellipse/stationary_ellipse_curvature_E2_20260705T052048Z/NN27_RAW_L6/curvature_field.csv,true,,,169,same_sign,,,,2.428679729288396,2.414258974524532,0.9968833848562068,-0.00022532429318537772,-0.014420754763864174,0.0023420251130008064,0.1498896072320516,1.0917526504878277,1.0667021303295385,0.00837536368257509,0.005077380643832367,0.00809154901661633,0.15013964273584512,5.297518718732094,0.005739612293854669,0.0,1.0,,2.421634304488425,2.4093855519173903,0.9957024019193431,-0.00019138675892241836,-0.012248752571034775,0.001332331045723897,0.08526918692632941,1.088680198613722,1.076676043763366,0.004661715215296819,0.003552042975867059,0.004093111703009663,0.08562185931732688,5.28796707051117,0.0032685938135205675,0.0,1.0,,,,,,,,,,,,,,,,,,,,,,,,,,,,,,,,,,,,,,,,,,,,,,,,,,,,,,,,,,,,,,,,,,,,,,,,,,,,,,,,,,,,,,,,,,,,,,,,,,,,,,,,,,,,,,,,,,,,,,,,,,,,,,,,,,,,,,,,,,,,,,,,,,,,,,,,,,,,,,,,,,,,,,,,,,,,169,0.9968833848562068,81,0.9957024019193431,,,,,,,,,,,,,,,,
64,6,NN27_D4,stationary_ellipse_curvature_E2_20260705T052048Z,stationary_ellipse,E2,ellipse,single_stationary_axis_aligned_ellipse,stationary,a=0.4898979; b=0.3265986; aspect_ratio=3:2; area_match=a*b≈0.16,area_matched_ellipse_stress_case_for_stationary_bubble_route,complete_manifest,true,,,,,,,,cfd_applications_cleanroom/results/raw/stationary_ellipse/stationary_ellipse_curvature_E2_20260705T052048Z/NN27_D4_L6/summary.json,,,true,,,,,,,,,,,,,,,,,,,,,,,,,,,,,,,,,,,true,,true,2c89a8abec308ad20caf3cd9a79cbf1c90e37fb9418edd2201780249668dad39,33f24afa66b5938a95b7d97e7ce0518c9022939edba9d1120057f30c62455ab1,d291bc0d34e30c1e7c183fab7f9d4f84afd2fb997b10f90d1f7d5cfe07a5cb19,,curvature-diagnostic,diagnostic_summary,manifest_backed_complete,E2,NND4,,true,0.4898979,0.3265986,3:2,,cfd_applications_cleanroom/results/manifests/stationary_ellipse_curvature_E2_20260705T052048Z.manifest.json,true,,,,,true,cfd_applications_cleanroom/results/raw/stationary_ellipse/stationary_ellipse_curvature_E2_20260705T052048Z/NN27_D4_L6/curvature_trace.csv,true,cfd_applications_cleanroom/results/raw/stationary_ellipse/stationary_ellipse_curvature_E2_20260705T052048Z/NN27_D4_L6/curvature_field.csv,true,,,169,same_sign,,,,2.428679729288396,2.4195613557734763,0.9996476850193835,-0.00014247458617062464,-0.009118373514919977,0.0023575038552945816,0.15088024673885322,1.0917526504878277,1.064891062692968,0.00881454511999566,0.005073044571182817,0.008255517815591237,0.15070929083459428,5.301614799367487,0.0058022978324914175,0.0,1.0,,2.421634304488425,2.414119579798093,0.998229469400899,-0.0001174175732864399,-0.007514724690332154,0.0013492734166042541,0.08635349866267227,1.088680198613722,1.0752601461190767,0.004666350306239506,0.0035197483012713165,0.004090152636506915,0.08614718216292751,5.291706351454532,0.003278116417964166,0.0,1.0,,,,,,,,,,,,,,,,,,,,,,,,,,,,,,,,,,,,,,,,,,,,,,,,,,,,,,,,,,,,,,,,,,,,,,,,,,,,,,,,,,,,,,,,,,,,,,,,,,,,,,,,,,,,,,,,,,,,,,,,,,,,,,,,,,,,,,,,,,,,,,,,,,,,,,,,,,,,,,,,,,,,,,,,,,,,169,0.9996476850193835,81,0.998229469400899,,,,,,,,,,,,,,,,
128,7,NN27_RAW,stationary_ellipse_curvature_E2_20260705T052048Z,stationary_ellipse,E2,ellipse,single_stationary_axis_aligned_ellipse,stationary,a=0.4898979; b=0.3265986; aspect_ratio=3:2; area_match=a*b≈0.16,area_matched_ellipse_stress_case_for_stationary_bubble_route,complete_manifest,true,,,,,,,,cfd_applications_cleanroom/results/raw/stationary_ellipse/stationary_ellipse_curvature_E2_20260705T052048Z/NN27_RAW_L7/summary.json,,,true,,,,,,,,,,,,,,,,,,,,,,,,,,,,,,,,,,,true,,true,2c89a8abec308ad20caf3cd9a79cbf1c90e37fb9418edd2201780249668dad39,33f24afa66b5938a95b7d97e7ce0518c9022939edba9d1120057f30c62455ab1,d6b96a1f0786bdc19eb62fd404a11acd58e357eafae4dc6ef91e25dc9457b337,,curvature-diagnostic,diagnostic_summary,manifest_backed_complete,E2,NN,,false,0.4898979,0.3265986,3:2,,cfd_applications_cleanroom/results/manifests/stationary_ellipse_curvature_E2_20260705T052048Z.manifest.json,true,,,,,true,cfd_applications_cleanroom/results/raw/stationary_ellipse/stationary_ellipse_curvature_E2_20260705T052048Z/NN27_RAW_L7/curvature_trace.csv,true,cfd_applications_cleanroom/results/raw/stationary_ellipse/stationary_ellipse_curvature_E2_20260705T052048Z/NN27_RAW_L7/curvature_field.csv,true,,,335,same_sign,,,,2.4115351688499613,2.4030032376213697,0.9970369762097687,-6.66557127233736e-05,-0.00853193122859182,0.0006381051133403224,0.08167745450756127,1.0702543360995331,1.06297915901248,0.002224226928605119,0.0013980579558774103,0.002019077962406798,0.08200052668030273,5.264055713513752,0.001518725879950616,0.0,1.0,,2.3998203913704845,2.3828174762688477,0.9921070436276177,-0.00013283527423153864,-0.017002915101636946,0.00034644507892829003,0.044344970102821124,1.064940594610751,1.0629181983758533,0.0013785952233045448,0.0008535741986852583,0.0011683480810008831,0.04736950790186784,5.231874063938366,0.0008865375222976467,0.0,1.0,,,,,,,,,,,,,,,,,,,,,,,,,,,,,,,,,,,,,,,,,,,,,,,,,,,,,,,,,,,,,,,,,,,,,,,,,,,,,,,,,,,,,,,,,,,,,,,,,,,,,,,,,,,,,,,,,,,,,,,,,,,,,,,,,,,,,,,,,,,,,,,,,,,,,,,,,,,,,,,,,,,,,,,,,,,,335,0.9970369762097687,168,0.9921070436276177,,,,,,,,,,,,,,,,
128,7,NN27_D4,stationary_ellipse_curvature_E2_20260705T052048Z,stationary_ellipse,E2,ellipse,single_stationary_axis_aligned_ellipse,stationary,a=0.4898979; b=0.3265986; aspect_ratio=3:2; area_match=a*b≈0.16,area_matched_ellipse_stress_case_for_stationary_bubble_route,complete_manifest,true,,,,,,,,cfd_applications_cleanroom/results/raw/stationary_ellipse/stationary_ellipse_curvature_E2_20260705T052048Z/NN27_D4_L7/summary.json,,,true,,,,,,,,,,,,,,,,,,,,,,,,,,,,,,,,,,,true,,true,2c89a8abec308ad20caf3cd9a79cbf1c90e37fb9418edd2201780249668dad39,33f24afa66b5938a95b7d97e7ce0518c9022939edba9d1120057f30c62455ab1,a75db9e54d72452c0fbeba65c413ca6118e07ea646ccde8acf3619ae694c593b,,curvature-diagnostic,diagnostic_summary,manifest_backed_complete,E2,NND4,,true,0.4898979,0.3265986,3:2,,cfd_applications_cleanroom/results/manifests/stationary_ellipse_curvature_E2_20260705T052048Z.manifest.json,true,,,,,true,cfd_applications_cleanroom/results/raw/stationary_ellipse/stationary_ellipse_curvature_E2_20260705T052048Z/NN27_D4_L7/curvature_trace.csv,true,cfd_applications_cleanroom/results/raw/stationary_ellipse/stationary_ellipse_curvature_E2_20260705T052048Z/NN27_D4_L7/curvature_field.csv,true,,,335,same_sign,,,,2.4115351688499613,2.411245426663817,1.0011917907715857,-2.2636108292578944e-06,-0.0002897421861450105,0.0006141339583973972,0.07860914667486685,1.0702543360995331,1.0618635535043115,0.0021265135242207606,0.0013563021046134939,0.0019302894447613289,0.07849226667310816,5.271193288079122,0.0014366359142477473,0.0,1.0,,2.3998203913704845,2.3913750581340967,0.9968755524684954,-6.597916590928119e-05,-0.008445333236387992,0.00034806753524364414,0.04455264451118645,1.064940594610751,1.0593710862637895,0.0013336315965013154,0.0007995443442623863,0.0011368464101846965,0.045215557925117146,5.238267877303432,0.0008594416472210644,0.0,1.0,,,,,,,,,,,,,,,,,,,,,,,,,,,,,,,,,,,,,,,,,,,,,,,,,,,,,,,,,,,,,,,,,,,,,,,,,,,,,,,,,,,,,,,,,,,,,,,,,,,,,,,,,,,,,,,,,,,,,,,,,,,,,,,,,,,,,,,,,,,,,,,,,,,,,,,,,,,,,,,,,,,,,,,,,,,,335,1.0011917907715857,168,0.9968755524684954,,,,,,,,,,,,,,,,
256,8,NN27_RAW,stationary_ellipse_curvature_E2_20260705T052048Z,stationary_ellipse,E2,ellipse,single_stationary_axis_aligned_ellipse,stationary,a=0.4898979; b=0.3265986; aspect_ratio=3:2; area_match=a*b≈0.16,area_matched_ellipse_stress_case_for_stationary_bubble_route,complete_manifest,true,,,,,,,,cfd_applications_cleanroom/results/raw/stationary_ellipse/stationary_ellipse_curvature_E2_20260705T052048Z/NN27_RAW_L8/summary.json,,,true,,,,,,,,,,,,,,,,,,,,,,,,,,,,,,,,,,,true,,true,2c89a8abec308ad20caf3cd9a79cbf1c90e37fb9418edd2201780249668dad39,33f24afa66b5938a95b7d97e7ce0518c9022939edba9d1120057f30c62455ab1,76187bc37181021c63ac7ce0f84629969aef8d29f39efee273b72df2a129ebc5,,curvature-diagnostic,diagnostic_summary,manifest_backed_complete,E2,NN,,false,0.4898979,0.3265986,3:2,,cfd_applications_cleanroom/results/manifests/stationary_ellipse_curvature_E2_20260705T052048Z.manifest.json,true,,,,,true,cfd_applications_cleanroom/results/raw/stationary_ellipse/stationary_ellipse_curvature_E2_20260705T052048Z/NN27_RAW_L8/curvature_trace.csv,true,cfd_applications_cleanroom/results/raw/stationary_ellipse/stationary_ellipse_curvature_E2_20260705T052048Z/NN27_RAW_L8/curvature_field.csv,true,,,663,same_sign,,,,2.4346201951857394,2.4261105429623546,0.9955065205786195,-3.324082899759558e-05,-0.008509652223384468,0.0002600712130515842,0.06657823054120555,1.0725612031854803,1.0748296220095566,0.0007628313461093862,0.0005155559628313573,0.0006693727774903615,0.06707003205673971,5.312872541601566,0.0005393021525621774,0.0,1.0,,2.431491682278019,2.4032852949083843,0.9855807454659237,-0.00011018120066263429,-0.028206387369634378,0.00013466645412677565,0.03447461225645457,1.079282834946539,1.0834981702337063,0.0004926571615704069,0.0003407944874872683,0.00039455087886942875,0.04450241145710665,5.295018252322699,0.0003539130602095209,0.0,1.0,,,,,,,,,,,,,,,,,,,,,,,,,,,,,,,,,,,,,,,,,,,,,,,,,,,,,,,,,,,,,,,,,,,,,,,,,,,,,,,,,,,,,,,,,,,,,,,,,,,,,,,,,,,,,,,,,,,,,,,,,,,,,,,,,,,,,,,,,,,,,,,,,,,,,,,,,,,,,,,,,,,,,,,,,,,,663,0.9955065205786195,327,0.9855807454659237,,,,,,,,,,,,,,,,
256,8,NN27_D4,stationary_ellipse_curvature_E2_20260705T052048Z,stationary_ellipse,E2,ellipse,single_stationary_axis_aligned_ellipse,stationary,a=0.4898979; b=0.3265986; aspect_ratio=3:2; area_match=a*b≈0.16,area_matched_ellipse_stress_case_for_stationary_bubble_route,complete_manifest,true,,,,,,,,cfd_applications_cleanroom/results/raw/stationary_ellipse/stationary_ellipse_curvature_E2_20260705T052048Z/NN27_D4_L8/summary.json,,,true,,,,,,,,,,,,,,,,,,,,,,,,,,,,,,,,,,,true,,true,2c89a8abec308ad20caf3cd9a79cbf1c90e37fb9418edd2201780249668dad39,33f24afa66b5938a95b7d97e7ce0518c9022939edba9d1120057f30c62455ab1,fb8c0200b577813934ecb11d5240faf48df74e47f2e4354dfc5c062e3bf3c020,,curvature-diagnostic,diagnostic_summary,manifest_backed_complete,E2,NND4,,true,0.4898979,0.3265986,3:2,,cfd_applications_cleanroom/results/manifests/stationary_ellipse_curvature_E2_20260705T052048Z.manifest.json,true,,,,,true,cfd_applications_cleanroom/results/raw/stationary_ellipse/stationary_ellipse_curvature_E2_20260705T052048Z/NN27_D4_L8/curvature_trace.csv,true,cfd_applications_cleanroom/results/raw/stationary_ellipse/stationary_ellipse_curvature_E2_20260705T052048Z/NN27_D4_L8/curvature_field.csv,true,,,663,same_sign,,,,2.4346201951857394,2.437961132315746,1.0022175158975668,1.3050535664087833e-05,0.003340937130006485,0.0002360763331796354,0.060435541293986664,1.0725612031854803,1.069333540096568,0.000740244080720192,0.00048481010144294515,0.0006437898015511584,0.06048229105307615,5.321579249926894,0.0005050214710633995,0.0,1.0,,2.431491682278019,2.420143627473584,0.9948266055864934,-4.4328339079822935e-05,-0.011348054804434671,0.0001276979064566225,0.03269066405289536,1.079282834946539,1.0771823560848979,0.00040121649628780016,0.00029644735311658976,0.0003453264928927094,0.03455705038030003,5.307864453466152,0.00029503940314892297,0.0,1.0,,,,,,,,,,,,,,,,,,,,,,,,,,,,,,,,,,,,,,,,,,,,,,,,,,,,,,,,,,,,,,,,,,,,,,,,,,,,,,,,,,,,,,,,,,,,,,,,,,,,,,,,,,,,,,,,,,,,,,,,,,,,,,,,,,,,,,,,,,,,,,,,,,,,,,,,,,,,,,,,,,,,,,,,,,,,663,1.0022175158975668,327,0.9948266055864934,,,,,,,,,,,,,,,,
64,6,NN_DISABLE,stationary_ellipse_curvature_process_E1_20260705T053942Z,stationary_ellipse,E1,ellipse,single_stationary_axis_aligned_ellipse,stationary,a=0.4472136; b=0.3577709; aspect_ratio=5:4; area_match=a*b≈0.16,area_matched_ellipse_stress_case_for_stationary_bubble_route,complete_raw_summary,true,,true,0.999987322546191,99.9987322546191,78.38268253305394,78.38367623848882,71133,cfd_applications_cleanroom/results/raw/stationary_ellipse/stationary_ellipse_curvature_process_E1_20260705T053942Z/NN_DISABLE_L6/summary.json,cfd_applications_cleanroom/results/raw/stationary_ellipse/stationary_ellipse_curvature_process_E1_20260705T053942Z/NN_DISABLE_L6/surface_tension_trace.csv,cfd_applications_cleanroom/results/raw/stationary_ellipse/stationary_ellipse_curvature_process_E1_20260705T053942Z/NN_DISABLE_L6/curvature_process.csv,true,,,2.5030129282786363e-05,0.0024166409893325936,2.5030129746932127e-05,2.5030131633987912e-05,,,,,,,,,,,,,,,,,,,,,,,,,,,,,true,true,true,2c89a8abec308ad20caf3cd9a79cbf1c90e37fb9418edd2201780249668dad39,1be464300ae11f384e33ff662d08f14910472204748091c81b5258545c5ae6ac,010f920fd9bcf1c07a7b4e748a027fd3a56f3d42967dfb8f425ed1bdbc053dbe,,curvature-process,process_summary,complete,E1,native,,false,0.4472136,0.3577709,5:4,,,,,,,,true,,,,,true,true,,,,,,,,,,,,,,,,,,,,,,,,,,,,,,,,,,,,,,,,,4,0;1;2;3,0.0,0.0,0.0,162,,-0.00021043501490781305,-0.013467840954100035,0.0017910860081291925,0.11462950452026832,0.6035006142073268,0.5893763845445873,0.00454383560244391,0.003665697341647893,0.00441864573202509,0.11506604802821864,5.08736936614121,0.0036841174306357035,,-0.00012500274692388283,-0.008000175803128501,0.0011476110185425386,0.07344710518672247,0.6011971298627989,0.5986698868413896,0.0029545260525798422,0.002584663557664721,0.002837429189871077,0.07342943271260687,5.126166012009442,0.0025021541326792143,0.3333333333333333,26.12792815526356,0.33333379357925463,159,,-0.00022438074485965596,-0.014360367671017981,0.0015488422656159137,0.09912590499941848,0.11308505028478957,0.021846363255570433,0.003178717183342193,0.002716406632857541,0.002937733795060767,0.09985172409683411,4.9852794866092065,0.002758806129837994,,-0.00011932503580016395,-0.007636802291210493,0.0008859418578227712,0.056700278900657354,0.05796921207767822,0.00620082555111209,0.0017294250587767818,0.0015860351857567563,0.0017224744922384955,0.05685996707970128,4.993591517356688,0.001591341811617835,0.6666666666666666,52.25585631050256,0.666667587158196,159,,-0.00022438053898419854,-0.014360354494988707,0.0015488416571996962,0.09912586606078055,0.11308504403203247,0.021846586142643478,0.0031787499931062585,0.0027163862455396987,0.0029377317727814103,0.09985168378942118,4.9852795004187875,0.0027588059323627873,,-0.00011932524867308637,-0.0076368159150775276,0.0008859405560043396,0.05670019558427773,0.0579691954807059,0.006201769474852631,0.001729392141871594,0.0015860381936002941,0.001722500511239274,0.05685988686565369,4.993591523299681,0.0015913355043741025,1.0,78.38378446583431,1.0000013807383206,159,,-0.0002243805389251628,-0.014360354491210418,0.0015488416569877524,0.09912586604721615,0.11308504402354594,0.021846586183992017,0.003178750022594372,0.0027163862424536022,0.002937731765270934,0.09985168377549669,4.985279500419973,0.0027588059322395846,,-0.00011932524884358097,-0.007636815925989182,0.0008859405555597431,0.056700195555823556,0.057969195456726935,0.00620176966264867,0.001729392133849865,0.0015860381981058537,0.0017225005172149574,0.05685988683909965,4.993591523312363,0.0015913355022553572,,,,,,,,,,2.480598092162021,2.467130251207921,0.996231965649887,0.0,1.0,2.4970400260757466,2.489039850272618,0.9971490304526948,0.0,1.0,2.4989873384633565,2.484626970792339,0.9959899577349987,0.0,1.0,2.5004370238904547,2.4928002215992437,0.9974595475464335,0.0,1.0,2.4989873375676988,2.48462698307271,0.9959899613897149,0.0,1.0,2.5004370322395957,2.492800216324518,0.9974595402208776,0.0,1.0,2.49898733756628,2.4846269830750694,0.9959899613906493,0.0,1.0,2.500437032251278,2.4928002163252883,0.9974595402158227,0.0,1.0,,,,,162,0.996231965649887,81,0.9971490304526948,159,0.9959899577349987,80,0.9974595475464335,159,0.9959899613897149,80,0.9974595402208776,159,0.9959899613906493,80,0.9974595402158227
64,6,NN_PROBE_ONLY,stationary_ellipse_curvature_process_E1_20260705T053942Z,stationary_ellipse,E1,ellipse,single_stationary_axis_aligned_ellipse,stationary,a=0.4472136; b=0.3577709; aspect_ratio=5:4; area_match=a*b≈0.16,area_matched_ellipse_stress_case_for_stationary_bubble_route,complete_raw_summary,true,,true,0.999987322546191,99.9987322546191,78.38268253305394,78.38367623848882,71133,cfd_applications_cleanroom/results/raw/stationary_ellipse/stationary_ellipse_curvature_process_E1_20260705T053942Z/NN_PROBE_ONLY_L6/summary.json,cfd_applications_cleanroom/results/raw/stationary_ellipse/stationary_ellipse_curvature_process_E1_20260705T053942Z/NN_PROBE_ONLY_L6/surface_tension_trace.csv,cfd_applications_cleanroom/results/raw/stationary_ellipse/stationary_ellipse_curvature_process_E1_20260705T053942Z/NN_PROBE_ONLY_L6/curvature_process.csv,true,,,2.5030129282786363e-05,0.0024166409893325936,2.5030129746932127e-05,2.5030131633987912e-05,,,,,,,,,,,,,,,,,,,,,,,,,,,,,true,true,true,2c89a8abec308ad20caf3cd9a79cbf1c90e37fb9418edd2201780249668dad39,1be464300ae11f384e33ff662d08f14910472204748091c81b5258545c5ae6ac,7514ee99f40c9a07b54352767c84101586b44a18432a4b4e935dd3e5ebb9fa3a,,curvature-process,process_summary,complete,E1,probe_only,,false,0.4472136,0.3577709,5:4,,,,,,,,true,,,,,true,true,,,,,,,,,,,,,,,,,,,,,,,,,,,,,,,,,,,,,,,,,4,0;1;2;3,0.0,0.0,0.0,162,,-0.00021043501490781305,-0.013467840954100035,0.0017910860081291925,0.11462950452026832,0.6035006142073268,0.5893763845445873,0.00454383560244391,0.003665697341647893,0.00441864573202509,0.11506604802821864,5.08736936614121,0.0036841174306357035,,-0.00012500274692388283,-0.008000175803128501,0.0011476110185425386,0.07344710518672247,0.6011971298627989,0.5986698868413896,0.0029545260525798422,0.002584663557664721,0.002837429189871077,0.07342943271260687,5.126166012009442,0.0025021541326792143,0.3333333333333333,26.12792815526356,0.33333379357925463,159,,-0.00022438074485965596,-0.014360367671017981,0.0015488422656159137,0.09912590499941848,0.11308505028478957,0.021846363255570433,0.003178717183342193,0.002716406632857541,0.002937733795060767,0.09985172409683411,4.9852794866092065,0.002758806129837994,,-0.00011932503580016395,-0.007636802291210493,0.0008859418578227712,0.056700278900657354,0.05796921207767822,0.00620082555111209,0.0017294250587767818,0.0015860351857567563,0.0017224744922384955,0.05685996707970128,4.993591517356688,0.001591341811617835,0.6666666666666666,52.25585631050256,0.666667587158196,159,,-0.00022438053898419854,-0.014360354494988707,0.0015488416571996962,0.09912586606078055,0.11308504403203247,0.021846586142643478,0.0031787499931062585,0.0027163862455396987,0.0029377317727814103,0.09985168378942118,4.9852795004187875,0.0027588059323627873,,-0.00011932524867308637,-0.0076368159150775276,0.0008859405560043396,0.05670019558427773,0.0579691954807059,0.006201769474852631,0.001729392141871594,0.0015860381936002941,0.001722500511239274,0.05685988686565369,4.993591523299681,0.0015913355043741025,1.0,78.38378446583431,1.0000013807383206,159,,-0.0002243805389251628,-0.014360354491210418,0.0015488416569877524,0.09912586604721615,0.11308504402354594,0.021846586183992017,0.003178750022594372,0.0027163862424536022,0.002937731765270934,0.09985168377549669,4.985279500419973,0.0027588059322395846,,-0.00011932524884358097,-0.007636815925989182,0.0008859405555597431,0.056700195555823556,0.057969195456726935,0.00620176966264867,0.001729392133849865,0.0015860381981058537,0.0017225005172149574,0.05685988683909965,4.993591523312363,0.0015913355022553572,,,,,,,,,,2.480598092162021,2.467130251207921,0.996231965649887,0.0,1.0,2.4970400260757466,2.489039850272618,0.9971490304526948,0.0,1.0,2.4989873384633565,2.484626970792339,0.9959899577349987,0.0,1.0,2.5004370238904547,2.4928002215992437,0.9974595475464335,0.0,1.0,2.4989873375676988,2.48462698307271,0.9959899613897149,0.0,1.0,2.5004370322395957,2.492800216324518,0.9974595402208776,0.0,1.0,2.49898733756628,2.4846269830750694,0.9959899613906493,0.0,1.0,2.500437032251278,2.4928002163252883,0.9974595402158227,0.0,1.0,,,,,162,0.996231965649887,81,0.9971490304526948,159,0.9959899577349987,80,0.9974595475464335,159,0.9959899613897149,80,0.9974595402208776,159,0.9959899613906493,80,0.9974595402158227
64,6,NN27_RAW,stationary_ellipse_curvature_process_E1_20260705T053942Z,stationary_ellipse,E1,ellipse,single_stationary_axis_aligned_ellipse,stationary,a=0.4472136; b=0.3577709; aspect_ratio=5:4; area_match=a*b≈0.16,area_matched_ellipse_stress_case_for_stationary_bubble_route,complete_raw_summary,true,,true,0.999987322546191,99.9987322546191,78.38268253305394,78.38367623848882,71133,cfd_applications_cleanroom/results/raw/stationary_ellipse/stationary_ellipse_curvature_process_E1_20260705T053942Z/NN27_RAW_L6/summary.json,cfd_applications_cleanroom/results/raw/stationary_ellipse/stationary_ellipse_curvature_process_E1_20260705T053942Z/NN27_RAW_L6/surface_tension_trace.csv,cfd_applications_cleanroom/results/raw/stationary_ellipse/stationary_ellipse_curvature_process_E1_20260705T053942Z/NN27_RAW_L6/curvature_process.csv,true,,,3.333043088541921e-05,0.002414791853156503,3.333042969428265e-05,3.3330430885689895e-05,,,,,,,,,,,,,,,,,,,,,,,,,,,,,true,true,true,2c89a8abec308ad20caf3cd9a79cbf1c90e37fb9418edd2201780249668dad39,1be464300ae11f384e33ff662d08f14910472204748091c81b5258545c5ae6ac,fc88096b3cd5ade81877d0fd28935ecf533c7f72c2067371cb5de00eac8175a0,,curvature-process,process_summary,complete,E1,NN,,false,0.4472136,0.3577709,5:4,,,,,,,,true,,,,,true,true,,,,,,,,,,,,,,,,,,,,,,,,,,,,,,,,,,,,,,,,,4,0;1;2;3,0.0,0.0,0.0,162,,-0.00021043501490781305,-0.013467840954100035,0.0017910860081291925,0.11462950452026832,0.6035006142073268,0.5893763845445873,0.00454383560244391,0.003665697341647893,0.00441864573202509,0.11506604802821864,5.08736936614121,0.0036841174306357035,,-0.00012500274692388283,-0.008000175803128501,0.0011476110185425386,0.07344710518672247,0.6011971298627989,0.5986698868413896,0.0029545260525798422,0.002584663557664721,0.002837429189871077,0.07342943271260687,5.126166012009442,0.0025021541326792143,0.3333333333333333,26.12792815526356,0.33333379357925463,159,,-0.00022149871453222745,-0.014175917730062557,0.0015479734662775196,0.09907030184176126,0.11313530955561092,0.021992781121828738,0.0031508853610591678,0.002706429438251142,0.0029218428853365727,0.09977049796557862,4.98492494381772,0.00273404076561522,,-0.00012194235885577857,-0.007804310966769828,0.0008874216302526246,0.056794984336167975,0.05818881939246747,0.006162349851128509,0.0017231813121853928,0.0015689017318890911,0.001718400633028069,0.0569759303332538,4.993765657361683,0.0015962607768227567,0.6666666666666666,52.25585631050256,0.666667587158196,159,,-0.00022149853968385757,-0.014175906539766884,0.001547972943896122,0.0990702684093518,0.11313530966972346,0.021992988717976048,0.003150910828573328,0.0027064286485374727,0.0029218387122928683,0.0997704633866152,4.984924964666415,0.0027340407718888004,,-0.0001219423803056098,-0.0078043123395590275,0.0008874208505338302,0.05679493443416513,0.05818883745833028,0.006163246885300329,0.001723151024680035,0.001568899870406077,0.0017184249850316921,0.05697588139956455,4.9937656477781935,0.0015962538168731444,1.0,78.38378446583431,1.0000013807383206,159,,-0.00022149853967069663,-0.014175906538924584,0.0015479729437888952,0.0990702684024893,0.11313530967611626,0.021992988760044522,0.0031509108484047213,0.0027064286494002995,0.002921838704900565,0.09977046337972405,4.984924964674908,0.00273404077167735,,-0.00012194238025791419,-0.007804312336506508,0.0008874208506358509,0.05679493444069446,0.058188837485279594,0.0061632470655043825,0.0017231510170111972,0.0015688998677130968,0.0017184249909594977,0.056975881405573664,4.993765647769716,0.0015962538127561954,,,,,,,,,,2.480598092162021,2.467130251207921,0.996231965649887,0.0,1.0,2.4970400260757466,2.489039850272618,0.9971490304526948,0.0,1.0,2.4987154598686008,2.4845395421385383,0.9960633709433135,0.0,1.0,2.5006059105035985,2.4928015995368287,0.9973955578704844,0.0,1.0,2.498715463458047,2.4845395569182798,0.9960633741025108,0.0,1.0,2.500605904816498,2.492801592476939,0.9973955561437291,0.0,1.0,2.4987154634614774,2.484539556922553,0.996063374102701,0.0,1.0,2.5006059048102394,2.4928015924737332,0.9973955561450843,0.0,1.0,,,,,162,0.996231965649887,81,0.9971490304526948,159,0.9960633709433135,80,0.9973955578704844,159,0.9960633741025108,80,0.9973955561437291,159,0.996063374102701,80,0.9973955561450843
64,6,NN27_D4,stationary_ellipse_curvature_process_E1_20260705T133423Z,stationary_ellipse,E1,ellipse,single_stationary_axis_aligned_ellipse,stationary,a=0.4472136; b=0.3577709; aspect_ratio=5:4; area_match=a*b≈0.16,area_matched_ellipse_stress_case_for_stationary_bubble_route,complete_raw_summary,true,,true,0.999987322546191,99.9987322546191,78.38268253305394,78.38367623848882,71133,cfd_applications_cleanroom/results/raw/stationary_ellipse/stationary_ellipse_curvature_process_E1_20260705T133423Z/NN27_D4_L6/summary.json,cfd_applications_cleanroom/results/raw/stationary_ellipse/stationary_ellipse_curvature_process_E1_20260705T133423Z/NN27_D4_L6/surface_tension_trace.csv,cfd_applications_cleanroom/results/raw/stationary_ellipse/stationary_ellipse_curvature_process_E1_20260705T133423Z/NN27_D4_L6/curvature_process.csv,true,,,3.333910812359671e-05,0.0024149478791811634,3.333910848228686e-05,3.333911083141963e-05,,,,,,,,,,,,,,,,,,,,,,,,,,,,,true,true,true,2c89a8abec308ad20caf3cd9a79cbf1c90e37fb9418edd2201780249668dad39,84591361e1a95483cbd6bd70db39ed90f91fecbcd1f881a3bd0bf2139038cc15,34293e4d59ba04f14b0ab537f1de41eac35b3230821654e5f175931d839ee20f,,curvature-process,process_summary,complete,E1,NND4,,true,0.4472136,0.3577709,5:4,,,,,,,,true,,,,,true,true,,,,,,,,,,,,,,,,,,,,,,,,,,,,,,,,,,,,,,,,,4,0;1;2;3,0.0,0.0,0.0,162,,-0.00011856167554531597,-0.007587947234900222,0.0017590392677886949,0.11257851313847647,0.6035006142073268,0.5882045520470492,0.00466932394547577,0.003470990709145823,0.004336180653961145,0.11248673023798306,5.092864241306554,0.0035548754361574017,,-5.425771263330112e-05,-0.0034724936085312715,0.0011528967985497047,0.0737853951071811,0.6011971298627989,0.597081300954471,0.002923784579529125,0.002516799167362152,0.0028253600723189658,0.07341068964197921,5.130199592219269,0.002466540712395602,0.3333333333333333,26.12792815526356,0.33333379357925463,159,,-0.0001249741736173701,-0.007998347111511686,0.0015073508166779494,0.09647045226738876,0.11314690525065778,0.023166636090152144,0.0027784220285554176,0.0024615751201211558,0.002649336927865836,0.09649865267325008,4.991161293453934,0.002502252333680797,,-5.584797230378585e-05,-0.003574270227442294,0.0008910479917196197,0.05702707147005566,0.05820377351020349,0.004658567652296429,0.0016763627251566784,0.0014406629616117398,0.0016763080466563928,0.05678213805506078,4.998065578757265,0.0015241628129237664,0.6666666666666666,52.25585631050256,0.666667587158196,159,,-0.00012497416903575916,-0.007998346818288586,0.001507350805690083,0.09647045156416531,0.1131469007307488,0.023166630654147875,0.0027783972620344308,0.002461547948813517,0.002649344926429884,0.09649865195034968,4.991161292247921,0.002502252407883716,,-5.584800495010223e-05,-0.0035742723168065427,0.0008910478407850713,0.05702706181024456,0.05820375693163727,0.0046585501900415285,0.0016763281247060974,0.001440660582931682,0.0016763281018204552,0.056782128606369414,4.998065582868979,0.001524158455056668,1.0,78.38378446583431,1.0000013807383206,159,,-0.0001249741690204919,-0.007998346817311482,0.0015073508056778916,0.09647045156338506,0.1131469007256124,0.023166630648010084,0.002778397282472138,0.0024615479129075314,0.0026493449170410625,0.09649865194949356,4.991161292244784,0.0025022524079398915,,-5.584800500654883e-05,-0.003574272320419125,0.0008910478405769694,0.05702706179692604,0.058203756909898575,0.004658550168536074,0.0016763281163929347,0.0014406605782964755,0.0016763281065960704,0.05678212859338804,4.998065582875286,0.0015241584566733808,,,,,,,,,,2.480598092162021,2.473010144927121,0.9987739931318016,0.0,1.0,2.4970400260757466,2.4935675324672153,0.9992032828340217,0.0,1.0,2.4987150405629444,2.4907166934514327,0.9984977253536605,0.0,1.0,2.500643745489926,2.497069475262484,0.9990916822939881,0.0,1.0,2.498715039933298,2.490716693115009,0.9984977253852929,0.0,1.0,2.500643748742923,2.497069476426116,0.999091681219722,0.0,1.0,2.4987150399313767,2.490716693114065,0.9984977253855868,0.0,1.0,2.5006437487480775,2.4970694764276584,0.9990916812179576,0.0,1.0,,,,,162,0.9987739931318016,81,0.9992032828340217,159,0.9984977253536605,80,0.9990916822939881,159,0.9984977253852929,80,0.999091681219722,159,0.9984977253855868,80,0.9990916812179576
128,7,NN_DISABLE,stationary_ellipse_curvature_process_E1_20260705T053942Z,stationary_ellipse,E1,ellipse,single_stationary_axis_aligned_ellipse,stationary,a=0.4472136; b=0.3577709; aspect_ratio=5:4; area_match=a*b≈0.16,area_matched_ellipse_stress_case_for_stationary_bubble_route,complete_raw_summary,true,,true,0.9999988624506867,99.99988624506867,78.38358707319173,78.38367623848882,201195,cfd_applications_cleanroom/results/raw/stationary_ellipse/stationary_ellipse_curvature_process_E1_20260705T053942Z/NN_DISABLE_L7/summary.json,cfd_applications_cleanroom/results/raw/stationary_ellipse/stationary_ellipse_curvature_process_E1_20260705T053942Z/NN_DISABLE_L7/surface_tension_trace.csv,cfd_applications_cleanroom/results/raw/stationary_ellipse/stationary_ellipse_curvature_process_E1_20260705T053942Z/NN_DISABLE_L7/curvature_process.csv,true,,,1.0520185169368758e-05,0.002401224690025338,1.0520185369549713e-05,1.0520186551653725e-05,,,,,,,,,,,,,,,,,,,,,,,,,,,,,true,true,true,2c89a8abec308ad20caf3cd9a79cbf1c90e37fb9418edd2201780249668dad39,1be464300ae11f384e33ff662d08f14910472204748091c81b5258545c5ae6ac,bd9e7d168249d920c772cc0c62e5e7d52608b5a675574566d16b5deb138fee92,,curvature-process,process_summary,complete,E1,native,,false,0.4472136,0.3577709,5:4,,,,,,,,true,,,,,true,true,,,,,,,,,,,,,,,,,,,,,,,,,,,,,,,,,,,,,,,,,4,0;1;2;3,0.0,0.0,0.0,325,,-5.8433341506959045e-05,-0.007479467712890758,0.0005283069699706332,0.06762329215624105,0.5978753347225872,0.592435247551239,0.0014507740253722652,0.00104030627596498,0.0012925319574646386,0.06793218374312875,5.085938621309506,0.0010649229389581114,,-0.00012104153599465985,-0.015493316607316461,0.0002958770262409066,0.03787225935883604,0.596508505933383,0.595789981744799,0.0008682778250694405,0.0006908075060280439,0.0008397424673946371,0.04081050275569284,5.085331769298169,0.0006772308030807463,0.3333333333333333,26.127992221765723,0.3333346109242075,323,,-5.6433178445244624e-05,-0.007223446840991312,0.00045823343268125075,0.058653879383200096,0.05772206795428282,0.009288690608426308,0.000898019419266205,0.0007387944861788765,0.0008334364439102097,0.05900681940949897,4.993810404167421,0.0007577179100403575,,-9.903017541752228e-05,-0.012675862453442852,0.00021599831969450463,0.027647784920896593,0.028927480261739955,0.007143222668759545,0.0005169208224035,0.0004770364656634995,0.0005096410305387719,0.03033836719887433,4.989607384605835,0.0004716804960162767,0.6666666666666666,52.25598444351408,0.6666692218481935,323,,-5.643441479241255e-05,-0.0072236050934288065,0.0004582329669197223,0.05865381976572445,0.05772207691675612,0.009289606558395317,0.0008980142592545856,0.00073879857330921,0.0008334470790249668,0.05900677970512787,4.99381025393473,0.0007577193289901923,,-9.90325807234511e-05,-0.01267617033260174,0.00021599671484518387,0.027647579500183535,0.02892745989567844,0.007144402573730431,0.0005169208518037323,0.00047703619566214937,0.0005096504607486143,0.030338309776652556,4.989607093490825,0.00047168088079635093,1.0,78.38397666526244,1.0000038327721796,323,,-5.6434415048014426e-05,-0.0072236051261458465,0.00045823296689953975,0.05865381976314109,0.0577220769261697,0.00928960673214003,0.0008980142548191024,0.000738798575481676,0.0008334470813439267,0.059006779706573115,4.99381025390585,0.0007577193299777517,,-9.903258122892578e-05,-0.0126761703973025,0.00021599671442925402,0.027647579446944515,0.028927459875138454,0.007144402808067401,0.0005169208522610366,0.00047703619546504174,0.000509650462649125,0.03033830975546492,4.989607093439084,0.00047168088112547573,,,,,,,,,,2.4765327508011037,2.469053283088213,0.9975386856710766,0.0,1.0,2.4800544678128533,2.4645611512055368,0.9935502268552661,0.0,1.0,2.5003474378248858,2.4931239909838947,0.9976425430762403,0.0,1.0,2.5010912641832426,2.4884154017298,0.995054128673557,0.0,1.0,2.500347439678698,2.493123834585269,0.9976424779030838,0.0,1.0,2.501091270435021,2.4884151001024195,0.9950540032326037,0.0,1.0,2.5003474396801693,2.4931238345540234,0.9976424778897911,0.0,1.0,2.501091270441139,2.488415100043836,0.9950540032061435,0.0,1.0,,,,,325,0.9975386856710766,162,0.9935502268552661,323,0.9976425430762403,164,0.995054128673557,323,0.9976424779030838,164,0.9950540032326037,323,0.9976424778897911,164,0.9950540032061435
128,7,NN_PROBE_ONLY,stationary_ellipse_curvature_process_E1_20260705T053942Z,stationary_ellipse,E1,ellipse,single_stationary_axis_aligned_ellipse,stationary,a=0.4472136; b=0.3577709; aspect_ratio=5:4; area_match=a*b≈0.16,area_matched_ellipse_stress_case_for_stationary_bubble_route,complete_raw_summary,true,,true,0.9999988624506867,99.99988624506867,78.38358707319173,78.38367623848882,201195,cfd_applications_cleanroom/results/raw/stationary_ellipse/stationary_ellipse_curvature_process_E1_20260705T053942Z/NN_PROBE_ONLY_L7/summary.json,cfd_applications_cleanroom/results/raw/stationary_ellipse/stationary_ellipse_curvature_process_E1_20260705T053942Z/NN_PROBE_ONLY_L7/surface_tension_trace.csv,cfd_applications_cleanroom/results/raw/stationary_ellipse/stationary_ellipse_curvature_process_E1_20260705T053942Z/NN_PROBE_ONLY_L7/curvature_process.csv,true,,,1.0520185169368758e-05,0.002401224690025338,1.0520185369549713e-05,1.0520186551653725e-05,,,,,,,,,,,,,,,,,,,,,,,,,,,,,true,true,true,2c89a8abec308ad20caf3cd9a79cbf1c90e37fb9418edd2201780249668dad39,1be464300ae11f384e33ff662d08f14910472204748091c81b5258545c5ae6ac,c9a6715522c7299e1812b7e2bd498a64004d47c104f81396c95eca9ddf4ef549,,curvature-process,process_summary,complete,E1,probe_only,,false,0.4472136,0.3577709,5:4,,,,,,,,true,,,,,true,true,,,,,,,,,,,,,,,,,,,,,,,,,,,,,,,,,,,,,,,,,4,0;1;2;3,0.0,0.0,0.0,325,,-5.8433341506959045e-05,-0.007479467712890758,0.0005283069699706332,0.06762329215624105,0.5978753347225872,0.592435247551239,0.0014507740253722652,0.00104030627596498,0.0012925319574646386,0.06793218374312875,5.085938621309506,0.0010649229389581114,,-0.00012104153599465985,-0.015493316607316461,0.0002958770262409066,0.03787225935883604,0.596508505933383,0.595789981744799,0.0008682778250694405,0.0006908075060280439,0.0008397424673946371,0.04081050275569284,5.085331769298169,0.0006772308030807463,0.3333333333333333,26.127992221765723,0.3333346109242075,323,,-5.6433178445244624e-05,-0.007223446840991312,0.00045823343268125075,0.058653879383200096,0.05772206795428282,0.009288690608426308,0.000898019419266205,0.0007387944861788765,0.0008334364439102097,0.05900681940949897,4.993810404167421,0.0007577179100403575,,-9.903017541752228e-05,-0.012675862453442852,0.00021599831969450463,0.027647784920896593,0.028927480261739955,0.007143222668759545,0.0005169208224035,0.0004770364656634995,0.0005096410305387719,0.03033836719887433,4.989607384605835,0.0004716804960162767,0.6666666666666666,52.25598444351408,0.6666692218481935,323,,-5.643441479241255e-05,-0.0072236050934288065,0.0004582329669197223,0.05865381976572445,0.05772207691675612,0.009289606558395317,0.0008980142592545856,0.00073879857330921,0.0008334470790249668,0.05900677970512787,4.99381025393473,0.0007577193289901923,,-9.90325807234511e-05,-0.01267617033260174,0.00021599671484518387,0.027647579500183535,0.02892745989567844,0.007144402573730431,0.0005169208518037323,0.00047703619566214937,0.0005096504607486143,0.030338309776652556,4.989607093490825,0.00047168088079635093,1.0,78.38397666526244,1.0000038327721796,323,,-5.6434415048014426e-05,-0.0072236051261458465,0.00045823296689953975,0.05865381976314109,0.0577220769261697,0.00928960673214003,0.0008980142548191024,0.000738798575481676,0.0008334470813439267,0.059006779706573115,4.99381025390585,0.0007577193299777517,,-9.903258122892578e-05,-0.0126761703973025,0.00021599671442925402,0.027647579446944515,0.028927459875138454,0.007144402808067401,0.0005169208522610366,0.00047703619546504174,0.000509650462649125,0.03033830975546492,4.989607093439084,0.00047168088112547573,,,,,,,,,,2.4765327508011037,2.469053283088213,0.9975386856710766,0.0,1.0,2.4800544678128533,2.4645611512055368,0.9935502268552661,0.0,1.0,2.5003474378248858,2.4931239909838947,0.9976425430762403,0.0,1.0,2.5010912641832426,2.4884154017298,0.995054128673557,0.0,1.0,2.500347439678698,2.493123834585269,0.9976424779030838,0.0,1.0,2.501091270435021,2.4884151001024195,0.9950540032326037,0.0,1.0,2.5003474396801693,2.4931238345540234,0.9976424778897911,0.0,1.0,2.501091270441139,2.488415100043836,0.9950540032061435,0.0,1.0,,,,,325,0.9975386856710766,162,0.9935502268552661,323,0.9976425430762403,164,0.995054128673557,323,0.9976424779030838,164,0.9950540032326037,323,0.9976424778897911,164,0.9950540032061435
128,7,NN27_RAW,stationary_ellipse_curvature_process_E1_20260705T053942Z,stationary_ellipse,E1,ellipse,single_stationary_axis_aligned_ellipse,stationary,a=0.4472136; b=0.3577709; aspect_ratio=5:4; area_match=a*b≈0.16,area_matched_ellipse_stress_case_for_stationary_bubble_route,complete_raw_summary,true,,true,0.9999988624506867,99.99988624506867,78.38358707319173,78.38367623848882,201195,cfd_applications_cleanroom/results/raw/stationary_ellipse/stationary_ellipse_curvature_process_E1_20260705T053942Z/NN27_RAW_L7/summary.json,cfd_applications_cleanroom/results/raw/stationary_ellipse/stationary_ellipse_curvature_process_E1_20260705T053942Z/NN27_RAW_L7/surface_tension_trace.csv,cfd_applications_cleanroom/results/raw/stationary_ellipse/stationary_ellipse_curvature_process_E1_20260705T053942Z/NN27_RAW_L7/curvature_process.csv,true,,,1.3882006077380808e-05,0.002401305587286767,1.3882005885550238e-05,1.3882006350872087e-05,,,,,,,,,,,,,,,,,,,,,,,,,,,,,true,true,true,2c89a8abec308ad20caf3cd9a79cbf1c90e37fb9418edd2201780249668dad39,1be464300ae11f384e33ff662d08f14910472204748091c81b5258545c5ae6ac,e29ee91cfd59aa9dd794a2cb89fd19f40e54e33be431031c97042525459a4a55,,curvature-process,process_summary,complete,E1,NN,,false,0.4472136,0.3577709,5:4,,,,,,,,true,,,,,true,true,,,,,,,,,,,,,,,,,,,,,,,,,,,,,,,,,,,,,,,,,4,0;1;2;3,0.0,0.0,0.0,325,,-5.8433341506959045e-05,-0.007479467712890758,0.0005283069699706332,0.06762329215624105,0.5978753347225872,0.592435247551239,0.0014507740253722652,0.00104030627596498,0.0012925319574646386,0.06793218374312875,5.085938621309506,0.0010649229389581114,,-0.00012104153599465985,-0.015493316607316461,0.0002958770262409066,0.03787225935883604,0.596508505933383,0.595789981744799,0.0008682778250694405,0.0006908075060280439,0.0008397424673946371,0.04081050275569284,5.085331769298169,0.0006772308030807463,0.3333333333333333,26.127992221765723,0.3333346109242075,323,,-5.6021765570002396e-05,-0.007170785992960307,0.00045750806642001307,0.05856103250176167,0.05764008314400531,0.00933160628908686,0.0008941622985817153,0.0007424363905389144,0.0008290417850047846,0.058908381228057125,4.993707747694596,0.0007542623605922231,,-9.835817566592161e-05,-0.012589846485237966,0.00021732773173637303,0.02781794966225575,0.02921449881392012,0.007202266985916282,0.0005158146612495793,0.0004751975674736654,0.0005107559579278784,0.03045692091415983,4.98945364702429,0.00047503788073027,0.6666666666666666,52.25598444351408,0.6666692218481935,323,,-5.6023655440747645e-05,-0.007171027896415699,0.0004575074170253198,0.05856094937924093,0.05764008949626465,0.00933292291940698,0.0008941587076902006,0.0007424309536766291,0.0008290582756068841,0.058908328298389774,4.993707538318792,0.0007542633807925834,,-9.836164629776928e-05,-0.012590290726114468,0.00021732546014264768,0.027817658898258903,0.029214463069035343,0.007203945053031707,0.0005158224630118745,0.00047519891203315513,0.0005107453085509372,0.03045684060149573,4.989453221371589,0.00047503982313611197,1.0,78.38397666526244,1.0000038327721796,323,,-5.602365567963972e-05,-0.007171027926993884,0.00045750741700211124,0.05856094937627024,0.057640089504104756,0.009332923060264179,0.0008941587048579315,0.0007424309511380278,0.0008290582797927295,0.058908328299168075,4.9937075382921785,0.0007542633814616935,,-9.836164674944526e-05,-0.012590290783928993,0.00021732545970468562,0.02781765884219976,0.029214463044212966,0.007203945257703976,0.0005158224651270783,0.0004751989135362923,0.000510745307157697,0.030456840574505938,4.989453221320433,0.00047503982366151076,,,,,,,,,,2.4765327508011037,2.469053283088213,0.9975386856710766,0.0,1.0,2.4800544678128533,2.4645611512055368,0.9935502268552661,0.0,1.0,2.5002700968420637,2.4930993108491037,0.9976619151007246,0.0,1.0,2.5009701093836068,2.488380262898369,0.9950902986522809,0.0,1.0,2.5002701100867126,2.493099082190297,0.9976618155954353,0.0,1.0,2.5009701156678394,2.488379824941725,0.9950901176408051,0.0,1.0,2.5002701100883242,2.49309908216133,0.9976618155830266,0.0,1.0,2.5009701156708637,2.488379824886935,0.99509011761709,0.0,1.0,,,,,325,0.9975386856710766,162,0.9935502268552661,323,0.9976619151007246,164,0.9950902986522809,323,0.9976618155954353,164,0.9950901176408051,323,0.9976618155830266,164,0.99509011761709
128,7,NN27_D4,stationary_ellipse_curvature_process_E1_20260705T180408Z,stationary_ellipse,E1,ellipse,single_stationary_axis_aligned_ellipse,stationary,a=0.4472136; b=0.3577709; aspect_ratio=5:4; area_match=a*b≈0.16,area_matched_ellipse_stress_case_for_stationary_bubble_route,complete_raw_summary,true,,true,0.9999988624506867,99.99988624506867,78.38358707319173,78.38367623848882,201195,cfd_applications_cleanroom/results/raw/stationary_ellipse/stationary_ellipse_curvature_process_E1_20260705T180408Z/NN27_D4_L7/summary.json,cfd_applications_cleanroom/results/raw/stationary_ellipse/stationary_ellipse_curvature_process_E1_20260705T180408Z/NN27_D4_L7/surface_tension_trace.csv,cfd_applications_cleanroom/results/raw/stationary_ellipse/stationary_ellipse_curvature_process_E1_20260705T180408Z/NN27_D4_L7/curvature_process.csv,true,,,1.273693601477074e-05,0.00240118893374823,1.2736936210605435e-05,1.2736937392310034e-05,,,,,,,,,,,,,,,,,,,,,,,,,,,,,true,true,true,2c89a8abec308ad20caf3cd9a79cbf1c90e37fb9418edd2201780249668dad39,ca4ed43ec9850c918c1b7daa0b23f4eb9903a4d38ee79322d1664dfa19a55d24,8a4d451e9757ab775c4419188dee9ea2d66cdbb78f2bd5d9f9089ac85f374540,,curvature-process,process_summary,complete,E1,NND4,,true,0.4472136,0.3577709,5:4,,,,,,,,true,,,,,true,true,,,,,,,,,,,,,,,,,,,,,,,,,,,,,,,,,,,,,,,,,4,0;1;2;3,0.0,0.0,0.0,325,,9.733201908244788e-07,0.0001245849844255333,0.0005118315369706992,0.06551443673224949,0.5978753347225872,0.5910274313598782,0.001408865667119695,0.0009433153098196354,0.0012285666304863321,0.06541368628029301,5.093034501785155,0.0010095114759969455,,-5.938364069826977e-05,-0.007601106009378531,0.0002983797558024155,0.03819260874270918,0.596508505933383,0.5922787580648576,0.0008270691671231518,0.0006747595899437716,0.0008024879582415371,0.03882586774606204,5.092189462326349,0.0006690593141498895,0.3333333333333333,26.127992221765723,0.3333346109242075,323,,-5.761264425865646e-06,-0.0007374418465108027,0.00043949740269272266,0.0562556675446685,0.057626029272165175,0.00773260190801257,0.0007928406589312945,0.0007128978994703319,0.0007541820043457314,0.05617335772544369,5.000213461831814,0.0007115143160683137,,-4.33709523935535e-05,-0.005551481906374848,0.00021498686990561701,0.027518319347918978,0.029190214079223484,0.0043885313977339805,0.00046140365189666077,0.0004263604179629354,0.0004436677880120581,0.027990345208177923,4.996528493614036,0.00041590127793092826,0.6666666666666666,52.25598444351408,0.6666692218481935,323,,-5.76127968536183e-06,-0.0007374437997263142,0.0004394974884522503,0.056255678521888036,0.057626038957741085,0.007732593933051986,0.0007928119353812837,0.0007129660630816616,0.0007541858817309512,0.056173368710354735,5.000213461708945,0.0007115146063710897,,-4.337098017743809e-05,-0.005551485462712075,0.00021498680670594187,0.02751831125836056,0.029190198977789576,0.004388523813697149,0.00046140401138522816,0.00042635996797373547,0.00044366844119844847,0.027990338008884334,4.996528498696397,0.0004159013780598334,1.0,78.38397666526244,1.0000038327721796,323,,-5.761279689511933e-06,-0.0007374438002575274,0.0004394974885136533,0.056255678529747624,0.05762603896345869,0.007732593926252822,0.000792811917762537,0.0007129660599574274,0.0007541858833788461,0.056173368718208445,5.0002134617095955,0.0007115146066348051,,-4.337098019979961e-05,-0.00555148546557435,0.00021498680662032993,0.02751831124740223,0.029190198960509034,0.00438852380637421,0.0004614040118524933,0.0004263599695754136,0.00044366844151198917,0.02799033799874419,4.996528498701558,0.00041590137822885957,,,,,,,,,,2.4765327508011037,2.476657335785529,1.0008814938999753,0.0,1.0,2.4800544678128533,2.472453361803475,0.997235486540651,0.0,1.0,2.500296189552634,2.499558747706123,1.0002172692278817,0.0,1.0,2.50099098379695,2.495439501890575,0.9979061366692611,0.0,1.0,2.5002961904303764,2.49955874663065,1.0002172686408521,0.0,1.0,2.5009909881885157,2.495439502725804,0.9979061351475413,0.0,1.0,2.500296190430956,2.4995587466306985,1.0002172686407675,0.0,1.0,2.5009909881926045,2.49543950272703,0.9979061351462732,0.0,1.0,,,,,325,1.0008814938999753,162,0.997235486540651,323,1.0002172692278817,164,0.9979061366692611,323,1.0002172686408521,164,0.9979061351475413,323,1.0002172686407675,164,0.9979061351462732
256,8,NN_DISABLE,stationary_ellipse_curvature_process_E1_20260705T181444Z,stationary_ellipse,E1,ellipse,single_stationary_axis_aligned_ellipse,stationary,a=0.4472136; b=0.3577709; aspect_ratio=5:4; area_match=a*b≈0.16,area_matched_ellipse_stress_case_for_stationary_bubble_route,partial_trace_no_summary,false,,,0.26210620588191313,26.210620588191315,20.544847981946571,,149156,,cfd_applications_cleanroom/results/raw/stationary_ellipse/stationary_ellipse_curvature_process_E1_20260705T181444Z/NN_DISABLE_L8/surface_tension_trace.csv,,,,,6.3487696789682226e-06,,,,,,,,,,,,,,,,,,,,,,,,,,,,,,,,,,,,,,,curvature-process,partial_trace,partial_trace_no_summary,E1,native,,false,0.4472136,0.3577709,5:4,,,,,,,,true,,,,,,true,,,,,,,,,,,,,,,,,,,,,,,,,,,,,,,,,,,,,,,,,,,,,,,,,,,,,,,,,,,,,,,,,,,,,,,,,,,,,,,,,,,,,,,,,,,,,,,,,,,,,,,,,,,,,,,,,,,,,,,,,,,,,,,,,,,,,,,,,,,,,,,,,,,,,,,,,,,,,,,,,,,149155,20.544847981946571,0.00013774159754583902,0.26210620588191313,6.3487696789682226e-06,0.8743416967007267,2.5644878782273248,1.2187044604705655e-05,,,,,,,,,,,,,,,,,,,,,,,,,,,,,,,,,,,,,,,,,,,,,,,,,,,,,,,,,,,,,
256,8,NN_PROBE_ONLY,stationary_ellipse_curvature_process_E1_20260705T181441Z,stationary_ellipse,E1,ellipse,single_stationary_axis_aligned_ellipse,stationary,a=0.4472136; b=0.3577709; aspect_ratio=5:4; area_match=a*b≈0.16,area_matched_ellipse_stress_case_for_stationary_bubble_route,partial_trace_no_summary,false,,,0.26275815454190737,26.275815454190738,20.595950114635677,,149527,,cfd_applications_cleanroom/results/raw/stationary_ellipse/stationary_ellipse_curvature_process_E1_20260705T181441Z/NN_PROBE_ONLY_L8/surface_tension_trace.csv,,,,,6.3421501982413773e-06,,,,,,,,,,,,,,,,,,,,,,,,,,,,,,,,,,,,,,,curvature-process,partial_trace,partial_trace_no_summary,E1,probe_only,,false,0.4472136,0.3577709,5:4,,,,,,,,true,,,,,,true,,,,,,,,,,,,,,,,,,,,,,,,,,,,,,,,,,,,,,,,,,,,,,,,,,,,,,,,,,,,,,,,,,,,,,,,,,,,,,,,,,,,,,,,,,,,,,,,,,,,,,,,,,,,,,,,,,,,,,,,,,,,,,,,,,,,,,,,,,,,,,,,,,,,,,,,,,,,,,,,,,,149526,20.595950114635677,0.00013774159754583902,0.26275815454190737,6.3421501982413773e-06,0.87434169622353752,2.5643926334734108,5.2818924078934515e-06,,,,,,,,,,,,,,,,,,,,,,,,,,,,,,,,,,,,,,,,,,,,,,,,,,,,,,,,,,,,,
256,8,NN27_RAW,stationary_ellipse_curvature_process_E1_20260705T181445Z,stationary_ellipse,E1,ellipse,single_stationary_axis_aligned_ellipse,stationary,a=0.4472136; b=0.3577709; aspect_ratio=5:4; area_match=a*b≈0.16,area_matched_ellipse_stress_case_for_stationary_bubble_route,partial_trace_no_summary,false,,,0.24871050605674816,24.871050605674817,19.494843783862862,,141533,,cfd_applications_cleanroom/results/raw/stationary_ellipse/stationary_ellipse_curvature_process_E1_20260705T181445Z/NN27_RAW_L8/surface_tension_trace.csv,,,,,8.2358031755827012e-06,,,,,,,,,,,,,,,,,,,,,,,,,,,,,,,,,,,,,,,curvature-process,partial_trace,partial_trace_no_summary,E1,NN,,false,0.4472136,0.3577709,5:4,,,,,,,,true,,,,,,true,,,,,,,,,,,,,,,,,,,,,,,,,,,,,,,,,,,,,,,,,,,,,,,,,,,,,,,,,,,,,,,,,,,,,,,,,,,,,,,,,,,,,,,,,,,,,,,,,,,,,,,,,,,,,,,,,,,,,,,,,,,,,,,,,,,,,,,,,,,,,,,,,,,,,,,,,,,,,,,,,,,141532,19.494843783862862,0.00013774159754583902,0.24871050605674816,8.2358031755827012e-06,0.87434167899660786,2.5658685902706972,1.3424205597634131e-05,,,,,,,,,,,,,,,,,,,,,,,,,,,,,,,,,,,,,,,,,,,,,,,,,,,,,,,,,,,,,
256,8,NN27_D4,stationary_ellipse_curvature_process_E1_20260705T181444Z,stationary_ellipse,E1,ellipse,single_stationary_axis_aligned_ellipse,stationary,a=0.4472136; b=0.3577709; aspect_ratio=5:4; area_match=a*b≈0.16,area_matched_ellipse_stress_case_for_stationary_bubble_route,partial_trace_no_summary,false,,,0.05872106852432063,5.872106852432063,4.6027732235884651,,33417,,cfd_applications_cleanroom/results/raw/stationary_ellipse/stationary_ellipse_curvature_process_E1_20260705T181444Z/NN27_D4_L8/surface_tension_trace.csv,,,,,0.00021480074414694395,,,,,,,,,,,,,,,,,,,,,,,,,,,,,,,,,,,,,,,curvature-process,partial_trace,partial_trace_no_summary,E1,NND4,,true,0.4472136,0.3577709,5:4,,,,,,,,true,,,,,,true,,,,,,,,,,,,,,,,,,,,,,,,,,,,,,,,,,,,,,,,,,,,,,,,,,,,,,,,,,,,,,,,,,,,,,,,,,,,,,,,,,,,,,,,,,,,,,,,,,,,,,,,,,,,,,,,,,,,,,,,,,,,,,,,,,,,,,,,,,,,,,,,,,,,,,,,,,,,,,,,,,,33416,4.6027732235884651,0.00013774159754583902,0.05872106852432063,0.00021480074414694395,0.87434174894771821,2.6042616740046447,0.00090525618234582605,,,,,,,,,,,,,,,,,,,,,,,,,,,,,,,,,,,,,,,,,,,,,,,,,,,,,,,,,,,,,
64,6,NN_DISABLE,stationary_ellipse_curvature_process_E2_20260705T053942Z,stationary_ellipse,E2,ellipse,single_stationary_axis_aligned_ellipse,stationary,a=0.4898979; b=0.3265986; aspect_ratio=3:2; area_match=a*b≈0.16,area_matched_ellipse_stress_case_for_stationary_bubble_route,complete_raw_summary,true,,true,0.9999875282372108,99.99875282372108,78.38268253305394,78.38366011546945,71133,cfd_applications_cleanroom/results/raw/stationary_ellipse/stationary_ellipse_curvature_process_E2_20260705T053942Z/NN_DISABLE_L6/summary.json,cfd_applications_cleanroom/results/raw/stationary_ellipse/stationary_ellipse_curvature_process_E2_20260705T053942Z/NN_DISABLE_L6/surface_tension_trace.csv,cfd_applications_cleanroom/results/raw/stationary_ellipse/stationary_ellipse_curvature_process_E2_20260705T053942Z/NN_DISABLE_L6/curvature_process.csv,true,,,2.5024552534877077e-05,0.004656353495164559,2.5024553615679317e-05,2.5024557298669797e-05,,,,,,,,,,,,,,,,,,,,,,,,,,,,,true,true,true,2c89a8abec308ad20caf3cd9a79cbf1c90e37fb9418edd2201780249668dad39,4d50c44d7e768973e5fdf335a40b1f8e26411a5dfc6800015f1c8776236cc3d5,7d5f89e088d9ac2bb2f344a9b5ab634d52b280d55b242ffd28af675877aa6a2e,,curvature-process,process_summary,complete,E2,native,,false,0.4898979,0.3265986,3:2,,,,,,,,true,,,,,true,true,,,,,,,,,,,,,,,,,,,,,,,,,,,,,,,,,,,,,,,,,4,0;1;2;3,0.0,0.0,0.0,169,,-0.00022532429318537772,-0.014420754763864174,0.0023420251130008064,0.1498896072320516,1.0917526504878277,1.0667021303295385,0.00837536368257509,0.005077380643832367,0.00809154901661633,0.15013964273584512,5.297518718732094,0.005739612293854669,,-0.00019138675892241836,-0.012248752571034775,0.001332331045723897,0.08526918692632941,1.088680198613722,1.076676043763366,0.004661715215296819,0.003552042975867059,0.004093111703009663,0.08562185931732688,5.28796707051117,0.0032685938135205675,0.3333333333333333,26.12792815526356,0.33333386214389177,159,,-0.00022432064535672102,-0.014356521302830145,0.001548837371346407,0.09912559176617004,0.11308501405070909,0.021847011554493253,0.003178649428693725,0.0027164105442337074,0.00293770876189196,0.09985086199418229,4.985283035595238,0.0027587791211915146,,-0.00011924970939421768,-0.007631981401229932,0.0008859367429085558,0.05669995154614757,0.057969386328704506,0.006200173252828011,0.0017293758883057606,0.0015859816573426516,0.0017223624604284526,0.056858997433365886,4.993597610617541,0.0015912879187676872,0.6666666666666666,52.25585631050256,0.6666677242874701,159,,-0.0002243199496406733,-0.014356476777003092,0.0015488365259580192,0.09912553766131323,0.1130849989247877,0.021847382888336857,0.0031787093218907728,0.0027163769675933444,0.002937705049644767,0.09985080221822755,4.985283090090289,0.0027587789429855294,,-0.00011924928552179683,-0.0076319542733949974,0.00088593508745357,0.05669984559702848,0.05796934780330967,0.006201683546861488,0.0017293196619650314,0.0015859883475533812,0.001722406971247104,0.0568588894599954,4.993597671062786,0.001591276548428634,1.0,78.38378446583431,1.0000015864322318,159,,-0.00022431994942725668,-0.014356476763344428,0.0015488365255788927,0.09912553763704914,0.11308499890736272,0.021847382970949233,0.0031787093817803105,0.0027163769613578297,0.002937705034377822,0.09985080219232735,4.98528309009869,0.0027587789427350406,,-0.0001192492856829981,-0.0076319542837118785,0.0008859350867054321,0.05669984554914766,0.057969347753950566,0.006201683904223361,0.0017293196456980367,0.0015859883567962674,0.0017224069833668334,0.056858889414230146,4.993597671100449,0.0015912765441432027,,,,,,,,,,2.428679729288396,2.414258974524532,0.9968833848562068,0.0,1.0,2.421634304488425,2.4093855519173903,0.9957024019193431,0.0,1.0,2.4989871852625827,2.4846306639597526,0.9959914907006725,0.0,1.0,2.500437657258863,2.492805675857633,0.9974614760713012,0.0,1.0,2.4989871884450556,2.4846307116680526,0.9959915059030164,0.0,1.0,2.500437671915226,2.4928057176418306,0.9974614840503004,0.0,1.0,2.4989871884422215,2.484630711678877,0.9959915059073636,0.0,1.0,2.5004376719390766,2.4928057176553646,0.9974614840448799,0.0,1.0,,,,,169,0.9968833848562068,81,0.9957024019193431,159,0.9959914907006725,80,0.9974614760713012,159,0.9959915059030164,80,0.9974614840503004,159,0.9959915059073636,80,0.9974614840448799
64,6,NN_PROBE_ONLY,stationary_ellipse_curvature_process_E2_20260705T053942Z,stationary_ellipse,E2,ellipse,single_stationary_axis_aligned_ellipse,stationary,a=0.4898979; b=0.3265986; aspect_ratio=3:2; area_match=a*b≈0.16,area_matched_ellipse_stress_case_for_stationary_bubble_route,complete_raw_summary,true,,true,0.9999875282372108,99.99875282372108,78.38268253305394,78.38366011546945,71133,cfd_applications_cleanroom/results/raw/stationary_ellipse/stationary_ellipse_curvature_process_E2_20260705T053942Z/NN_PROBE_ONLY_L6/summary.json,cfd_applications_cleanroom/results/raw/stationary_ellipse/stationary_ellipse_curvature_process_E2_20260705T053942Z/NN_PROBE_ONLY_L6/surface_tension_trace.csv,cfd_applications_cleanroom/results/raw/stationary_ellipse/stationary_ellipse_curvature_process_E2_20260705T053942Z/NN_PROBE_ONLY_L6/curvature_process.csv,true,,,2.5024552534877077e-05,0.004656353495164559,2.5024553615679317e-05,2.5024557298669797e-05,,,,,,,,,,,,,,,,,,,,,,,,,,,,,true,true,true,2c89a8abec308ad20caf3cd9a79cbf1c90e37fb9418edd2201780249668dad39,4d50c44d7e768973e5fdf335a40b1f8e26411a5dfc6800015f1c8776236cc3d5,3077b36cf2e3614189c9141037902a6b3c0b4d2ac2ea3f7b36f6857bc298145f,,curvature-process,process_summary,complete,E2,probe_only,,false,0.4898979,0.3265986,3:2,,,,,,,,true,,,,,true,true,,,,,,,,,,,,,,,,,,,,,,,,,,,,,,,,,,,,,,,,,4,0;1;2;3,0.0,0.0,0.0,169,,-0.00022532429318537772,-0.014420754763864174,0.0023420251130008064,0.1498896072320516,1.0917526504878277,1.0667021303295385,0.00837536368257509,0.005077380643832367,0.00809154901661633,0.15013964273584512,5.297518718732094,0.005739612293854669,,-0.00019138675892241836,-0.012248752571034775,0.001332331045723897,0.08526918692632941,1.088680198613722,1.076676043763366,0.004661715215296819,0.003552042975867059,0.004093111703009663,0.08562185931732688,5.28796707051117,0.0032685938135205675,0.3333333333333333,26.12792815526356,0.33333386214389177,159,,-0.00022432064535672102,-0.014356521302830145,0.001548837371346407,0.09912559176617004,0.11308501405070909,0.021847011554493253,0.003178649428693725,0.0027164105442337074,0.00293770876189196,0.09985086199418229,4.985283035595238,0.0027587791211915146,,-0.00011924970939421768,-0.007631981401229932,0.0008859367429085558,0.05669995154614757,0.057969386328704506,0.006200173252828011,0.0017293758883057606,0.0015859816573426516,0.0017223624604284526,0.056858997433365886,4.993597610617541,0.0015912879187676872,0.6666666666666666,52.25585631050256,0.6666677242874701,159,,-0.0002243199496406733,-0.014356476777003092,0.0015488365259580192,0.09912553766131323,0.1130849989247877,0.021847382888336857,0.0031787093218907728,0.0027163769675933444,0.002937705049644767,0.09985080221822755,4.985283090090289,0.0027587789429855294,,-0.00011924928552179683,-0.0076319542733949974,0.00088593508745357,0.05669984559702848,0.05796934780330967,0.006201683546861488,0.0017293196619650314,0.0015859883475533812,0.001722406971247104,0.0568588894599954,4.993597671062786,0.001591276548428634,1.0,78.38378446583431,1.0000015864322318,159,,-0.00022431994942725668,-0.014356476763344428,0.0015488365255788927,0.09912553763704914,0.11308499890736272,0.021847382970949233,0.0031787093817803105,0.0027163769613578297,0.002937705034377822,0.09985080219232735,4.98528309009869,0.0027587789427350406,,-0.0001192492856829981,-0.0076319542837118785,0.0008859350867054321,0.05669984554914766,0.057969347753950566,0.006201683904223361,0.0017293196456980367,0.0015859883567962674,0.0017224069833668334,0.056858889414230146,4.993597671100449,0.0015912765441432027,,,,,,,,,,2.428679729288396,2.414258974524532,0.9968833848562068,0.0,1.0,2.421634304488425,2.4093855519173903,0.9957024019193431,0.0,1.0,2.4989871852625827,2.4846306639597526,0.9959914907006725,0.0,1.0,2.500437657258863,2.492805675857633,0.9974614760713012,0.0,1.0,2.4989871884450556,2.4846307116680526,0.9959915059030164,0.0,1.0,2.500437671915226,2.4928057176418306,0.9974614840503004,0.0,1.0,2.4989871884422215,2.484630711678877,0.9959915059073636,0.0,1.0,2.5004376719390766,2.4928057176553646,0.9974614840448799,0.0,1.0,,,,,169,0.9968833848562068,81,0.9957024019193431,159,0.9959914907006725,80,0.9974614760713012,159,0.9959915059030164,80,0.9974614840503004,159,0.9959915059073636,80,0.9974614840448799
64,6,NN27_RAW,stationary_ellipse_curvature_process_E2_20260705T053942Z,stationary_ellipse,E2,ellipse,single_stationary_axis_aligned_ellipse,stationary,a=0.4898979; b=0.3265986; aspect_ratio=3:2; area_match=a*b≈0.16,area_matched_ellipse_stress_case_for_stationary_bubble_route,complete_raw_summary,true,,true,0.9999875282372108,99.99875282372108,78.38268253305394,78.38366011546945,71133,cfd_applications_cleanroom/results/raw/stationary_ellipse/stationary_ellipse_curvature_process_E2_20260705T053942Z/NN27_RAW_L6/summary.json,cfd_applications_cleanroom/results/raw/stationary_ellipse/stationary_ellipse_curvature_process_E2_20260705T053942Z/NN27_RAW_L6/surface_tension_trace.csv,cfd_applications_cleanroom/results/raw/stationary_ellipse/stationary_ellipse_curvature_process_E2_20260705T053942Z/NN27_RAW_L6/curvature_process.csv,true,,,3.332256077360676e-05,0.004654766205745897,3.332255894129478e-05,3.3322560773663356e-05,,,,,,,,,,,,,,,,,,,,,,,,,,,,,true,true,true,2c89a8abec308ad20caf3cd9a79cbf1c90e37fb9418edd2201780249668dad39,4d50c44d7e768973e5fdf335a40b1f8e26411a5dfc6800015f1c8776236cc3d5,9d23142b5dac41cb842c89503b5f18de884947bb032dc0510a1e0397e995f596,,curvature-process,process_summary,complete,E2,NN,,false,0.4898979,0.3265986,3:2,,,,,,,,true,,,,,true,true,,,,,,,,,,,,,,,,,,,,,,,,,,,,,,,,,,,,,,,,,4,0;1;2;3,0.0,0.0,0.0,169,,-0.00022532429318537772,-0.014420754763864174,0.0023420251130008064,0.1498896072320516,1.0917526504878277,1.0667021303295385,0.00837536368257509,0.005077380643832367,0.00809154901661633,0.15013964273584512,5.297518718732094,0.005739612293854669,,-0.00019138675892241836,-0.012248752571034775,0.001332331045723897,0.08526918692632941,1.088680198613722,1.076676043763366,0.004661715215296819,0.003552042975867059,0.004093111703009663,0.08562185931732688,5.28796707051117,0.0032685938135205675,0.3333333333333333,26.12792815526356,0.33333386214389177,159,,-0.00022144173598912,-0.01417227110330368,0.0015479698524913277,0.09907007055944497,0.11313542113951747,0.021993463278683408,0.00315080634031311,0.0027064578901851827,0.0029218139534864995,0.09976975168299965,4.984928221009183,0.0027340096826483497,,-0.00012187556030164416,-0.007800035859305226,0.0008874155574306025,0.05679459567555856,0.058188954743627806,0.006161822845710204,0.0017231369393737803,0.0015688464356633314,0.0017182999018175442,0.05697496231795371,4.993771653269087,0.0015962164020209817,0.6666666666666666,52.25585631050256,0.6666677242874701,159,,-0.00022144149246544333,-0.014172255517788373,0.0015479689753601555,0.09907001442304995,0.11313541990839851,0.021993802936469364,0.0031508513094058235,0.002706455930299377,0.002921805845746716,0.09976969407695123,4.984928260924614,0.0027340097258242795,,-0.00012187550839930011,-0.007800032537555207,0.0008874143302338589,0.05679451713496697,0.05818898900300671,0.006163300144090716,0.0017230864681462288,0.0015688431520697965,0.0017183401925649287,0.05697488454989225,4.993771629820394,0.0015962036663264376,1.0,78.38378446583431,1.0000015864322318,159,,-0.00022144149243926938,-0.01417225551611324,0.0015479689751375849,0.09907001440880543,0.11313541992109871,0.02199380302206156,0.003150851349644719,0.0027064559320319932,0.002921805830746255,0.0997696940626576,4.9849282609417465,0.0027340097253811336,,-0.00012187550829620246,-0.007800032530956957,0.0008874143304421939,0.05679451714830041,0.05818898905790236,0.00616330051004174,0.0017230864525857453,0.0015688431466078247,0.0017183402044851717,0.05697488456211402,4.993771629802496,0.001596203657963419,,,,,,,,,,2.428679729288396,2.414258974524532,0.9968833848562068,0.0,1.0,2.421634304488425,2.4093855519173903,0.9957024019193431,0.0,1.0,2.4987152679064417,2.4845429968031385,0.9960648282402789,0.0,1.0,2.5006067680205892,2.492806732161284,0.9973972668784625,0.0,1.0,2.4987152780617072,2.4845430225439187,0.9960648322691367,0.0,1.0,2.5006067519988147,2.4928067194612593,0.9973972663418277,0.0,1.0,2.498715278068636,2.484543022552523,0.996064832269498,0.0,1.0,2.500606751985563,2.492806719454606,0.9973972663447416,0.0,1.0,,,,,169,0.9968833848562068,81,0.9957024019193431,159,0.9960648282402789,80,0.9973972668784625,159,0.9960648322691367,80,0.9973972663418277,159,0.996064832269498,80,0.9973972663447416
64,6,NN27_D4,stationary_ellipse_curvature_process_E2_20260705T181318Z,stationary_ellipse,E2,ellipse,single_stationary_axis_aligned_ellipse,stationary,a=0.4898979; b=0.3265986; aspect_ratio=3:2; area_match=a*b≈0.16,area_matched_ellipse_stress_case_for_stationary_bubble_route,complete_raw_summary,true,,true,0.9999875282372108,99.99875282372108,78.38268253305394,78.38366011546945,71133,cfd_applications_cleanroom/results/raw/stationary_ellipse/stationary_ellipse_curvature_process_E2_20260705T181318Z/NN27_D4_L6/summary.json,cfd_applications_cleanroom/results/raw/stationary_ellipse/stationary_ellipse_curvature_process_E2_20260705T181318Z/NN27_D4_L6/surface_tension_trace.csv,cfd_applications_cleanroom/results/raw/stationary_ellipse/stationary_ellipse_curvature_process_E2_20260705T181318Z/NN27_D4_L6/curvature_process.csv,true,,,3.3330612073779065e-05,0.004654845638591471,3.333061307425985e-05,3.3330617557574497e-05,,,,,,,,,,,,,,,,,,,,,,,,,,,,,true,true,true,2c89a8abec308ad20caf3cd9a79cbf1c90e37fb9418edd2201780249668dad39,a7bca10f16362c633e3ecc620f49c956b8fdf6cf9696dfde02ac70888f27626c,993002bd22403535d635c93841584d8ce00541e5091f6bf90603fc545c904a4b,,curvature-process,process_summary,complete,E2,NND4,,true,0.4898979,0.3265986,3:2,,,,,,,,true,,,,,true,true,,,,,,,,,,,,,,,,,,,,,,,,,,,,,,,,,,,,,,,,,4,0;1;2;3,0.0,0.0,0.0,169,,-0.00014247458617062464,-0.009118373514919977,0.0023575038552945816,0.15088024673885322,1.0917526504878277,1.064891062692968,0.00881454511999566,0.005073044571182817,0.008255517815591237,0.15070929083459428,5.301614799367487,0.0058022978324914175,,-0.0001174175732864399,-0.007514724690332154,0.0013492734166042541,0.08635349866267227,1.088680198613722,1.0752601461190767,0.004666350306239506,0.0035197483012713165,0.004090152636506915,0.08614718216292751,5.291706351454532,0.003278116417964166,0.3333333333333333,26.12792815526356,0.33333386214389177,159,,-0.00012491467818383738,-0.007994539403765592,0.001507345858253286,0.0964701349282103,0.11314696604737202,0.023167271005557107,0.002778383698972431,0.002461596864175202,0.0026493204633072486,0.09649802189157325,4.991164922906714,0.002502229404403105,,-5.577384278508688e-05,-0.0035695259382455603,0.0008910422364775786,0.05702670313456503,0.05820417184865266,0.004658614309304084,0.0016762992625405024,0.0014406259351878534,0.0016762087070008843,0.0567814743110959,4.998072095117705,0.0015241584834031624,0.6666666666666666,52.25585631050256,0.6666677242874701,159,,-0.00012491469107988573,-0.007994540229112687,0.0015073458344235524,0.09647013340310735,0.11314695535865887,0.0231672574418682,0.002778340917771363,0.002461539856972126,0.00264933484771639,0.09649802044487736,4.991164923771233,0.002502229736289397,,-5.577387043622156e-05,-0.0035695277079181797,0.0008910418798821712,0.05702668031245896,0.05820413312145486,0.004658575449655409,0.001676242023434353,0.0014406227381514706,0.0016762419868554465,0.05678145178818297,4.998072100927446,0.001524151736140551,1.0,78.38378446583431,1.0000015864322318,159,,-0.00012491469105096567,-0.007994540227261803,0.0015073458343945543,0.09647013340125148,0.11314695534777092,0.023167257429267393,0.0027783409193207417,0.002461539784036687,0.002649334845426446,0.09649802044288036,4.9911649237650275,0.0025022297364057206,,-5.577387055183567e-05,-0.003569527715317483,0.0008910418794521339,0.05702668028493657,0.058204133076645376,0.004658575405586401,0.001676242006494598,0.0014406227287313278,0.001676241996577563,0.056781451761352394,4.998072100940451,0.0015241517377507022,,,,,,,,,,2.428679729288396,2.4195613557734763,0.9996476850193835,0.0,1.0,2.421634304488425,2.414119579798093,0.998229469400899,0.0,1.0,2.4987149447164247,2.4907204053126595,0.998499245088887,0.0,1.0,2.500644625056019,2.4970750991177733,0.9990935804489087,0.0,1.0,2.498714945850307,2.4907204056211945,0.9984992445582269,0.0,1.0,2.5006446291985056,2.4970751014905876,0.9990935791820672,0.0,1.0,2.4987149458465634,2.4907204056193017,0.9984992445587568,0.0,1.0,2.5006446292091096,2.497075101493792,0.9990935791784482,0.0,1.0,,,,,169,0.9996476850193835,81,0.998229469400899,159,0.998499245088887,80,0.9990935804489087,159,0.9984992445582269,80,0.9990935791820672,159,0.9984992445587568,80,0.9990935791784482
128,7,NN_DISABLE,stationary_ellipse_curvature_process_E2_20260705T053942Z,stationary_ellipse,E2,ellipse,single_stationary_axis_aligned_ellipse,stationary,a=0.4898979; b=0.3265986; aspect_ratio=3:2; area_match=a*b≈0.16,area_matched_ellipse_stress_case_for_stationary_bubble_route,complete_raw_summary,true,,true,0.99999906814408,99.999906814408,78.38358707319173,78.38366011546945,201195,cfd_applications_cleanroom/results/raw/stationary_ellipse/stationary_ellipse_curvature_process_E2_20260705T053942Z/NN_DISABLE_L7/summary.json,cfd_applications_cleanroom/results/raw/stationary_ellipse/stationary_ellipse_curvature_process_E2_20260705T053942Z/NN_DISABLE_L7/surface_tension_trace.csv,cfd_applications_cleanroom/results/raw/stationary_ellipse/stationary_ellipse_curvature_process_E2_20260705T053942Z/NN_DISABLE_L7/curvature_process.csv,true,,,1.0520536163251034e-05,0.004610649870900144,1.052053668282348e-05,1.0520539010072601e-05,,,,,,,,,,,,,,,,,,,,,,,,,,,,,true,true,true,2c89a8abec308ad20caf3cd9a79cbf1c90e37fb9418edd2201780249668dad39,4d50c44d7e768973e5fdf335a40b1f8e26411a5dfc6800015f1c8776236cc3d5,41863982606420977ee3d76bfe4b4be576b4e361049015cb89ebb651065168ce,,curvature-process,process_summary,complete,E2,native,,false,0.4898979,0.3265986,3:2,,,,,,,,true,,,,,true,true,,,,,,,,,,,,,,,,,,,,,,,,,,,,,,,,,,,,,,,,,4,0;1;2;3,0.0,0.0,0.0,335,,-6.66557127233736e-05,-0.00853193122859182,0.0006381051133403224,0.08167745450756127,1.0702543360995331,1.06297915901248,0.002224226928605119,0.0013980579558774103,0.002019077962406798,0.08200052668030273,5.264055713513752,0.001518725879950616,,-0.00013283527423153864,-0.017002915101636946,0.00034644507892829003,0.044344970102821124,1.064940594610751,1.0629181983758533,0.0013785952233045448,0.0008535741986852583,0.0011683480810008831,0.04736950790186784,5.231874063938366,0.0008865375222976467,0.3333333333333333,26.127992221765723,0.3333346794890128,323,,-5.642782061836964e-05,-0.0072227610391513136,0.0004582345526843151,0.058654022743592334,0.05772204181319625,0.009288153300399907,0.0008980238887828888,0.0007387849862771446,0.0008334357380231079,0.05900687752143961,4.9938111874765045,0.0007577172908393575,,-9.902448648335591e-05,-0.012675134269869557,0.00021599919572094596,0.027647897052281083,0.028927332236626944,0.00714264187419691,0.0005169123442929913,0.0004770319114769138,0.0005096412833500993,0.03033816452405329,4.989608515128204,0.00047167890800823875,0.6666666666666666,52.25598444351408,0.6666693589778041,323,,-5.6429830311572235e-05,-0.007223018279881246,0.0004582338639418985,0.05865393458456301,0.05772206414748786,0.009289626915660452,0.000898015096587608,0.0007387916511844498,0.0008334540989491885,0.05900682164915478,4.993810947635248,0.0007577199556701268,,-9.902840151657338e-05,-0.012675635394121393,0.00021599649729473305,0.02764755165372583,0.028927280114671678,0.007144546229687518,0.0005169126333471434,0.0004770317549138714,0.000509656439124704,0.030338061046530883,4.989608052781646,0.00047167952838774287,1.0,78.38397666526244,1.0000040384665954,323,,-5.64298308387611e-05,-0.007223018347361421,0.00045823386390316423,0.05865393457960502,0.05772206416730304,0.009289627274877527,0.0008980150874361194,0.0007387916561002849,0.0008334541037274565,0.05900682165250195,4.993810947575349,0.0007577199576999575,,-9.902840256241907e-05,-0.012675635527989641,0.00021599649643543753,0.027647551543736004,0.02892728007240592,0.007144546714028319,0.000516912634288047,0.00047703175450909436,0.0005096564430499404,0.03033806100283851,4.989608052674746,0.0004716795290674877,,,,,,,,,,2.4115351688499613,2.4030032376213697,0.9970369762097687,0.0,1.0,2.3998203913704845,2.3828174762688477,0.9921070436276177,0.0,1.0,2.5003474887420545,2.4931247277029027,0.9976428194451623,0.0,1.0,2.5010914673521825,2.488416333082313,0.9950544206873781,0.0,1.0,2.5003474939273733,2.4931244756474924,0.9976427136833008,0.0,1.0,2.5010914833756974,2.4884158479815763,0.9950542164041206,0.0,1.0,2.500347493930238,2.4931244755828765,0.9976427136558897,0.0,1.0,2.5010914833884317,2.4884158478604426,0.9950542163493761,0.0,1.0,,,,,335,0.9970369762097687,168,0.9921070436276177,323,0.9976428194451623,164,0.9950544206873781,323,0.9976427136833008,164,0.9950542164041206,323,0.9976427136558897,164,0.9950542163493761
128,7,NN_PROBE_ONLY,stationary_ellipse_curvature_process_E2_20260705T053942Z,stationary_ellipse,E2,ellipse,single_stationary_axis_aligned_ellipse,stationary,a=0.4898979; b=0.3265986; aspect_ratio=3:2; area_match=a*b≈0.16,area_matched_ellipse_stress_case_for_stationary_bubble_route,complete_raw_summary,true,,true,0.99999906814408,99.999906814408,78.38358707319173,78.38366011546945,201195,cfd_applications_cleanroom/results/raw/stationary_ellipse/stationary_ellipse_curvature_process_E2_20260705T053942Z/NN_PROBE_ONLY_L7/summary.json,cfd_applications_cleanroom/results/raw/stationary_ellipse/stationary_ellipse_curvature_process_E2_20260705T053942Z/NN_PROBE_ONLY_L7/surface_tension_trace.csv,cfd_applications_cleanroom/results/raw/stationary_ellipse/stationary_ellipse_curvature_process_E2_20260705T053942Z/NN_PROBE_ONLY_L7/curvature_process.csv,true,,,1.0520536163251034e-05,0.004610649870900144,1.052053668282348e-05,1.0520539010072601e-05,,,,,,,,,,,,,,,,,,,,,,,,,,,,,true,true,true,2c89a8abec308ad20caf3cd9a79cbf1c90e37fb9418edd2201780249668dad39,4d50c44d7e768973e5fdf335a40b1f8e26411a5dfc6800015f1c8776236cc3d5,abb654d7c67db0d3a666b89d51df1863a26353cde069bb7aaf1e47747e00dfbd,,curvature-process,process_summary,complete,E2,probe_only,,false,0.4898979,0.3265986,3:2,,,,,,,,true,,,,,true,true,,,,,,,,,,,,,,,,,,,,,,,,,,,,,,,,,,,,,,,,,4,0;1;2;3,0.0,0.0,0.0,335,,-6.66557127233736e-05,-0.00853193122859182,0.0006381051133403224,0.08167745450756127,1.0702543360995331,1.06297915901248,0.002224226928605119,0.0013980579558774103,0.002019077962406798,0.08200052668030273,5.264055713513752,0.001518725879950616,,-0.00013283527423153864,-0.017002915101636946,0.00034644507892829003,0.044344970102821124,1.064940594610751,1.0629181983758533,0.0013785952233045448,0.0008535741986852583,0.0011683480810008831,0.04736950790186784,5.231874063938366,0.0008865375222976467,0.3333333333333333,26.127992221765723,0.3333346794890128,323,,-5.642782061836964e-05,-0.0072227610391513136,0.0004582345526843151,0.058654022743592334,0.05772204181319625,0.009288153300399907,0.0008980238887828888,0.0007387849862771446,0.0008334357380231079,0.05900687752143961,4.9938111874765045,0.0007577172908393575,,-9.902448648335591e-05,-0.012675134269869557,0.00021599919572094596,0.027647897052281083,0.028927332236626944,0.00714264187419691,0.0005169123442929913,0.0004770319114769138,0.0005096412833500993,0.03033816452405329,4.989608515128204,0.00047167890800823875,0.6666666666666666,52.25598444351408,0.6666693589778041,323,,-5.6429830311572235e-05,-0.007223018279881246,0.0004582338639418985,0.05865393458456301,0.05772206414748786,0.009289626915660452,0.000898015096587608,0.0007387916511844498,0.0008334540989491885,0.05900682164915478,4.993810947635248,0.0007577199556701268,,-9.902840151657338e-05,-0.012675635394121393,0.00021599649729473305,0.02764755165372583,0.028927280114671678,0.007144546229687518,0.0005169126333471434,0.0004770317549138714,0.000509656439124704,0.030338061046530883,4.989608052781646,0.00047167952838774287,1.0,78.38397666526244,1.0000040384665954,323,,-5.64298308387611e-05,-0.007223018347361421,0.00045823386390316423,0.05865393457960502,0.05772206416730304,0.009289627274877527,0.0008980150874361194,0.0007387916561002849,0.0008334541037274565,0.05900682165250195,4.993810947575349,0.0007577199576999575,,-9.902840256241907e-05,-0.012675635527989641,0.00021599649643543753,0.027647551543736004,0.02892728007240592,0.007144546714028319,0.000516912634288047,0.00047703175450909436,0.0005096564430499404,0.03033806100283851,4.989608052674746,0.0004716795290674877,,,,,,,,,,2.4115351688499613,2.4030032376213697,0.9970369762097687,0.0,1.0,2.3998203913704845,2.3828174762688477,0.9921070436276177,0.0,1.0,2.5003474887420545,2.4931247277029027,0.9976428194451623,0.0,1.0,2.5010914673521825,2.488416333082313,0.9950544206873781,0.0,1.0,2.5003474939273733,2.4931244756474924,0.9976427136833008,0.0,1.0,2.5010914833756974,2.4884158479815763,0.9950542164041206,0.0,1.0,2.500347493930238,2.4931244755828765,0.9976427136558897,0.0,1.0,2.5010914833884317,2.4884158478604426,0.9950542163493761,0.0,1.0,,,,,335,0.9970369762097687,168,0.9921070436276177,323,0.9976428194451623,164,0.9950544206873781,323,0.9976427136833008,164,0.9950542164041206,323,0.9976427136558897,164,0.9950542163493761
128,7,NN27_RAW,stationary_ellipse_curvature_process_E2_20260705T053942Z,stationary_ellipse,E2,ellipse,single_stationary_axis_aligned_ellipse,stationary,a=0.4898979; b=0.3265986; aspect_ratio=3:2; area_match=a*b≈0.16,area_matched_ellipse_stress_case_for_stationary_bubble_route,complete_raw_summary,true,,true,0.99999906814408,99.999906814408,78.38358707319173,78.38366011546945,201195,cfd_applications_cleanroom/results/raw/stationary_ellipse/stationary_ellipse_curvature_process_E2_20260705T053942Z/NN27_RAW_L7/summary.json,cfd_applications_cleanroom/results/raw/stationary_ellipse/stationary_ellipse_curvature_process_E2_20260705T053942Z/NN27_RAW_L7/surface_tension_trace.csv,cfd_applications_cleanroom/results/raw/stationary_ellipse/stationary_ellipse_curvature_process_E2_20260705T053942Z/NN27_RAW_L7/curvature_process.csv,true,,,1.3883051213897927e-05,0.004610491828241752,1.3883050680481737e-05,1.3883051487181439e-05,,,,,,,,,,,,,,,,,,,,,,,,,,,,,true,true,true,2c89a8abec308ad20caf3cd9a79cbf1c90e37fb9418edd2201780249668dad39,4d50c44d7e768973e5fdf335a40b1f8e26411a5dfc6800015f1c8776236cc3d5,729493b943352751780a2cdc56cb56193abf069e516f63e4387775fc20d0f9b0,,curvature-process,process_summary,complete,E2,NN,,false,0.4898979,0.3265986,3:2,,,,,,,,true,,,,,true,true,,,,,,,,,,,,,,,,,,,,,,,,,,,,,,,,,,,,,,,,,4,0;1;2;3,0.0,0.0,0.0,335,,-6.66557127233736e-05,-0.00853193122859182,0.0006381051133403224,0.08167745450756127,1.0702543360995331,1.06297915901248,0.002224226928605119,0.0013980579558774103,0.002019077962406798,0.08200052668030273,5.264055713513752,0.001518725879950616,,-0.00013283527423153864,-0.017002915101636946,0.00034644507892829003,0.044344970102821124,1.064940594610751,1.0629181983758533,0.0013785952233045448,0.0008535741986852583,0.0011683480810008831,0.04736950790186784,5.231874063938366,0.0008865375222976467,0.3333333333333333,26.127992221765723,0.3333346794890128,323,,-5.6016244800452614e-05,-0.007170079334457935,0.0004575097511433231,0.058561248146345356,0.05764012860446691,0.009331062933035832,0.0008941629945913333,0.0007424331021212929,0.0008290343788361134,0.05890850892194409,4.993708484429178,0.0007542731387799419,,-9.835182139324064e-05,-0.012589033138334801,0.00021733090429219737,0.027818355749401263,0.029214621270212977,0.007201557696314477,0.00051581382816758,0.00047519051807161415,0.0005107530416033869,0.030456953357693654,4.989454720473604,0.0004750381548326291,0.6666666666666666,52.25598444351408,0.6666693589778041,323,,-5.601906116450686e-05,-0.0071704398290568785,0.0004575087304977517,0.05856111750371222,0.057640136261283614,0.009332948292827698,0.0008941577616672289,0.0007424232999083799,0.0008290614999453427,0.05890842333049052,4.9937081746239995,0.0007542744241627442,,-9.835700246494895e-05,-0.012589696315513465,0.00021732724508580613,0.027817887370983185,0.0292145376563216,0.0072040345242451315,0.00051582618331961,0.0004751935310384638,0.0005107378997843618,0.030456802292282172,4.98945408934291,0.00047504094604409547,1.0,78.38397666526244,1.0000040384665954,323,,-5.601906167044353e-05,-0.007170439893816772,0.0004575087304465791,0.05856111749716213,0.05764013627724366,0.009332948594258154,0.0008941577558799589,0.0007424232947104951,0.0008290615086365623,0.0589084233318819,4.993708174567861,0.0007542744255468563,,-9.835700342078702e-05,-0.012589696437860738,0.00021732724417284407,0.02781788725412404,0.029214537605924296,0.0072040349590657545,0.0005158261877006992,0.00047519353410512347,0.0005107378968281827,0.03045680223677281,4.989454089234231,0.0004750409470706577,,,,,,,,,,2.4115351688499613,2.4030032376213697,0.9970369762097687,0.0,1.0,2.3998203913704845,2.3828174762688477,0.9921070436276177,0.0,1.0,2.500270113654775,2.493100034320317,0.9976622010966218,0.0,1.0,2.5009702408760184,2.4883812077376835,0.9950906272878682,0.0,1.0,2.5002701346245733,2.4930996947955166,0.9976620528472939,0.0,1.0,2.500970252527746,2.4883805562122325,0.9950903568132206,0.0,1.0,2.500270134628099,2.4930996947342825,0.9976620528210015,0.0,1.0,2.500970252533924,2.4883805560960632,0.9950903567630505,0.0,1.0,,,,,335,0.9970369762097687,168,0.9921070436276177,323,0.9976622010966218,164,0.9950906272878682,323,0.9976620528472939,164,0.9950903568132206,323,0.9976620528210015,164,0.9950903567630505
128,7,NN27_D4,stationary_ellipse_curvature_process_E2_20260705T202644Z,stationary_ellipse,E2,ellipse,single_stationary_axis_aligned_ellipse,stationary,a=0.4898979; b=0.3265986; aspect_ratio=3:2; area_match=a*b≈0.16,area_matched_ellipse_stress_case_for_stationary_bubble_route,complete_raw_summary,true,,true,0.99999906814408,99.999906814408,78.38358707319173,78.38366011546945,201195,cfd_applications_cleanroom/results/raw/stationary_ellipse/stationary_ellipse_curvature_process_E2_20260705T202644Z/NN27_D4_L7/summary.json,cfd_applications_cleanroom/results/raw/stationary_ellipse/stationary_ellipse_curvature_process_E2_20260705T202644Z/NN27_D4_L7/surface_tension_trace.csv,cfd_applications_cleanroom/results/raw/stationary_ellipse/stationary_ellipse_curvature_process_E2_20260705T202644Z/NN27_D4_L7/curvature_process.csv,true,,,1.2738093409048467e-05,0.004610400632632724,1.273809394359145e-05,1.2738096242103626e-05,,,,,,,,,,,,,,,,,,,,,,,,,,,,,true,true,true,2c89a8abec308ad20caf3cd9a79cbf1c90e37fb9418edd2201780249668dad39,cb47fd3efc179f5645a30d70289ec31c38829a18ab6f1f66f05414751197fdbd,79ed999ea357176850db72177033ffc8196a4dd7d45104a3d0a8ca3ae3e3cdac,,curvature-process,process_summary,complete,E2,NND4,,true,0.4898979,0.3265986,3:2,,,,,,,,true,,,,,true,true,,,,,,,,,,,,,,,,,,,,,,,,,,,,,,,,,,,,,,,,,4,0;1;2;3,0.0,0.0,0.0,335,,-2.2636108292578944e-06,-0.0002897421861450105,0.0006141339583973972,0.07860914667486685,1.0702543360995331,1.0618635535043115,0.0021265135242207606,0.0013563021046134939,0.0019302894447613289,0.07849226667310816,5.271193288079122,0.0014366359142477473,,-6.597916590928119e-05,-0.008445333236387992,0.00034806753524364414,0.04455264451118645,1.064940594610751,1.0593710862637895,0.0013336315965013154,0.0007995443442623863,0.0011368464101846965,0.045215557925117146,5.238267877303432,0.0008594416472210644,0.3333333333333333,26.127992221765723,0.3333346794890128,323,,-5.756200803400474e-06,-0.0007367937028352607,0.00043949849710529435,0.056255807629477676,0.057626033509358465,0.007732488374353636,0.0007928441633614364,0.0007129866948263066,0.0007541772892119692,0.056173489076134675,5.000214153934626,0.0007115120922212236,,-4.3365600077158064e-05,-0.005550796809876232,0.00021498818268664467,0.027518487383890518,0.02919030630211062,0.004388403158525167,0.0004613897263931986,0.0004263506757886792,0.00044365422538515165,0.027990373532926344,4.996529518766318,0.0004159026546195474,0.6666666666666666,52.25598444351408,0.6666693589778041,323,,-5.756232094388185e-06,-0.0007367977080816877,0.0004394986769252692,0.056255830646434454,0.057626054314960866,0.007732470313589177,0.0007927973777724362,0.0007130391033515366,0.0007541832261521432,0.05617351210799146,5.000214155699457,0.000711512740239176,,-4.3365665312661695e-05,-0.005550805160020697,0.00021498797597009012,0.027518460924171536,0.02919026425237201,0.004388389265390146,0.00046139053427256965,0.00042635066464241265,0.0004436553846590413,0.027990349333836213,4.996529532069794,0.00041590277785938867,1.0,78.38397666526244,1.0000040384665954,323,,-5.756232104790671e-06,-0.0007367977094132059,0.00043949867704659573,0.056255830661964254,0.05762605432601519,0.0077324702994894245,0.0007927973389170381,0.0007130390979971687,0.000754183229763067,0.056173512123513326,5.000214155701015,0.0007115127407391101,,-4.336566535228843e-05,-0.005550805165092919,0.00021498797580410585,0.02751846090292555,0.029190264218274063,0.004388389250434182,0.0004613905352348173,0.00042635066797623507,0.0004436553853530706,0.027990349314081658,4.9965295320793315,0.00041590277820820404,,,,,,,,,,2.4115351688499613,2.411245426663817,1.0011917907715857,0.0,1.0,2.3998203913704845,2.3913750581340967,0.9968755524684954,0.0,1.0,2.5002962124690145,2.499559418766179,1.000217529951619,0.0,1.0,2.5009911538712597,2.495440357061384,0.9979064119704525,0.0,1.0,2.5002962152719945,2.499559417563913,1.0002175287627846,0.0,1.0,2.5009911648820737,2.4954403597220534,0.997906408333044,0.0,1.0,2.5002962152734214,2.4995594175640083,1.0002175287625021,0.0,1.0,2.5009911648895318,2.4954403597244386,0.9979064083307738,0.0,1.0,,,,,335,1.0011917907715857,168,0.9968755524684954,323,1.000217529951619,164,0.9979064119704525,323,1.0002175287627846,164,0.997906408333044,323,1.0002175287625021,164,0.9979064083307738
256,8,NN_DISABLE,stationary_ellipse_curvature_process_E2_20260705T181825Z,stationary_ellipse,E2,ellipse,single_stationary_axis_aligned_ellipse,stationary,a=0.4898979; b=0.3265986; aspect_ratio=3:2; area_match=a*b≈0.16,area_matched_ellipse_stress_case_for_stationary_bubble_route,partial_trace_no_summary,false,,,0.2530598112995166,25.30598112995166,19.835754237786144,,144008,,cfd_applications_cleanroom/results/raw/stationary_ellipse/stationary_ellipse_curvature_process_E2_20260705T181825Z/NN_DISABLE_L8/surface_tension_trace.csv,,,,,6.3864854414646846e-06,,,,,,,,,,,,,,,,,,,,,,,,,,,,,,,,,,,,,,,curvature-process,partial_trace,partial_trace_no_summary,E2,native,,false,0.4898979,0.3265986,3:2,,,,,,,,true,,,,,,true,,,,,,,,,,,,,,,,,,,,,,,,,,,,,,,,,,,,,,,,,,,,,,,,,,,,,,,,,,,,,,,,,,,,,,,,,,,,,,,,,,,,,,,,,,,,,,,,,,,,,,,,,,,,,,,,,,,,,,,,,,,,,,,,,,,,,,,,,,,,,,,,,,,,,,,,,,,,,,,,,,,144007,19.835754237786144,0.00013774159754583902,0.2530598112995166,6.3864854414646846e-06,0.87434177999207141,2.5649636878025444,1.3234150052332527e-05,,,,,,,,,,,,,,,,,,,,,,,,,,,,,,,,,,,,,,,,,,,,,,,,,,,,,,,,,,,,,
256,8,NN_PROBE_ONLY,stationary_ellipse_curvature_process_E2_20260705T181828Z,stationary_ellipse,E2,ellipse,single_stationary_axis_aligned_ellipse,stationary,a=0.4898979; b=0.3265986; aspect_ratio=3:2; area_match=a*b≈0.16,area_matched_ellipse_stress_case_for_stationary_bubble_route,partial_trace_no_summary,false,,,0.25315470411590796,25.315470411590795,19.843192284053561,,144062,,cfd_applications_cleanroom/results/raw/stationary_ellipse/stationary_ellipse_curvature_process_E2_20260705T181828Z/NN_PROBE_ONLY_L8/surface_tension_trace.csv,,,,,6.5857536056353601e-06,,,,,,,,,,,,,,,,,,,,,,,,,,,,,,,,,,,,,,,curvature-process,partial_trace,partial_trace_no_summary,E2,probe_only,,false,0.4898979,0.3265986,3:2,,,,,,,,true,,,,,,true,,,,,,,,,,,,,,,,,,,,,,,,,,,,,,,,,,,,,,,,,,,,,,,,,,,,,,,,,,,,,,,,,,,,,,,,,,,,,,,,,,,,,,,,,,,,,,,,,,,,,,,,,,,,,,,,,,,,,,,,,,,,,,,,,,,,,,,,,,,,,,,,,,,,,,,,,,,,,,,,,,,144061,19.843192284053561,0.00013774159754583902,0.25315470411590796,6.5857536056353601e-06,0.87434177978200001,2.5643651966462069,1.2562996465403931e-05,,,,,,,,,,,,,,,,,,,,,,,,,,,,,,,,,,,,,,,,,,,,,,,,,,,,,,,,,,,,,
256,8,NN27_RAW,stationary_ellipse_curvature_process_E2_20260705T182220Z,stationary_ellipse,E2,ellipse,single_stationary_axis_aligned_ellipse,stationary,a=0.4898979; b=0.3265986; aspect_ratio=3:2; area_match=a*b≈0.16,area_matched_ellipse_stress_case_for_stationary_bubble_route,partial_trace_no_summary,false,,,0.2417605370514388,24.17605370514388,18.950075765573335,,137578,,cfd_applications_cleanroom/results/raw/stationary_ellipse/stationary_ellipse_curvature_process_E2_20260705T182220Z/NN27_RAW_L8/surface_tension_trace.csv,,,,,8.3200989290423432e-06,,,,,,,,,,,,,,,,,,,,,,,,,,,,,,,,,,,,,,,curvature-process,partial_trace,partial_trace_no_summary,E2,NN,,false,0.4898979,0.3265986,3:2,,,,,,,,true,,,,,,true,,,,,,,,,,,,,,,,,,,,,,,,,,,,,,,,,,,,,,,,,,,,,,,,,,,,,,,,,,,,,,,,,,,,,,,,,,,,,,,,,,,,,,,,,,,,,,,,,,,,,,,,,,,,,,,,,,,,,,,,,,,,,,,,,,,,,,,,,,,,,,,,,,,,,,,,,,,,,,,,,,,137577,18.950075765573335,0.00013774159754583902,0.2417605370514388,8.3200989290423432e-06,0.87434172906656582,2.5667507582107731,6.6765083185926777e-06,,,,,,,,,,,,,,,,,,,,,,,,,,,,,,,,,,,,,,,,,,,,,,,,,,,,,,,,,,,,,
256,8,NN27_D4,stationary_ellipse_curvature_process_E2_20260706T084541Z,stationary_ellipse,E2,ellipse,single_stationary_axis_aligned_ellipse,stationary,a=0.4898979; b=0.3265986; aspect_ratio=3:2; area_match=a*b≈0.16,area_matched_ellipse_stress_case_for_stationary_bubble_route,partial_trace_no_summary,false,,,0.024181852710581611,2.418185271058161,1.8954621238285727,,13762,,cfd_applications_cleanroom/results/raw/stationary_ellipse/stationary_ellipse_curvature_process_E2_20260706T084541Z/NN27_D4_L8/surface_tension_trace.csv,,,,,0.001372732698372026,,,,,,,,,,,,,,,,,,,,,,,,,,,,,,,,,,,,,,,curvature-process,partial_trace,partial_trace_no_summary,E2,NND4,,true,0.4898979,0.3265986,3:2,,,,,,,,true,,,,,,true,,,,,,,,,,,,,,,,,,,,,,,,,,,,,,,,,,,,,,,,,,,,,,,,,,,,,,,,,,,,,,,,,,,,,,,,,,,,,,,,,,,,,,,,,,,,,,,,,,,,,,,,,,,,,,,,,,,,,,,,,,,,,,,,,,,,,,,,,,,,,,,,,,,,,,,,,,,,,,,,,,,13761,1.8954621238285727,0.00013774159754583902,0.024181852710581611,0.001372732698372026,0.87434180255777982,2.9267103974401407,0.0042589206415504233,,,,,,,,,,,,,,,,,,,,,,,,,,,,,,,,,,,,,,,,,,,,,,,,,,,,,,,,,,,,,
