base_force,level,N,i,t,tau,x,y,theta_deg_quadrant,abs_d_over_delta,native_kappa,nn_raw_kappa,nn_d4_kappa,delta_raw_minus_native,delta_d4_minus_native,exact_signed_kappa
CLSVOF_LS_NATIVE,7,128,0,0,0,-0.41015625,-0.06640625,189.19665589162875,1.9839731656178292,-2.399553927990731,-2.4636982234548448,-2.4628066301193878,-0.064144295464113821,-0.063252702128656857,-2.5
CLSVOF_LS_NATIVE,7,128,0,0,0,-0.41015625,-0.05859375,188.13010235415581,1.833262330106221,-2.4166555497181137,-2.4732835985605996,-2.4718140068433949,-0.056628048842485956,-0.055158457125281224,-2.5
CLSVOF_LS_NATIVE,7,128,0,0,0,-0.41015625,-0.05078125,187.0578466498809,1.7010457428826289,-2.4274362013515702,-2.4882842090249189,-2.4864795766613597,-0.060848007673348636,-0.059043375309789425,-2.5
CLSVOF_LS_NATIVE,7,128,0,0,0,-0.41015625,-0.04296875,185.98059952476328,1.5874998035917953,-2.4593466148798804,-2.485659896692499,-2.4835572901305754,-0.026313281812618605,-0.02421067525069498,-2.5
CLSVOF_LS_NATIVE,7,128,0,0,0,-0.41015625,-0.03515625,184.89909245378757,1.4929613577956991,-2.380147443325153,-2.4710137276332764,-2.4688076387061786,-0.09086628430812338,-0.088660195381025542,-2.5
CLSVOF_LS_NATIVE,7,128,0,0,0,-0.41015625,-0.02734375,183.81407483429018,1.4168715788760906,-2.4486096633133725,-2.4806947358851783,-2.4786148653866733,-0.032085072571805817,-0.030005202073300818,-2.5
CLSVOF_LS_NATIVE,7,128,0,0,0,-0.41015625,-0.01953125,182.72631099390608,1.3598243352557615,-2.4351704308905666,-2.4907410475167566,-2.4885925695824089,-0.055570616626190006,-0.053422138691842314,-2.5
CLSVOF_LS_NATIVE,7,128,0,0,0,-0.41015625,-0.01171875,181.63657704161656,1.3217586268151484,-2.4419410180484351,-2.4876492770127134,-2.4855892820691414,-0.045708258964278325,-0.043648264020706318,-2.5
CLSVOF_LS_NATIVE,7,128,0,0,0,-0.41015625,-0.00390625,180.54565759341554,1.3027531610339447,-2.4331062788977733,-2.4845195962347457,-2.4828395163293631,-0.051413317336972408,-0.04973323743158975,-2.5
CLSVOF_LS_NATIVE,7,128,0,0,0,-0.41015625,0.00390625,179.45434240658446,1.3027531610339447,-2.4331062788977729,-2.4843868344408264,-2.4828395163293635,-0.051280555543053552,-0.049733237431590638,-2.5
CLSVOF_LS_NATIVE,7,128,0,0,0,-0.41015625,0.01171875,178.36342295838344,1.3217586268151484,-2.4419410180484351,-2.4870891423822119,-2.4855892820691432,-0.045148124333776796,-0.043648264020708094,-2.5
CLSVOF_LS_NATIVE,7,128,0,0,0,-0.41015625,0.01953125,177.27368900609392,1.3598243352557615,-2.4351704308905666,-2.4900005411038832,-2.4885925695824103,-0.05483011021331663,-0.053422138691843646,-2.5
CLSVOF_LS_NATIVE,7,128,0,0,0,-0.41015625,0.02734375,176.18592516570982,1.4168715788760906,-2.4486096633133725,-2.4792552865733977,-2.4786148653866658,-0.030645623260025179,-0.030005202073293269,-2.5
CLSVOF_LS_NATIVE,7,128,0,0,0,-0.41015625,0.03515625,175.10090754621243,1.4929613577956991,-2.3801474433251246,-2.4686648151999568,-2.4688076387061795,-0.088517371874832218,-0.088660195381054852,-2.5
CLSVOF_LS_NATIVE,7,128,0,0,0,-0.41015625,0.04296875,174.01940047523672,1.5874998035917951,-2.4593466148799368,-2.4826327450817134,-2.4835572901305847,-0.023286130201776611,-0.024210675250647906,-2.5
CLSVOF_LS_NATIVE,7,128,0,0,0,-0.41015625,0.05078125,172.9421533501191,1.7010457428826289,-2.4274362013515458,-2.4853623833147003,-2.4864795766613601,-0.057926181963154466,-0.059043375309814294,-2.5
CLSVOF_LS_NATIVE,7,128,0,0,0,-0.41015625,0.05859375,171.86989764584419,1.833262330106221,-2.4166555497181137,-2.4703021541869301,-2.4718140068433923,-0.053646604468816417,-0.055158457125278559,-2.5
CLSVOF_LS_NATIVE,7,128,0,0,0,-0.41015625,0.06640625,170.80334410837125,1.9839731656178292,-2.3995539279907359,-2.4610033903697524,-2.4628066301194051,-0.061449462379016495,-0.063252702128669291,-2.5
CLSVOF_LS_NATIVE,7,128,0,0,0,-0.40234375,-0.09765625,193.64291477598991,1.7956454148649923,-2.4444877678965669,-2.4825774947821575,-2.4777250755175748,-0.038089726885590647,-0.033237307621007961,-2.5
CLSVOF_LS_NATIVE,7,128,0,0,0,-0.40234375,-0.08984375,192.58769338164862,1.56891539687778,-2.395215693863558,-2.4807421619058534,-2.4759049295950719,-0.085526468042295356,-0.080689235731513875,-2.5
CLSVOF_LS_NATIVE,7,128,0,0,0,-0.40234375,-0.08203125,191.52372170389714,1.3599624887983441,-2.4483477175317385,-2.4904886445912569,-2.4852254313654938,-0.042140927059518329,-0.036877713833755266,-2.5
CLSVOF_LS_NATIVE,7,128,0,0,0,-0.40234375,-0.07421875,190.45163294398853,1.1693734783645355,-2.4407387994124363,-2.4961180230220861,-2.490293092706803,-0.055379223609649753,-0.049554293294366669,-2.5
CLSVOF_LS_NATIVE,7,128,0,0,0,-0.40234375,-0.06640625,189.37209270857895,0.99723614986252718,-2.4397671751996017,-2.4864985999651976,-2.4870623476372073,-0.046731424765595886,-0.047295172437605615,-2.5
CLSVOF_LS_NATIVE,7,128,0,0,0,-0.40234375,-0.05859375,188.28579702395356,0.84365866989157612,-2.460822578874958,-2.4949981655661375,-2.4961342705645455,-0.034175586691179483,-0.035311691689587477,-2.5
CLSVOF_LS_NATIVE,7,128,0,0,0,-0.40234375,-0.05078125,187.19347005529536,0.70891036443007538,-2.46971891228561,-2.5127859745869476,-2.5112802223274002,-0.043067062301337611,-0.0415613100417902,-2.5
CLSVOF_LS_NATIVE,7,128,0,0,0,-0.40234375,-0.04296875,186.09586154459566,0.59315139581337462,-2.5066006426002723,-2.5087864470641854,-2.5067609339264956,-0.0021858044639131435,-0.00016029132622330522,-2.5
CLSVOF_LS_NATIVE,7,128,0,0,0,-0.40234375,-0.03515625,184.99374398582324,0.49675054838622573,-2.425568828388577,-2.49254135356923,-2.4910007856953049,-0.066972525180652998,-0.065431957306727906,-2.5
CLSVOF_LS_NATIVE,7,128,0,0,0,-0.40234375,-0.02734375,183.8879095608329,0.41913857770437607,-2.5045947883072062,-2.5024540967438069,-2.5014057761113313,0.002140691563399244,0.003189012195874863,-2.5
CLSVOF_LS_NATIVE,7,128,0,0,0,-0.40234375,-0.01953125,182.77916686407187,0.3610019231586023,-2.4815867542807206,-2.5085947471699099,-2.5077875846058366,-0.027007992889189314,-0.026200830325115998,-2.5
CLSVOF_LS_NATIVE,7,128,0,0,0,-0.40234375,-0.01171875,181.6683374482931,0.32220818812093649,-2.483946633615683,-2.5016665415894401,-2.501117568812163,-0.01771990797375711,-0.017170935196479942,-2.5
CLSVOF_LS_NATIVE,7,128,0,0,0,-0.40234375,-0.00390625,180.55625222708048,0.30280425555240226,-2.4838265987680446,-2.4984149524850294,-2.4999528744282906,-0.014588353716984859,-0.016126275660246048,-2.5
CLSVOF_LS_NATIVE,7,128,0,0,0,-0.40234375,0.00390625,179.44374777291952,0.30280425555240226,-2.4838265987680375,-2.498369418269248,-2.4999528744282919,-0.014542819501210502,-0.016126275660254485,-2.5
CLSVOF_LS_NATIVE,7,128,0,0,0,-0.40234375,0.01171875,178.3316625517069,0.32220818812093643,-2.4839466336156968,-2.5020469758387627,-2.5011175688121638,-0.018100342223065891,-0.017170935196467063,-2.5
CLSVOF_LS_NATIVE,7,128,0,0,0,-0.40234375,0.01953125,177.22083313592813,0.3610019231586023,-2.4815867542807144,-2.5069541744065118,-2.5077875846058362,-0.025367420125797402,-0.026200830325121771,-2.5
CLSVOF_LS_NATIVE,7,128,0,0,0,-0.40234375,0.02734375,176.1120904391671,0.41913857770437607,-2.5045947883072062,-2.5007272317714411,-2.5014057761113273,0.0038675565357650932,0.0031890121958788598,-2.5
CLSVOF_LS_NATIVE,7,128,0,0,0,-0.40234375,0.03515625,175.00625601417676,0.49675054838622573,-2.4255688283885699,-2.4905589892157525,-2.4910007856953036,-0.064990160827182564,-0.065431957306733679,-2.5
CLSVOF_LS_NATIVE,7,128,0,0,0,-0.40234375,0.04296875,173.90413845540434,0.5931513958133745,-2.5066006426002936,-2.5070370954807877,-2.5067609339265045,-0.00043645288049409814,-0.00016029132621087072,-2.5
CLSVOF_LS_NATIVE,7,128,0,0,0,-0.40234375,0.05078125,172.80652994470464,0.70891036443007538,-2.469718912285594,-2.5113348875323371,-2.5112802223273998,-0.041615975246743098,-0.041561310041805744,-2.5
CLSVOF_LS_NATIVE,7,128,0,0,0,-0.40234375,0.05859375,171.71420297604644,0.84365866989157612,-2.460822578874958,-2.4961579065436288,-2.4961342705645451,-0.035335327668670757,-0.035311691689587033,-2.5
CLSVOF_LS_NATIVE,7,128,0,0,0,-0.40234375,0.06640625,170.62790729142105,0.99723614986252718,-2.4397671751996146,-2.4898452274712146,-2.4870623476372096,-0.050078052271600004,-0.047295172437594957,-2.5
CLSVOF_LS_NATIVE,7,128,0,0,0,-0.40234375,0.07421875,169.54836705601147,1.1693734783645358,-2.4407387994123608,-2.4916539412752083,-2.4902930927067932,-0.050915141862847513,-0.049554293294432394,-2.5
CLSVOF_LS_NATIVE,7,128,0,0,0,-0.40234375,0.08203125,168.47627829610286,1.3599624887983441,-2.4483477175317687,-2.4845119105187754,-2.4852254313654898,-0.036164192987006683,-0.036877713833721071,-2.5
CLSVOF_LS_NATIVE,7,128,0,0,0,-0.40234375,0.08984375,167.41230661835138,1.56891539687778,-2.3952156938635643,-2.4737950125368964,-2.4759049295950764,-0.078579318673332121,-0.080689235731512099,-2.5
CLSVOF_LS_NATIVE,7,128,0,0,0,-0.40234375,0.09765625,166.35708522401009,1.7956454148649923,-2.4444877678965669,-2.4750870401406053,-2.4777250755175824,-0.030599272244038467,-0.033237307621015511,-2.5
CLSVOF_LS_NATIVE,7,128,0,0,0,-0.39453125,-0.12890625,198.093906544063,1.9275728886940564,-2.4089523616192876,-2.4822339608640394,-2.4728524034511628,-0.073281599244751749,-0.063900041831875143,-2.5
CLSVOF_LS_NATIVE,7,128,0,0,0,-0.39453125,-0.12109375,197.06285717346123,1.6255333006775492,-2.454254565241464,-2.495643544014075,-2.486845109142656,-0.04138897877261094,-0.032590543901191982,-2.5
CLSVOF_LS_NATIVE,7,128,0,0,0,-0.39453125,-0.11328125,196.02029230207103,1.3410423626265917,-2.410966168493939,-2.4882553784417243,-2.4798492518101396,-0.07728920994778532,-0.068883083316200633,-2.5
CLSVOF_LS_NATIVE,7,128,0,0,0,-0.39453125,-0.10546875,194.96671956400471,1.0739176307376763,-2.4366183442616731,-2.4904150939480942,-2.4874214511323514,-0.053796749686421119,-0.050803106870678238,-2.5
CLSVOF_LS_NATIVE,7,128,0,0,0,-0.39453125,-0.09765625,193.90268711422041,0.82455019648168726,-2.4852839994279692,-2.4994927876349768,-2.5001531879485803,-0.014208788207007661,-0.014869188520611143,-2.5
CLSVOF_LS_NATIVE,7,128,0,0,0,-0.39453125,-0.08984375,192.82878287145522,0.59347656234660562,-2.4405680917657415,-2.5017402862937974,-2.4986793286923006,-0.06117219452805589,-0.058111236926559062,-2.5
CLSVOF_LS_NATIVE,7,128,0,0,0,-0.39453125,-0.08203125,191.74563342528776,0.38047049630528235,-2.510247203467697,-2.5082539167859239,-2.5062102674856499,0.001993286681773121,0.0040369359820471296,-2.5
CLSVOF_LS_NATIVE,7,128,0,0,0,-0.39453125,-0.07421875,190.65390259993831,0.18626996727528375,-2.4896658811876078,-2.5011370173944734,-2.5013798691946256,-0.011471136206865573,-0.011713988007017839,-2.5
CLSVOF_LS_NATIVE,7,128,0,0,0,-0.39453125,-0.06640625,189.55428967240158,0.01086258228305704,-2.4883856098596446,-2.4890504686312944,-2.4911014957203901,-0.00066485877164979001,-0.0027158858607454484,-2.5
CLSVOF_LS_NATIVE,7,128,0,0,0,-0.39453125,-0.05859375,188.44752724790828,0.1456305356610389,-2.5030356120274346,-2.4951426286463443,-2.494597843296781,0.007892983381090346,0.0084377687306536053,-2.5
CLSVOF_LS_NATIVE,7,128,0,0,0,-0.39453125,-0.05078125,187.33437880141651,0.28298259919475555,-2.5147472535231259,-2.5084536252476042,-2.5071467912030032,0.0062936282755217121,0.0076004623201226806,-2.5
CLSVOF_LS_NATIVE,7,128,0,0,0,-0.39453125,-0.04296875,186.21563589970248,0.40100679431256731,-2.5459934786438159,-2.5004755037715642,-2.5006306353573753,0.045517974872251621,0.04536284328644058,-2.5
CLSVOF_LS_NATIVE,7,128,0,0,0,-0.39453125,-0.03515625,185.09211512449878,0.49937860198503298,-2.4732363662897034,-2.4893209874154172,-2.4898528052749738,-0.016084621125713738,-0.016616438985270321,-2.5
CLSVOF_LS_NATIVE,7,128,0,0,0,-0.39453125,-0.02734375,183.96465472285595,0.57859842886886559,-2.5616937295171245,-2.5028316945626807,-2.5042410706779292,0.058862034954443754,0.057452658839195259,-2.5
CLSVOF_LS_NATIVE,7,128,0,0,0,-0.39453125,-0.01953125,182.83411101630631,0.63790189861960878,-2.5328674495583638,-2.5076958308518429,-2.5093666335519496,0.02517161870652096,0.023500816006414293,-2.5
CLSVOF_LS_NATIVE,7,128,0,0,0,-0.39453125,-0.01171875,181.70135460532595,0.67746458097965367,-2.5324109529369703,-2.4992352738400294,-2.5012416601223229,0.033175679096940858,0.03116929281464742,-2.5
CLSVOF_LS_NATIVE,7,128,0,0,0,-0.39453125,-0.00390625,180.56726640985772,0.69725815446924255,-2.5335270200984175,-2.4986288237315888,-2.5007765923305856,0.034898196366828671,0.03275042776783188,-2.5
CLSVOF_LS_NATIVE,7,128,0,0,0,-0.39453125,0.00390625,179.43273359014228,0.69725815446924255,-2.5335270200984175,-2.4985700274951963,-2.5007765923305869,0.03495699260322116,0.032750427767830548,-2.5
CLSVOF_LS_NATIVE,7,128,0,0,0,-0.39453125,0.01171875,178.29864539467405,0.67746458097965367,-2.5324109529369694,-2.4990754879174144,-2.5012416601223237,0.033335465019554977,0.031169292814645644,-2.5
CLSVOF_LS_NATIVE,7,128,0,0,0,-0.39453125,0.01953125,177.16588898369369,0.63790189861960878,-2.5328674495583634,-2.5074130392238887,-2.5093666335519496,0.025454410334474709,0.023500816006413849,-2.5
CLSVOF_LS_NATIVE,7,128,0,0,0,-0.39453125,0.02734375,176.03534527714405,0.57859842886886559,-2.5616937295171169,-2.5027515589115152,-2.5042410706779292,0.058942170605601696,0.057452658839187709,-2.5
CLSVOF_LS_NATIVE,7,128,0,0,0,-0.39453125,0.03515625,174.90788487550122,0.49937860198503298,-2.4732363662896963,-2.4888362415020251,-2.4898528052749738,-0.015599875212328751,-0.016616438985277426,-2.5
CLSVOF_LS_NATIVE,7,128,0,0,0,-0.39453125,0.04296875,173.78436410029752,0.40100679431256731,-2.5459934786438154,-2.4989798187103074,-2.5006306353573775,0.047013659933508034,0.045362843286437915,-2.5
CLSVOF_LS_NATIVE,7,128,0,0,0,-0.39453125,0.05078125,172.66562119858349,0.28298259919475555,-2.514747253523125,-2.5076723903562539,-2.5071467912030032,0.0070748631668711148,0.0076004623201217925,-2.5
CLSVOF_LS_NATIVE,7,128,0,0,0,-0.39453125,0.05859375,171.55247275209172,0.1456305356610389,-2.5030356120274329,-2.494019393378621,-2.4945978432967806,0.0090162186488118579,0.0084377687306522731,-2.5
CLSVOF_LS_NATIVE,7,128,0,0,0,-0.39453125,0.06640625,170.44571032759842,0.01086258228305704,-2.4883856098596411,-2.4924627244594779,-2.4911014957203852,-0.0040771145998368397,-0.0027158858607441161,-2.5
CLSVOF_LS_NATIVE,7,128,0,0,0,-0.39453125,0.07421875,169.34609740006169,0.18626996727528375,-2.489665881187622,-2.5012884638671853,-2.5013798691946216,-0.011622582679563287,-0.011713988006999632,-2.5
CLSVOF_LS_NATIVE,7,128,0,0,0,-0.39453125,0.08203125,168.25436657471224,0.38047049630528246,-2.5102472034676699,-2.5054287092481387,-2.5062102674856481,0.0048184942195312885,0.0040369359820218165,-2.5
CLSVOF_LS_NATIVE,7,128,0,0,0,-0.39453125,0.08984375,167.17121712854478,0.59347656234660562,-2.4405680917657588,-2.4981848732073484,-2.4986793286923015,-0.057616781441589549,-0.058111236926542631,-2.5
CLSVOF_LS_NATIVE,7,128,0,0,0,-0.39453125,0.09765625,166.09731288577959,0.82455019648168726,-2.4852839994279723,-2.4980598457507019,-2.5001531879485839,-0.012775846322729656,-0.014869188520611587,-2.5
CLSVOF_LS_NATIVE,7,128,0,0,0,-0.39453125,0.10546875,165.03328043599529,1.0739176307376763,-2.4366183442616767,-2.4898781684310758,-2.4874214511323514,-0.053259824169399117,-0.050803106870674686,-2.5
CLSVOF_LS_NATIVE,7,128,0,0,0,-0.39453125,0.11328125,163.97970769792897,1.3410423626265917,-2.4109661684939465,-2.4790767360768431,-2.4798492518101387,-0.068110567582896575,-0.068883083316192195,-2.5
CLSVOF_LS_NATIVE,7,128,0,0,0,-0.39453125,0.12109375,162.93714282653877,1.6255333006775492,-2.454254565241464,-2.4842152676785516,-2.4868451091426556,-0.029960702437087594,-0.032590543901191538,-2.5
CLSVOF_LS_NATIVE,7,128,0,0,0,-0.39453125,0.12890625,161.906093455937,1.9275728886940564,-2.4089523616193134,-2.4696372983081423,-2.4728524034511628,-0.060684936688828905,-0.063900041831849386,-2.5
CLSVOF_LS_NATIVE,7,128,0,0,0,-0.38671875,-0.14453125,200.49259476987012,1.6445135698001543,-2.4550918654828471,-2.4940753220783241,-2.4844902218484211,-0.038983456595476973,-0.029398356365573974,-2.5
CLSVOF_LS_NATIVE,7,128,0,0,0,-0.38671875,-0.13671875,199.47030200946679,1.3029941941732908,-2.4104184311101857,-2.4926883912472806,-2.4840130847181512,-0.082269960137094866,-0.073594653607965466,-2.5
CLSVOF_LS_NATIVE,7,128,0,0,0,-0.38671875,-0.12890625,198.43494882292185,0.97814618740015069,-2.4523579209704387,-2.4968414303661,-2.4955878650390213,-0.044483509395661258,-0.043229944068582604,-2.5
CLSVOF_LS_NATIVE,7,128,0,0,0,-0.38671875,-0.12109375,197.38697217691538,0.67053970171835287,-2.4936188296807509,-2.5136240140572621,-2.5081413597617903,-0.02000518437651122,-0.014522530081039431,-2.5
CLSVOF_LS_NATIVE,7,128,0,0,0,-0.38671875,-0.11328125,196.32685351056483,0.38069055721892014,-2.4675706095106817,-2.5027441653608675,-2.4979611764477716,-0.035173555850185778,-0.030390566937089858,-2.5
CLSVOF_LS_NATIVE,7,128,0,0,0,-0.38671875,-0.10546875,195.2551187030576,0.10854090726821454,-2.4923814937943161,-2.4930957340402702,-2.4933167013022488,-0.00071424024595412305,-0.00093520750793274487,-2.5
CLSVOF_LS_NATIVE,7,128,0,0,0,-0.38671875,-0.09765625,194.17233770013181,0.14547899765411645,-2.5068336868970893,-2.4939355266933747,-2.4936132062862804,0.012898160203714593,0.013220480610808938,-2.5
CLSVOF_LS_NATIVE,7,128,0,0,0,-0.38671875,-0.08984375,193.07912378006662,0.38108772384433159,-2.4979764006055047,-2.4962157450614106,-2.4968400353295213,0.001760655544094103,0.0011363652759834864,-2.5
CLSVOF_LS_NATIVE,7,128,0,0,0,-0.38671875,-0.08203125,191.97613244420319,0.59821843380298256,-2.5588997145567163,-2.5089847212915166,-2.510363221330393,0.049914993265199659,0.048536493226323252,-2.5
CLSVOF_LS_NATIVE,7,128,0,0,0,-0.38671875,-0.07421875,190.86405992208753,0.79620876213393588,-2.5450154107460454,-2.5137655519606015,-2.5153308798574523,0.031249858785443951,0.02968453088859313,-2.5
CLSVOF_LS_NATIVE,7,128,0,0,0,-0.38671875,-0.06640625,189.74364128703698,0.97501987964057601,-2.5393160258324126,-2.509094090913683,-2.5050532696915386,0.030221934918729598,0.034262756140873929,-2.5
CLSVOF_LS_NATIVE,7,128,0,0,0,-0.38671875,-0.05859375,188.61564818416394,1.1345541583954859,-2.5496347350826269,-2.4958891239384502,-2.4950871060700548,0.053745611144176753,0.054547629012572152,-2.5
CLSVOF_LS_NATIVE,7,128,0,0,0,-0.38671875,-0.05078125,187.48088617952351,1.2746084418574635,-2.5615994408474951,-2.5049438469229335,-2.5033548474043315,0.056655593924561654,0.058244593443163684,-2.5
CLSVOF_LS_NATIVE,7,128,0,0,0,-0.38671875,-0.04296875,186.34019174590972,1.3949837401996901,-2.5849560962226303,-2.5020079459089022,-2.5005589837988702,0.082948150313728153,0.084397112423760134,-2.5
CLSVOF_LS_NATIVE,7,128,0,0,0,-0.38671875,-0.03515625,185.19442890773462,1.4954126838520032,-2.5285427768872943,-2.4958987252501812,-2.4978983664997161,0.032644051637113147,0.030644410387578258,-2.5
CLSVOF_LS_NATIVE,7,128,0,0,0,-0.38671875,-0.02734375,184.0444855741809,1.5762563927526714,-2.6136309412819516,-2.5061350816785462,-2.5150187940633137,0.10749585960340546,0.098612147218637869,-2.5
CLSVOF_LS_NATIVE,7,128,0,0,0,-0.38671875,-0.01953125,182.89126959622038,1.6367771505442106,-2.5864387100117989,-2.5066292493123168,-2.5205669507947124,0.079809460699482138,0.065871759217086545,-2.5
CLSVOF_LS_NATIVE,7,128,0,0,0,-0.38671875,-0.01171875,181.73570458892823,1.6771413823509185,-2.583604423226773,-2.4994316904981062,-2.513998620288727,0.084172732728666766,0.069605802938045969,-2.5
CLSVOF_LS_NATIVE,7,128,0,0,0,-0.38671875,-0.00390625,180.57872556560758,1.6973376951149204,-2.5851033278766953,-2.5005202209862549,-2.5139950268091384,0.084583106890440352,0.071108301067556834,-2.5
CLSVOF_LS_NATIVE,7,128,0,0,0,-0.38671875,0.00390625,179.42127443439242,1.6973376951149204,-2.5851033278766948,-2.5013941112824929,-2.5139950268091416,0.083709216594201941,0.071108301067553281,-2.5
CLSVOF_LS_NATIVE,7,128,0,0,0,-0.38671875,0.01171875,178.26429541107177,1.6771413823509185,-2.5836044232267716,-2.5020602068998676,-2.5139986202887328,0.081544216326904007,0.069605802938038863,-2.5
CLSVOF_LS_NATIVE,7,128,0,0,0,-0.38671875,0.01953125,177.10873040377962,1.6367771505442106,-2.5864387100118011,-2.5077495278929129,-2.5205669507947128,0.078689182118888201,0.065871759217088321,-2.5
CLSVOF_LS_NATIVE,7,128,0,0,0,-0.38671875,0.02734375,175.9555144258191,1.5762563927526714,-2.6136309412819521,-2.5000259020294591,-2.5150187940633089,0.11360503925249299,0.098612147218643198,-2.5
CLSVOF_LS_NATIVE,7,128,0,0,0,-0.38671875,0.03515625,174.80557109226538,1.4954126838520032,-2.5285427768872948,-2.4797020254239355,-2.4978983664997161,0.048840751463359311,0.030644410387578702,-2.5
CLSVOF_LS_NATIVE,7,128,0,0,0,-0.38671875,0.04296875,173.65980825409028,1.3949837401996901,-2.5849560962226312,-2.4803959346364968,-2.5005589837988702,0.10456016158613446,0.084397112423761023,-2.5
CLSVOF_LS_NATIVE,7,128,0,0,0,-0.38671875,0.05078125,172.51911382047649,1.2746084418574635,-2.5615994408474938,-2.4875159561076492,-2.503354847404331,0.074083484739844607,0.058244593443162795,-2.5
CLSVOF_LS_NATIVE,7,128,0,0,0,-0.38671875,0.05859375,171.38435181583606,1.1345541583954859,-2.5496347350826278,-2.4858786774036741,-2.4950871060700544,0.063756057678953759,0.054547629012573484,-2.5
CLSVOF_LS_NATIVE,7,128,0,0,0,-0.38671875,0.06640625,170.25635871296302,0.97501987964057601,-2.5393160258323983,-2.5025209041695411,-2.5050532696915382,0.036795121662857255,0.034262756140860162,-2.5
CLSVOF_LS_NATIVE,7,128,0,0,0,-0.38671875,0.07421875,169.13594007791247,0.79620876213393588,-2.5450154107460436,-2.515588374052955,-2.5153308798574514,0.02942703669308866,0.029684530888592242,-2.5
CLSVOF_LS_NATIVE,7,128,0,0,0,-0.38671875,0.08203125,168.02386755579681,0.59821843380298256,-2.5588997145567256,-2.5071901349948829,-2.510363221330389,0.051709579561842745,0.048536493226336574,-2.5
CLSVOF_LS_NATIVE,7,128,0,0,0,-0.38671875,0.08984375,166.92087621993338,0.38108772384433159,-2.4979764006054967,-2.4937482664863335,-2.4968400353295213,0.0042281341191632293,0.0011363652759754928,-2.5
CLSVOF_LS_NATIVE,7,128,0,0,0,-0.38671875,0.09765625,165.82766229986819,0.14547899765411654,-2.5068336868971093,-2.4903051749851577,-2.4936132062862835,0.016528511911951593,0.013220480610825813,-2.5
CLSVOF_LS_NATIVE,7,128,0,0,0,-0.38671875,0.10546875,164.7448812969424,0.10854090726821454,-2.4923814937943063,-2.4931386539633968,-2.4933167013022488,-0.00075716016909055384,-0.00093520750794251484,-2.5
CLSVOF_LS_NATIVE,7,128,0,0,0,-0.38671875,0.11328125,163.67314648943517,0.38069055721892014,-2.4675706095106835,-2.4960824879309884,-2.4979611764477694,-0.028511878420304893,-0.030390566937085861,-2.5
CLSVOF_LS_NATIVE,7,128,0,0,0,-0.38671875,0.12109375,162.61302782308462,0.67053970171835287,-2.4936188296807575,-2.5060518057251091,-2.5081413597617908,-0.012432976044351562,-0.014522530081033214,-2.5
CLSVOF_LS_NATIVE,7,128,0,0,0,-0.38671875,0.12890625,161.56505117707815,0.97814618740015069,-2.4523579209704214,-2.495100081582561,-2.4955878650390213,-0.042742160612139646,-0.043229944068599924,-2.5
CLSVOF_LS_NATIVE,7,128,0,0,0,-0.38671875,0.13671875,160.52969799053321,1.3029941941732908,-2.4104184311101857,-2.4830240492691993,-2.4840130847181516,-0.072605618159013563,-0.07359465360796591,-2.5
CLSVOF_LS_NATIVE,7,128,0,0,0,-0.38671875,0.14453125,159.50740523012988,1.6445135698001543,-2.4550918654828471,-2.482180515941963,-2.4844902218484206,-0.027088650459115904,-0.02939835636557353,-2.5
CLSVOF_LS_NATIVE,7,128,0,0,0,-0.37890625,-0.16796875,203.90766049417235,1.8523285553257451,-2.4273383402810467,-2.4846450142219192,-2.4745824294502996,-0.057306673940872521,-0.047244089169252934,-2.5
CLSVOF_LS_NATIVE,7,128,0,0,0,-0.37890625,-0.16015625,202.91282839677149,1.4552108596727813,-2.4134510952462729,-2.4845664033327166,-2.4754962331878376,-0.071115308086443729,-0.062045137941564743,-2.5
CLSVOF_LS_NATIVE,7,128,0,0,0,-0.37890625,-0.15234375,201.90317808183897,1.0740599023588289,-2.4254346736009955,-2.4905425932118361,-2.4868790692973959,-0.065107919610840614,-0.061444395696400367,-2.5
CLSVOF_LS_NATIVE,7,128,0,0,0,-0.37890625,-0.14453125,200.87901688055726,0.70918742705297932,-2.4975916968144145,-2.5110844971753963,-2.5046615341995118,-0.013492800360981771,-0.0070698373850972551,-2.5
CLSVOF_LS_NATIVE,7,128,0,0,0,-0.37890625,-0.13671875,199.84069808396819,0.36135893951161396,-2.4662985720626769,-2.5087765585005313,-2.5013974522473994,-0.042477986437854387,-0.035098880184722514,-2.5
CLSVOF_LS_NATIVE,7,128,0,0,0,-0.37890625,-0.12890625,198.78862198216831,0.030484943756687682,-2.5116527486695071,-2.5041181767788485,-2.5009813602278572,0.0075345718906585368,0.010671388441649832,-2.5
CLSVOF_LS_NATIVE,7,128,0,0,0,-0.37890625,-0.12109375,197.72323661688614,0.28278392083214726,-2.5201310897483236,-2.5068193189517931,-2.5052211936303865,0.013311770796530453,0.014909896117937027,-2.5
CLSVOF_LS_NATIVE,7,128,0,0,0,-0.37890625,-0.11328125,196.64503821467579,0.57818845842440902,-2.5169206411390865,-2.5004667011869048,-2.5003051955017916,0.016453939952181695,0.01661544563729489,-2.5
CLSVOF_LS_NATIVE,7,128,0,0,0,-0.37890625,-0.10546875,195.55457127007421,0.8555949614201831,-2.5563798610417057,-2.5129502870565181,-2.5147064736502771,0.043429573985187542,0.041673387391428562,-2.5
CLSVOF_LS_NATIVE,7,128,0,0,0,-0.37890625,-0.09765625,194.45242825109281,1.11446352190875,-2.5460132729452445,-2.4938676276641112,-2.4938910085992476,0.052145645281133302,0.052122264345996872,-2.5
CLSVOF_LS_NATIVE,7,128,0,0,0,-0.37890625,-0.08984375,193.33924890336323,1.3546833470992647,-2.5439083233127593,-2.4980504019184675,-2.4959107994729384,0.04585792139429179,0.047997523839820921,-2.5
CLSVOF_LS_NATIVE,7,128,0,0,0,-0.37890625,-0.08203125,192.21571913413069,1.5760983328227873,-2.6041233863292153,-2.5152775930021587,-2.5137386092093079,0.088845793327056555,0.090384777119907334,-2.5
CLSVOF_LS_NATIVE,7,128,0,0,0,-0.37890625,-0.07421875,191.08256946302944,1.7780638587887736,-2.6028127503809695,-2.5145170201712324,-2.5204289931469996,0.088295730209737133,0.082383757233969845,-2.5
CLSVOF_LS_NATIVE,7,128,0,0,0,-0.37890625,-0.06640625,189.94057303311288,1.9604479645868798,-2.5932365339072034,-2.5064214487900833,-2.5167881901715283,0.086815085117120105,0.076448343735675106,-2.5
CLSVOF_LS_NATIVE,7,128,0,0,0,-0.37890625,0.06640625,170.05942696688712,1.9604479645868798,-2.5932365339072323,-2.4992843034705716,-2.5167881901715288,0.093952230436660678,0.076448343735703528,-2.5
CLSVOF_LS_NATIVE,7,128,0,0,0,-0.37890625,0.07421875,168.91743053697056,1.7780638587887736,-2.6028127503809695,-2.4989312017446994,-2.5204289931470005,0.10388154863627008,0.082383757233968957,-2.5
CLSVOF_LS_NATIVE,7,128,0,0,0,-0.37890625,0.08203125,167.78428086586931,1.5760983328227873,-2.6041233863292161,-2.4872448790586459,-2.5137386092093137,0.11687850727057025,0.090384777119902449,-2.5
CLSVOF_LS_NATIVE,7,128,0,0,0,-0.37890625,0.08984375,166.66075109663677,1.3546833470992647,-2.5439083233127651,-2.4796953192086981,-2.4959107994729504,0.06421300410406694,0.047997523839814704,-2.5
CLSVOF_LS_NATIVE,7,128,0,0,0,-0.37890625,0.09765625,165.54757174890719,1.11446352190875,-2.5460132729452596,-2.4848733746342084,-2.4938910085992489,0.061139898311051155,0.052122264346010638,-2.5
CLSVOF_LS_NATIVE,7,128,0,0,0,-0.37890625,0.10546875,164.44542872992579,0.8555949614201831,-2.5563798610416977,-2.5129075262677247,-2.5147064736502749,0.043472334773972943,0.041673387391422789,-2.5
CLSVOF_LS_NATIVE,7,128,0,0,0,-0.37890625,0.11328125,163.35496178532421,0.57818845842440902,-2.5169206411390896,-2.4956466848776926,-2.5003051955017956,0.021273956261397053,0.016615445637294002,-2.5
CLSVOF_LS_NATIVE,7,128,0,0,0,-0.37890625,0.12109375,162.27676338311386,0.28278392083214726,-2.52013108974832,-2.5019994968273274,-2.505221193630387,0.018131592920992645,0.01490989611793303,-2.5
CLSVOF_LS_NATIVE,7,128,0,0,0,-0.37890625,0.12890625,161.21137801783169,0.030484943756687682,-2.5116527486695048,-2.4970018217086123,-2.5009813602278572,0.014650926960892541,0.010671388441647611,-2.5
CLSVOF_LS_NATIVE,7,128,0,0,0,-0.37890625,0.13671875,160.15930191603181,0.36135893951161396,-2.4662985720626787,-2.4984607248790085,-2.501397452247399,-0.032162152816329836,-0.035098880184720294,-2.5
CLSVOF_LS_NATIVE,7,128,0,0,0,-0.37890625,0.14453125,159.12098311944274,0.70918742705297932,-2.4975916968144207,-2.5001358641603773,-2.5046615341995118,-0.0025441673459565273,-0.0070698373850910379,-2.5
CLSVOF_LS_NATIVE,7,128,0,0,0,-0.37890625,0.15234375,158.09682191816103,1.0740599023588289,-2.425434673601008,-2.4879368597239413,-2.4868790692973959,-0.062502186122933345,-0.061444395696387932,-2.5
CLSVOF_LS_NATIVE,7,128,0,0,0,-0.37890625,0.16015625,157.08717160322851,1.4552108596727813,-2.4134510952462729,-2.4743366127471726,-2.4754962331878376,-0.060885517500899766,-0.062045137941564743,-2.5
CLSVOF_LS_NATIVE,7,128,0,0,0,-0.37890625,0.16796875,156.09233950582765,1.8523285553257451,-2.4273383402810125,-2.4729745053317584,-2.4745824294502996,-0.045636165050745969,-0.047244089169287129,-2.5
CLSVOF_LS_NATIVE,7,128,0,0,0,-0.37109375,-0.18359375,206.32329826780975,1.7957724954827643,-2.4244706016775965,-2.4841662170830858,-2.4742991694593615,-0.059695615405489288,-0.049828567781764921,-2.5
CLSVOF_LS_NATIVE,7,128,0,0,0,-0.37109375,-0.17578125,205.34617594194654,1.3601874625929582,-2.4144210484652175,-2.4942600431629569,-2.4856964088403029,-0.079838994697739363,-0.071275360375085306,-2.5
CLSVOF_LS_NATIVE,7,128,0,0,0,-0.37109375,-0.16796875,204.35300917502948,0.93990916522916146,-2.4774093997765889,-2.5099605865722596,-2.5028869146244701,-0.032551186795670706,-0.025477514847881189,-2.5
CLSVOF_LS_NATIVE,7,128,0,0,0,-0.37109375,-0.16015625,203.34401096157734,0.5357284114961246,-2.4627456951751747,-2.5079187146030257,-2.4982693566314191,-0.045173019427851013,-0.035523661456244415,-2.5
CLSVOF_LS_NATIVE,7,128,0,0,0,-0.37109375,-0.15234375,202.31944039297491,0.14771570583249902,-2.4844354860966451,-2.4933730437995374,-2.4895012754209205,-0.0089375577028922848,-0.0050657893242753715,-2.5
CLSVOF_LS_NATIVE,7,128,0,0,0,-0.37109375,-0.14453125,201.27960442769526,0.2236692761407981,-2.4991014017605497,-2.4978006965307942,-2.4938507746611225,0.001300705229755561,0.0052506270994272519,-2.5
CLSVOF_LS_NATIVE,7,128,0,0,0,-0.37109375,-0.13671875,200.22485943116791,0.57809321408152037,-2.5263405687704696,-2.5041685821362942,-2.5012887199947014,0.022171986634175411,0.025051848775768271,-2.5
CLSVOF_LS_NATIVE,7,128,0,0,0,-0.37109375,-0.12890625,199.15561244543952,0.91517600165820834,-2.5608603701771941,-2.5255110059911994,-2.5225969923484044,0.035349364185994769,0.038263377828789746,-2.5
CLSVOF_LS_NATIVE,7,128,0,0,0,-0.37109375,-0.12109375,198.07232214895933,1.2343897490163567,-2.5625283697391614,-2.5044664125498635,-2.504565610850038,0.058061957189297964,0.057962758889123389,-2.5
CLSVOF_LS_NATIVE,7,128,0,0,0,-0.37109375,-0.11328125,196.97549946792958,1.5355210963638919,-2.5631387937520587,-2.5043103135857052,-2.5034110368641533,0.058828480166353447,0.059727756887905326,-2.5
CLSVOF_LS_NATIVE,7,128,0,0,0,-0.37109375,-0.10546875,195.86570780277364,1.8183621081941548,-2.6057930548298045,-2.5100830537292587,-2.511793771704641,0.095710001100545838,0.09399928312516348,-2.5
CLSVOF_LS_NATIVE,7,128,0,0,0,-0.37109375,0.10546875,164.13429219722636,1.8183621081941548,-2.6057930548298827,-2.4773415082256354,-2.5117937717046406,0.12845154660424729,0.093999283125242084,-2.5
CLSVOF_LS_NATIVE,7,128,0,0,0,-0.37109375,0.11328125,163.02450053207042,1.5355210963638919,-2.5631387937520556,-2.481003241920785,-2.5034110368641618,0.082135551831270526,0.059727756887893779,-2.5
CLSVOF_LS_NATIVE,7,128,0,0,0,-0.37109375,0.12109375,161.92767785104067,1.2343897490163567,-2.5625283697391494,-2.4905202136543778,-2.5045656108500376,0.072008156084771624,0.057962758889111843,-2.5
CLSVOF_LS_NATIVE,7,128,0,0,0,-0.37109375,0.12890625,160.84438755456048,0.91517600165820834,-2.5608603701772066,-2.5199152722541984,-2.5225969923484044,0.040945097923008156,0.038263377828802181,-2.5
CLSVOF_LS_NATIVE,7,128,0,0,0,-0.37109375,0.13671875,159.77514056883209,0.57809321408152037,-2.5263405687704648,-2.4960622013663492,-2.5012887199947018,0.030278367404115603,0.025051848775762942,-2.5
CLSVOF_LS_NATIVE,7,128,0,0,0,-0.37109375,0.14453125,158.72039557230474,0.2236692761407981,-2.4991014017605528,-2.4896987155585304,-2.4938507746611225,0.0094026862020224478,0.0052506270994303605,-2.5
CLSVOF_LS_NATIVE,7,128,0,0,0,-0.37109375,0.15234375,157.68055960702509,0.14771570583249902,-2.4844354860966393,-2.4881674630301065,-2.48950127542092,-0.0037319769334671626,-0.0050657893242807006,-2.5
CLSVOF_LS_NATIVE,7,128,0,0,0,-0.37109375,0.16015625,156.65598903842266,0.5357284114961246,-2.4627456951751716,-2.4949538373101734,-2.4982693566314191,-0.032208142135001783,-0.035523661456247524,-2.5
CLSVOF_LS_NATIVE,7,128,0,0,0,-0.37109375,0.16796875,155.64699082497052,0.93990916522916146,-2.4774093997765774,-2.5004931208347227,-2.5028869146244705,-0.023083721058145379,-0.025477514847893179,-2.5
CLSVOF_LS_NATIVE,7,128,0,0,0,-0.37109375,0.17578125,154.65382405805346,1.3601874625929582,-2.4144210484652118,-2.485355377899511,-2.4856964088403029,-0.070934329434299226,-0.071275360375091079,-2.5
CLSVOF_LS_NATIVE,7,128,0,0,0,-0.37109375,0.18359375,153.67670173219025,1.7957724954827643,-2.4244706016776196,-2.4736543898335288,-2.474299169459361,-0.049183788155909181,-0.049828567781741384,-2.5
CLSVOF_LS_NATIVE,7,128,0,0,0,-0.36328125,-0.19921875,208.73979529168787,1.8335500587273756,-2.4102141910402479,-2.4804097983618498,-2.4700925904182709,-0.070195607321601905,-0.059878399378022973,-2.5
CLSVOF_LS_NATIVE,7,128,0,0,0,-0.36328125,-0.19140625,207.78392641220913,1.3601875882028853,-2.4292244713853108,-2.500315479777135,-2.4911357790861097,-0.07109100839182414,-0.06191130770079889,-2.5
CLSVOF_LS_NATIVE,7,128,0,0,0,-0.36328125,-0.18359375,206.81095430034853,0.90155937976191181,-2.4774293365314799,-2.5151932168858613,-2.5058840711971886,-0.037763880354381385,-0.028454734665708692,-2.5
CLSVOF_LS_NATIVE,7,128,0,0,0,-0.36328125,-0.17578125,205.8209919741891,0.45839394207437018,-2.4380621436179593,-2.5080636237679577,-2.4983789655382673,-0.070001480149998407,-0.060316821920308072,-2.5
CLSVOF_LS_NATIVE,7,128,0,0,0,-0.36328125,-0.16796875,204.81419699053498,0.030549749005389839,-2.5454013587909001,-2.5088612432434791,-2.5024791021409669,0.036540115547420982,0.04292225664993321,-2.5
CLSVOF_LS_NATIVE,7,128,0,0,0,-0.36328125,-0.16015625,203.79077386577703,0.3808414156413511,-2.4943467734221052,-2.5100453218707175,-2.5051952665114596,-0.015698548448612293,-0.010848493089354427,-2.5
CLSVOF_LS_NATIVE,7,128,0,0,0,-0.36328125,-0.15234375,202.75097634278748,0.77603128530138432,-2.5573363774558895,-2.5092779351500418,-2.5053149673005177,0.04805844230584766,0.052021410155371761,-2.5
CLSVOF_LS_NATIVE,7,128,0,0,0,-0.36328125,-0.14453125,201.69510946079671,1.1542151004471755,-2.538692872510226,-2.4967608602717188,-2.4978646628256467,0.041932012238507177,0.040828209684579342,-2.5
CLSVOF_LS_NATIVE,7,128,0,0,0,-0.36328125,-0.13671875,200.62353138332506,1.5152894104139802,-2.5649184882491234,-2.503502773439382,-2.5034800390846641,0.061415714809741395,0.061438449164459286,-2.5
CLSVOF_LS_NATIVE,7,128,0,0,0,-0.36328125,-0.12890625,199.53665493812821,1.8588044501436798,-2.6037840825897116,-2.5125043010481916,-2.5139935597050185,0.091279781541520055,0.089790522884693136,-2.5
CLSVOF_LS_NATIVE,7,128,0,0,0,-0.36328125,0.12890625,160.46334506187179,1.8588044501436798,-2.6037840825897138,-2.4799423868658979,-2.513993559705018,0.12384169572381598,0.0897905228846958,-2.5
CLSVOF_LS_NATIVE,7,128,0,0,0,-0.36328125,0.13671875,159.37646861667494,1.5152894104139802,-2.5649184882491265,-2.4795781790477562,-2.5034800390846641,0.085340309201370257,0.061438449164462394,-2.5
CLSVOF_LS_NATIVE,7,128,0,0,0,-0.36328125,0.14453125,158.30489053920329,1.1542151004471755,-2.538692872510218,-2.4851106813499069,-2.4978646628256467,0.053582191160311154,0.040828209684571348,-2.5
CLSVOF_LS_NATIVE,7,128,0,0,0,-0.36328125,0.15234375,157.24902365721252,0.77603128530138432,-2.5573363774558877,-2.5010141617954136,-2.5053149673005182,0.056322215660474129,0.052021410155369541,-2.5
CLSVOF_LS_NATIVE,7,128,0,0,0,-0.36328125,0.16015625,156.20922613422297,0.3808414156413511,-2.4943467734221105,-2.5008876038852037,-2.5051952665114596,-0.0065408304630931724,-0.010848493089349098,-2.5
CLSVOF_LS_NATIVE,7,128,0,0,0,-0.36328125,0.16796875,155.18580300946502,0.030549749005389842,-2.5454013587908975,-2.4974868953547542,-2.5024791021409674,0.047914463436143251,0.042922256649930102,-2.5
CLSVOF_LS_NATIVE,7,128,0,0,0,-0.36328125,0.17578125,154.1790080258109,0.45839394207437018,-2.4380621436179566,-2.4945038141069373,-2.4983789655382678,-0.056441670488980744,-0.060316821920311181,-2.5
CLSVOF_LS_NATIVE,7,128,0,0,0,-0.36328125,0.18359375,153.18904569965147,0.90155937976191181,-2.477429336531491,-2.5028245943415275,-2.5058840711971886,-0.025395257810036487,-0.02845473466569759,-2.5
CLSVOF_LS_NATIVE,7,128,0,0,0,-0.36328125,0.19140625,152.21607358779087,1.3601875882028853,-2.4292244713852997,-2.4908253544206058,-2.4911357790861093,-0.061600883035306087,-0.061911307700809548,-2.5
CLSVOF_LS_NATIVE,7,128,0,0,0,-0.36328125,0.19921875,151.26020470831213,1.8335500587273756,-2.4102141910402599,-2.4696279574330404,-2.4700925904182709,-0.059413766392780509,-0.059878399378010982,-2.5
CLSVOF_LS_NATIVE,7,128,0,0,0,-0.35546875,-0.21484375,211.14858098619487,1.9654220045039745,-2.3970744927873771,-2.4744287903468489,-2.4643662549852055,-0.077354297559471874,-0.067291762197828398,-2.5
CLSVOF_LS_NATIVE,7,128,0,0,0,-0.35546875,-0.20703125,210.21727395738418,1.4552146572973532,-2.4499115721341425,-2.5015897194565988,-2.4932709119637249,-0.051678147322456347,-0.0433593398295824,-2.5
CLSVOF_LS_NATIVE,7,128,0,0,0,-0.35546875,-0.19921875,209.26799521489255,0.95926336852423821,-2.442453174608878,-2.5049069941624627,-2.4972839853022126,-0.062453819553584644,-0.05483081069333462,-2.5
CLSVOF_LS_NATIVE,7,128,0,0,0,-0.35546875,-0.19140625,208.3007557660062,0.47779602556314521,-2.4485498791259124,-2.5079132329567315,-2.4980107782255132,-0.059363353830819143,-0.04946089909960083,-2.5
CLSVOF_LS_NATIVE,7,128,0,0,0,-0.35546875,-0.18359375,207.3156079734421,0.010983821918747834,-2.5728075999965259,-2.5176398116466601,-2.5098983382640427,0.055167788349865798,0.062909261732483124,-2.5
CLSVOF_LS_NATIVE,7,128,0,0,0,-0.35546875,-0.17578125,206.31264849478868,0.43988954324046975,-2.4849500318431197,-2.5124746611189002,-2.5050523830734677,-0.027524629275780477,-0.020102351230347981,-2.5
CLSVOF_LS_NATIVE,7,128,0,0,0,-0.35546875,-0.16796875,205.29202115702111,0.87530397114479841,-2.5597136033885692,-2.5252751107917417,-2.518574926304658,0.034438492596827519,0.041138677083911279,-2.5
CLSVOF_LS_NATIVE,7,128,0,0,0,-0.35546875,-0.16015625,204.25391972431643,1.2943363332979863,-2.5530725031056285,-2.508857794416258,-2.5106218269698384,0.044214708689370497,0.042450676135790122,-2.5
CLSVOF_LS_NATIVE,7,128,0,0,0,-0.35546875,-0.15234375,203.19859051364804,1.6968709349589617,-2.598552572970124,-2.5142217160202076,-2.5144733786776761,0.084330856949916377,0.084079194292447923,-2.5
CLSVOF_LS_NATIVE,7,128,0,0,0,-0.35546875,0.15234375,156.80140948635196,1.6968709349589617,-2.5985525729701,-2.4852299792373032,-2.5144733786776765,0.11332259373279685,0.084079194292423498,-2.5
CLSVOF_LS_NATIVE,7,128,0,0,0,-0.35546875,0.16015625,155.74608027568357,1.2943363332979863,-2.5530725031056187,-2.4928210538143221,-2.5106218269698379,0.060251449291296666,0.042450676135780796,-2.5
CLSVOF_LS_NATIVE,7,128,0,0,0,-0.35546875,0.16796875,154.70797884297889,0.87530397114479841,-2.5597136033885763,-2.5157173907110191,-2.5185749263046584,0.043996212677557267,0.041138677083917941,-2.5
CLSVOF_LS_NATIVE,7,128,0,0,0,-0.35546875,0.17578125,153.68735150521132,0.43988954324046975,-2.4849500318431135,-2.5000460038824088,-2.5050523830734677,-0.015095972039295358,-0.020102351230354198,-2.5
CLSVOF_LS_NATIVE,7,128,0,0,0,-0.35546875,0.18359375,152.6843920265579,0.010983821918747834,-2.5728075999965276,-2.5068746644817024,-2.5098983382640432,0.065932935514825264,0.062909261732484456,-2.5
CLSVOF_LS_NATIVE,7,128,0,0,0,-0.35546875,0.19140625,151.6992442339938,0.47779602556314521,-2.4485498791259124,-2.4941270663762172,-2.4980107782255128,-0.045577187250304796,-0.049460899099600386,-2.5
CLSVOF_LS_NATIVE,7,128,0,0,0,-0.35546875,0.19921875,150.73200478510745,0.95926336852423821,-2.4424531746088727,-2.496911555103607,-2.4972839853022126,-0.054458380494734282,-0.054830810693339949,-2.5
CLSVOF_LS_NATIVE,7,128,0,0,0,-0.35546875,0.20703125,149.78272604261582,1.4552146572973532,-2.4499115721341425,-2.4940314885488752,-2.4932709119637249,-0.044119916414732785,-0.0433593398295824,-2.5
CLSVOF_LS_NATIVE,7,128,0,0,0,-0.35546875,0.21484375,148.85141901380513,1.9654220045039745,-2.3970744927873899,-2.464598429899306,-2.4643662549852055,-0.067523937111916066,-0.067291762197815519,-2.5
CLSVOF_LS_NATIVE,7,128,0,0,0,-0.34765625,-0.22265625,212.63750758428554,1.6447986541514943,-2.4220659672191989,-2.4812728635227517,-2.4736670703296904,-0.059206896303552803,-0.051601103110491486,-2.5
CLSVOF_LS_NATIVE,7,128,0,0,0,-0.34765625,-0.21484375,211.71513351509768,1.1126542969743805,-2.3886213747331446,-2.4791961629049135,-2.4748990751133579,-0.090574788171768894,-0.086277700380213318,-2.5
CLSVOF_LS_NATIVE,7,128,0,0,0,-0.34765625,-0.20703125,210.77403610124804,0.5938056286718626,-2.5026722785638285,-2.514303700522281,-2.5034345663608786,-0.01163142195845257,-0.00076228779705012073,-2.5
CLSVOF_LS_NATIVE,7,128,0,0,0,-0.34765625,-0.19921875,209.81416273779851,0.089323252104229575,-2.5304839460342343,-2.5116984401870415,-2.5064163238185673,0.018785505847192852,0.024067622215667051,-2.5
CLSVOF_LS_NATIVE,7,128,0,0,0,-0.34765625,-0.19140625,208.83550084774291,0.40027514595992614,-2.4652452252607682,-2.5029174631609035,-2.4955377994381478,-0.037672237900135297,-0.030292574177379628,-2.5
CLSVOF_LS_NATIVE,7,128,0,0,0,-0.34765625,-0.18359375,207.83808119713453,0.87521593187543489,-2.5657198178689802,-2.5310715963893777,-2.5227137718314334,0.034648221479602448,0.043006046037546763,-2.5
CLSVOF_LS_NATIVE,7,128,0,0,0,-0.34765625,-0.17578125,206.82198120158137,1.334413722423182,-2.5693684169380977,-2.512507517331803,-2.5162798962895465,0.056860899606294701,0.053088520648551185,-2.5
CLSVOF_LS_NATIVE,7,128,0,0,0,-0.34765625,-0.16796875,205.78732818281421,1.7776986747425194,-2.5891362408450309,-2.5135391432089875,-2.5135531697364821,0.075597097636043387,0.075583071108548783,-2.5
CLSVOF_LS_NATIVE,7,128,0,0,0,-0.34765625,0.16796875,154.21267181718579,1.7776986747425194,-2.5891362408450527,-2.4822651985418918,-2.5135531697364812,0.10687104230316091,0.075583071108571431,-2.5
CLSVOF_LS_NATIVE,7,128,0,0,0,-0.34765625,0.17578125,153.17801879841863,1.334413722423182,-2.5693684169380981,-2.4960802977818939,-2.5162798962895465,0.073288119156204257,0.053088520648551629,-2.5
CLSVOF_LS_NATIVE,7,128,0,0,0,-0.34765625,0.18359375,152.16191880286547,0.87521593187543489,-2.5657198178689824,-2.5203969536153026,-2.5227137718314334,0.045322864253679818,0.043006046037548984,-2.5
CLSVOF_LS_NATIVE,7,128,0,0,0,-0.34765625,0.19140625,151.16449915225709,0.40027514595992614,-2.4652452252607588,-2.4921033879145487,-2.4955377994381478,-0.026858162653789819,-0.030292574177388953,-2.5
CLSVOF_LS_NATIVE,7,128,0,0,0,-0.34765625,0.19921875,150.18583726220149,0.089323252104229575,-2.5304839460342277,-2.5051102953348443,-2.5064163238185673,0.025373650699383354,0.024067622215660389,-2.5
CLSVOF_LS_NATIVE,7,128,0,0,0,-0.34765625,0.20703125,149.22596389875196,0.5938056286718626,-2.5026722785638293,-2.4987509465579629,-2.5034345663608781,0.0039213320058664181,-0.00076228779704878846,-2.5
CLSVOF_LS_NATIVE,7,128,0,0,0,-0.34765625,0.21484375,148.28486648490232,1.1126542969743805,-2.3886213747331344,-2.4774057945452643,-2.4748990751133584,-0.088784419812129922,-0.086277700380223976,-2.5
CLSVOF_LS_NATIVE,7,128,0,0,0,-0.34765625,0.22265625,147.36249241571446,1.6447986541514943,-2.4220659672191789,-2.4759902619087644,-2.4736670703296899,-0.053924294689585484,-0.051601103110511026,-2.5
CLSVOF_LS_NATIVE,7,128,0,0,0,-0.33984375,-0.23828125,215.03619581009269,1.9278014327222415,-2.406109067917249,-2.4776681875609285,-2.4691376219771954,-0.071559119643679558,-0.063028554059946451,-2.5
CLSVOF_LS_NATIVE,7,128,0,0,0,-0.33984375,-0.23046875,214.14358665193762,1.360232980205214,-2.4617266584152206,-2.5164000315203872,-2.5100939420454114,-0.054673373105166512,-0.048367283630190716,-2.5
CLSVOF_LS_NATIVE,7,128,0,0,0,-0.33984375,-0.22265625,213.23171106797923,0.80572394738867337,-2.4901859158602928,-2.5318810045839011,-2.5227878698960264,-0.041695088723608276,-0.032601954035733627,-2.5
CLSVOF_LS_NATIVE,7,128,0,0,0,-0.33984375,-0.21484375,212.30041551040247,0.26491284607511117,-2.4200798257767993,-2.4881821763459135,-2.4809144070185107,-0.068102350569114289,-0.060834581241711483,-2.5
CLSVOF_LS_NATIVE,7,128,0,0,0,-0.33984375,-0.20703125,211.34958086524287,0.26248451005059564,-2.4735013303276854,-2.4897416548802895,-2.4816773388635536,-0.016240324552604157,-0.0081760085358681955,-2.5
CLSVOF_LS_NATIVE,7,128,0,0,0,-0.33984375,-0.19921875,210.37912601136819,0.7758268173298587,-2.5827033026627664,-2.5267225436025313,-2.5178870059249139,0.05598075906023503,0.064816296737852497,-2.5
CLSVOF_LS_NATIVE,7,128,0,0,0,-0.33984375,-0.19140625,209.3890114663202,1.2741070742653706,-2.5496197411616879,-2.5048364857083225,-2.5089012847774015,0.044783255453365367,0.040718456384286394,-2.5
CLSVOF_LS_NATIVE,7,128,0,0,0,-0.33984375,-0.18359375,208.37924308610781,1.7573579695407924,-2.5807159137438798,-2.5106544427812922,-2.5105391251559261,0.070061470962587524,0.07017678858795362,-2.5
CLSVOF_LS_NATIVE,7,128,0,0,0,-0.33984375,0.18359375,151.62075691389219,1.7573579695407924,-2.5807159137438784,-2.4796787095725863,-2.5105391251559257,0.10103720417129214,0.070176788587952732,-2.5
CLSVOF_LS_NATIVE,7,128,0,0,0,-0.33984375,0.19140625,150.6109885336798,1.2741070742653706,-2.5496197411616781,-2.4903141306483194,-2.5089012847774019,0.059305610513358697,0.04071845638427618,-2.5
CLSVOF_LS_NATIVE,7,128,0,0,0,-0.33984375,0.19921875,149.62087398863181,0.7758268173298587,-2.5827033026627628,-2.5138083022508972,-2.5178870059249139,0.068895000411865581,0.064816296737848944,-2.5
CLSVOF_LS_NATIVE,7,128,0,0,0,-0.33984375,0.20703125,148.65041913475713,0.26248451005059564,-2.473501330327692,-2.4786866684527848,-2.4816773388635536,-0.0051853381250928088,-0.0081760085358615342,-2.5
CLSVOF_LS_NATIVE,7,128,0,0,0,-0.33984375,0.21484375,147.69958448959753,0.26491284607511117,-2.420079825776797,-2.4785356480522767,-2.4809144070185103,-0.05845582227547963,-0.060834581241713259,-2.5
CLSVOF_LS_NATIVE,7,128,0,0,0,-0.33984375,0.22265625,146.76828893202077,0.80572394738867337,-2.4901859158602915,-2.5215431851767014,-2.5227878698960269,-0.031357269316409919,-0.032601954035735403,-2.5
CLSVOF_LS_NATIVE,7,128,0,0,0,-0.33984375,0.23046875,145.85641334806238,1.360232980205214,-2.4617266584152304,-2.5060536527075152,-2.5100939420454109,-0.044326994292284816,-0.048367283630180502,-2.5
CLSVOF_LS_NATIVE,7,128,0,0,0,-0.33984375,0.23828125,144.96380418990731,1.9278014327222415,-2.4061090679172299,-2.4661491663214834,-2.4691376219771954,-0.060040098404253506,-0.063028554059965547,-2.5
CLSVOF_LS_NATIVE,7,128,0,0,0,-0.33203125,-0.24609375,216.54497232282242,1.7015971122573454,-2.4094593968224229,-2.4668748159680272,-2.4641378227481776,-0.057415419145604218,-0.05467842592575467,-2.5
CLSVOF_LS_NATIVE,7,128,0,0,0,-0.33203125,-0.23828125,215.66500153686161,1.1127045591043672,-2.4043153320781241,-2.4772483087185826,-2.4764593163617041,-0.072932976640458502,-0.072143984283580043,-2.5
CLSVOF_LS_NATIVE,7,128,0,0,0,-0.33203125,-0.23046875,214.76519723657663,0.5359672088831795,-2.4782499200830919,-2.5204781666035254,-2.511462692395547,-0.042228246520433554,-0.033212772312455119,-2.5
CLSVOF_LS_NATIVE,7,128,0,0,0,-0.33203125,-0.22265625,213.84534026107153,0.027956414882854594,-2.6030840319174979,-2.5355530779805506,-2.5317654443230002,0.067530953936947302,0.071318587594497718,-2.5
CLSVOF_LS_NATIVE,7,128,0,0,0,-0.33203125,-0.21484375,212.90524292298775,0.57781700365933242,-2.5375499015007188,-2.5210569315729314,-2.5113401197396206,0.016492969927787371,0.026209781761098228,-2.5
CLSVOF_LS_NATIVE,7,128,0,0,0,-0.33203125,-0.20703125,211.94475277620325,1.1138834008868768,-2.5000154141089985,-2.4795432088393961,-2.4865289004455198,0.020472205269602473,0.01348651366347875,-2.5
CLSVOF_LS_NATIVE,7,128,0,0,0,-0.33203125,-0.19921875,210.96375653207338,1.636024831958456,-2.5830324830808693,-2.5060515805840762,-2.508418243200206,0.076980902496793124,0.074614239880663291,-2.5
CLSVOF_LS_NATIVE,7,128,0,0,0,-0.33203125,0.19921875,149.03624346792662,1.636024831958456,-2.5830324830808915,-2.4810083670035947,-2.5084182432002065,0.10202411607729678,0.074614239880685052,-2.5
CLSVOF_LS_NATIVE,7,128,0,0,0,-0.33203125,0.20703125,148.05524722379675,1.1138834008868768,-2.5000154141090034,-2.4716880242319039,-2.4865289004455198,0.028327389877099485,0.013486513663483635,-2.5
CLSVOF_LS_NATIVE,7,128,0,0,0,-0.33203125,0.21484375,147.09475707701225,0.57781700365933242,-2.5375499015007223,-2.5062540558878506,-2.5113401197396201,0.031295845612871798,0.026209781761102224,-2.5
CLSVOF_LS_NATIVE,7,128,0,0,0,-0.33203125,0.22265625,146.15465973892847,0.027956414882854594,-2.6030840319174997,-2.5240768807710121,-2.5317654443229998,0.079007151146487598,0.071318587594499938,-2.5
CLSVOF_LS_NATIVE,7,128,0,0,0,-0.33203125,0.23046875,145.23480276342337,0.5359672088831795,-2.4782499200830967,-2.5061417644680337,-2.511462692395547,-0.02789184438493697,-0.033212772312450234,-2.5
CLSVOF_LS_NATIVE,7,128,0,0,0,-0.33203125,0.23828125,144.33499846313839,1.1127045591043672,-2.4043153320781308,-2.4754976054296773,-2.4764593163617041,-0.071182273351546588,-0.072143984283573381,-2.5
CLSVOF_LS_NATIVE,7,128,0,0,0,-0.33203125,0.24609375,143.45502767717758,1.7015971122573454,-2.40945939682243,-2.4643355323015022,-2.4641378227481772,-0.054876135479072108,-0.054678425925747121,-2.5
CLSVOF_LS_NATIVE,7,128,0,0,0,-0.32421875,-0.25390625,218.06565109873029,1.512162583147302,-2.4490543218197138,-2.4947258583164595,-2.4964073798408393,-0.045671536496745713,-0.047353058021125438,-2.5
CLSVOF_LS_NATIVE,7,128,0,0,0,-0.32421875,-0.24609375,217.19981211581816,0.90199694844956291,-2.4401101759608954,-2.4992627507076763,-2.494823042212214,-0.059152574746780928,-0.054712866251318548,-2.5
CLSVOF_LS_NATIVE,7,128,0,0,0,-0.32421875,-0.23828125,216.3136454187632,0.30390025963164957,-2.4349051628363592,-2.4785795689417647,-2.4758909291545659,-0.043674406105405517,-0.040985766318206718,-2.5
CLSVOF_LS_NATIVE,7,128,0,0,0,-0.32421875,-0.23046875,215.4068657372695,0.28200148499032707,-2.4723359411916448,-2.4892069748277983,-2.4834580537572606,-0.016871033636153498,-0.011122112565615794,-2.5
CLSVOF_LS_NATIVE,7,128,0,0,0,-0.32421875,-0.22265625,214.47921568612549,0.85515873627900163,-2.5696908687810653,-2.5459207404483593,-2.5371998712876693,0.023770128332706086,0.032490997493396012,-2.5
CLSVOF_LS_NATIVE,7,128,0,0,0,-0.32421875,-0.21484375,213.53046966713296,1.4146085175101948,-2.6081908253648258,-2.5267756687537175,-2.5334490802272951,0.081415156611108319,0.074741745137530735,-2.5
CLSVOF_LS_NATIVE,7,128,0,0,0,-0.32421875,-0.20703125,212.56043798115331,1.9599779718735395,-2.5876232700539692,-2.5056056493533756,-2.5121562995672568,0.082017620700593596,0.075466970486712359,-2.5
CLSVOF_LS_NATIVE,7,128,0,0,0,-0.32421875,0.20703125,147.43956201884669,1.9599779718735395,-2.5876232700539896,-2.4758280076629946,-2.5121562995672573,0.11179526239099502,0.075466970486732343,-2.5
CLSVOF_LS_NATIVE,7,128,0,0,0,-0.32421875,0.21484375,146.46953033286704,1.4146085175101948,-2.6081908253648263,-2.5099775277035614,-2.5334490802272951,0.098213297661264853,0.074741745137531179,-2.5
CLSVOF_LS_NATIVE,7,128,0,0,0,-0.32421875,0.22265625,145.52078431387451,0.85515873627900163,-2.569690868781056,-2.5371108541720657,-2.5371998712876698,0.032580014608990293,0.032490997493386242,-2.5
CLSVOF_LS_NATIVE,7,128,0,0,0,-0.32421875,0.23046875,144.5931342627305,0.28200148499032707,-2.4723359411916452,-2.4818241393364193,-2.483458053757261,-0.0094881981447740849,-0.011122112565615794,-2.5
CLSVOF_LS_NATIVE,7,128,0,0,0,-0.32421875,0.23828125,143.6863545812368,0.30390025963164957,-2.4349051628363592,-2.4691301088902304,-2.4758909291545654,-0.034224946053871275,-0.040985766318206274,-2.5
CLSVOF_LS_NATIVE,7,128,0,0,0,-0.32421875,0.24609375,142.80018788418184,0.90199694844956291,-2.4401101759609021,-2.4903384645907325,-2.494823042212214,-0.05022828862983042,-0.054712866251311887,-2.5
CLSVOF_LS_NATIVE,7,128,0,0,0,-0.32421875,0.25390625,141.93434890126971,1.512162583147302,-2.4490543218197067,-2.4957271064688675,-2.4964073798408388,-0.046672784649160803,-0.047353058021132099,-2.5
CLSVOF_LS_NATIVE,7,128,0,0,0,-0.31640625,-0.26171875,219.59620863975013,1.3603346473071809,-2.438648389558582,-2.4971694627266214,-2.5020128698485173,-0.05852107316803945,-0.063364480289935354,-2.5
CLSVOF_LS_NATIVE,7,128,0,0,0,-0.31640625,-0.25390625,218.74596725608339,0.72874368072617235,-2.4940421241555626,-2.5388613459591363,-2.5300695456873279,-0.044819221803573672,-0.036027421531765302,-2.5
CLSVOF_LS_NATIVE,7,128,0,0,0,-0.31640625,-0.24609375,217.87498365109803,0.10902561233214697,-2.5085083789976772,-2.5090042056751534,-2.5069040789788524,-0.00049582667747616327,0.0016043000188248335,-2.5
CLSVOF_LS_NATIVE,7,128,0,0,0,-0.31640625,-0.23828125,216.98290692634453,0.49852701526127224,-2.5052018569496153,-2.4942886783367326,-2.4859098800938688,0.010913178612882657,0.019291976855746462,-2.5
CLSVOF_LS_NATIVE,7,128,0,0,0,-0.31640625,-0.23046875,216.06940989958085,1.0937516076470712,-2.5098416032200705,-2.4722447638757998,-2.4829589390769717,0.037596839344270716,0.026882664143098811,-2.5
CLSVOF_LS_NATIVE,7,128,0,0,0,-0.31640625,-0.22265625,215.13419305691551,1.6762879951518979,-2.5744236836730447,-2.5038632290276226,-2.5071172085804561,0.070560454645422155,0.067306475092588691,-2.5
CLSVOF_LS_NATIVE,7,128,0,0,0,-0.31640625,0.22265625,144.86580694308449,1.6762879951518979,-2.5744236836730607,-2.4811118954816411,-2.5071172085804561,0.093311788191419609,0.067306475092604678,-2.5
CLSVOF_LS_NATIVE,7,128,0,0,0,-0.31640625,0.23046875,143.93059010041915,1.0937516076470712,-2.509841603220075,-2.4706281041212077,-2.4829589390769717,0.039213499098867288,0.026882664143103252,-2.5
CLSVOF_LS_NATIVE,7,128,0,0,0,-0.31640625,0.23828125,143.01709307365547,0.49852701526127224,-2.5052018569496197,-2.4755345852566712,-2.4859098800938693,0.029667271692948471,0.019291976855750459,-2.5
CLSVOF_LS_NATIVE,7,128,0,0,0,-0.31640625,0.24609375,142.12501634890197,0.10902561233214698,-2.5085083789976816,-2.4984229054152189,-2.5069040789788524,0.010085473582462701,0.0016043000188292744,-2.5
CLSVOF_LS_NATIVE,7,128,0,0,0,-0.31640625,0.25390625,141.25403274391661,0.72874368072617235,-2.4940421241555715,-2.5205045524896996,-2.5300695456873279,-0.026462428334128152,-0.036027421531756421,-2.5
CLSVOF_LS_NATIVE,7,128,0,0,0,-0.31640625,0.26171875,140.40379136024987,1.3603346473071809,-2.4386483895585669,-2.5022564483922123,-2.5020128698485173,-0.063608058833645398,-0.063364480289950453,-2.5
CLSVOF_LS_NATIVE,7,128,0,0,0,-0.30859375,-0.27734375,221.94711748520743,1.9091024086607373,-2.4130805939572211,-2.4651428824861941,-2.466841876332686,-0.052062288528972989,-0.053761282375464958,-2.5
CLSVOF_LS_NATIVE,7,128,0,0,0,-0.30859375,-0.26953125,221.1345388301481,1.2463274438605432,-2.4261234767543791,-2.4839560434025478,-2.4868144152125247,-0.057832566648168715,-0.060690938458145549,-2.5
CLSVOF_LS_NATIVE,7,128,0,0,0,-0.30859375,-0.26171875,220.30131948270042,0.59405273324495067,-2.4556350608076429,-2.5188343129313315,-2.5060830901784525,-0.063199252123688598,-0.050448029370809611,-2.5
CLSVOF_LS_NATIVE,7,128,0,0,0,-0.30859375,-0.25390625,219.44702896696305,0.0473577749080554,-2.5626877944529292,-2.5198529125171309,-2.5168847990949423,0.042834881935798208,0.04580299535798682,-2.5
CLSVOF_LS_NATIVE,7,128,0,0,0,-0.30859375,-0.24609375,218.57125225116999,0.67672014656564372,-2.5608141310353303,-2.5357777837900581,-2.5263309431584915,0.02503634724527215,0.034483187876838794,-2.5
CLSVOF_LS_NATIVE,7,128,0,0,0,-0.30859375,-0.23828125,217.67359333983032,1.2939624198924935,-2.5549798055877946,-2.5003733939304098,-2.5077007140839269,0.054606411657384779,0.047279091503867665,-2.5
CLSVOF_LS_NATIVE,7,128,0,0,0,-0.30859375,-0.23046875,216.75367918553133,1.8989025294438766,-2.5788559135553686,-2.4978768979471382,-2.5000744421647778,0.080979015608230398,0.078781471390590774,-2.5
CLSVOF_LS_NATIVE,7,128,0,0,0,-0.30859375,0.23046875,143.24632081446867,1.8989025294438766,-2.578855913555385,-2.4700619815898812,-2.5000744421647778,0.1087939319655038,0.078781471390607205,-2.5
CLSVOF_LS_NATIVE,7,128,0,0,0,-0.30859375,0.23828125,142.32640666016968,1.2939624198924935,-2.5549798055878052,-2.4854479270533432,-2.5077007140839265,0.069531878534462077,0.047279091503878767,-2.5
CLSVOF_LS_NATIVE,7,128,0,0,0,-0.30859375,0.24609375,141.42874774883001,0.67672014656564372,-2.5608141310353281,-2.5167731016426611,-2.5263309431584919,0.044041029392666964,0.03448318787683613,-2.5
CLSVOF_LS_NATIVE,7,128,0,0,0,-0.30859375,0.25390625,140.55297103303695,0.047357774908055393,-2.5626877944529229,-2.506846066469115,-2.5168847990949414,0.055841727983807932,0.045802995357981491,-2.5
CLSVOF_LS_NATIVE,7,128,0,0,0,-0.30859375,0.26171875,139.69868051729958,0.59405273324495067,-2.455635060807638,-2.4955955844128015,-2.506083090178453,-0.039960523605163445,-0.05044802937081494,-2.5
CLSVOF_LS_NATIVE,7,128,0,0,0,-0.30859375,0.26953125,138.8654611698519,1.2463274438605432,-2.4261234767543871,-2.4883465391522352,-2.4868144152125242,-0.062223062397848139,-0.060690938458137111,-2.5
CLSVOF_LS_NATIVE,7,128,0,0,0,-0.30859375,0.27734375,138.05288251479257,1.9091024086607373,-2.4130805939572055,-2.4685384862717599,-2.466841876332686,-0.055457892314554336,-0.053761282375480501,-2.5
CLSVOF_LS_NATIVE,7,128,0,0,0,-0.30078125,-0.28515625,223.47247455778691,1.8526516602131942,-2.4190389391387903,-2.4673684123358299,-2.4702027818098422,-0.048329473197039619,-0.051163842671051896,-2.5
CLSVOF_LS_NATIVE,7,128,0,0,0,-0.30078125,-0.27734375,222.67846941016714,1.1701637587575959,-2.4324746891619462,-2.4874753992706387,-2.4901462594721897,-0.055000710108692452,-0.057671570310243503,-2.5
CLSVOF_LS_NATIVE,7,128,0,0,0,-0.30078125,-0.26953125,221.86364163166726,0.4977265434728535,-2.4501063724123449,-2.5040109571897018,-2.4914903714224268,-0.053904584777356934,-0.04138399901008194,-2.5
CLSVOF_LS_NATIVE,7,128,0,0,0,-0.30078125,-0.26171875,221.0275040592492,0.164383904519702,-2.5070810465310926,-2.4986120819815829,-2.4917424466587463,0.0084689645495097388,0.015338599872346315,-2.5
CLSVOF_LS_NATIVE,7,128,0,0,0,-0.30078125,-0.25390625,220.16958004170993,0.81539672007070818,-2.5484012276303125,-2.5377894391363847,-2.5250889702999686,0.010611788493927854,0.023312257330343922,-2.5
CLSVOF_LS_NATIVE,7,128,0,0,0,-0.30078125,-0.24609375,219.28940686250019,1.4547438957436241,-2.5902875487511272,-2.5200345160711373,-2.5283041063464196,0.070253032679989946,0.061983442404707656,-2.5
CLSVOF_LS_NATIVE,7,128,0,0,0,-0.30078125,0.24609375,140.71059313749981,1.4547438957436241,-2.5902875487511263,-2.5023209217636357,-2.5283041063464191,0.087966626987490582,0.061983442404707212,-2.5
CLSVOF_LS_NATIVE,7,128,0,0,0,-0.30078125,0.25390625,139.83041995829007,0.81539672007070818,-2.5484012276303147,-2.5178343554920883,-2.5250889702999686,0.030566872138226397,0.023312257330346142,-2.5
CLSVOF_LS_NATIVE,7,128,0,0,0,-0.30078125,0.26171875,138.9724959407508,0.164383904519702,-2.5070810465310878,-2.4831137578362465,-2.4917424466587459,0.023967288694841216,0.015338599872341874,-2.5
CLSVOF_LS_NATIVE,7,128,0,0,0,-0.30078125,0.26953125,138.13635836833274,0.4977265434728535,-2.4501063724123462,-2.48117886823756,-2.4914903714224268,-0.031072495825213764,-0.041383999010080608,-2.5
CLSVOF_LS_NATIVE,7,128,0,0,0,-0.30078125,0.27734375,137.32153058983286,1.1701637587575959,-2.4324746891619462,-2.4915511014625906,-2.4901462594721897,-0.059076412300644421,-0.057671570310243503,-2.5
CLSVOF_LS_NATIVE,7,128,0,0,0,-0.30078125,0.28515625,136.52752544221309,1.8526516602131942,-2.4190389391387832,-2.4722379700788806,-2.4702027818098422,-0.053199030940097369,-0.051163842671059001,-2.5
CLSVOF_LS_NATIVE,7,128,0,0,0,-0.29296875,-0.29296875,224.99999999999986,1.8338209263985676,-2.4201006413377146,-2.4671713537391602,-2.4711229614621226,-0.047070712401445558,-0.051022320124407994,-2.5
CLSVOF_LS_NATIVE,7,128,0,0,0,-0.29296875,-0.28515625,224.22577983507179,1.1320240871930818,-2.4345324042581162,-2.4906700879177457,-2.4937967953686084,-0.056137683659629456,-0.059264391110492198,-2.5
CLSVOF_LS_NATIVE,7,128,0,0,0,-0.29296875,-0.27734375,223.43064519525086,0.43976696386368569,-2.4634266959114739,-2.5077824727277864,-2.4957649896622662,-0.044355776816312531,-0.032338293750792335,-2.5
CLSVOF_LS_NATIVE,7,128,0,0,0,-0.29296875,-0.26953125,222.61405596961103,0.242637655788326,-2.5191859143154827,-2.501665780279958,-2.4921539027422663,0.017520134035524659,0.02703201157321633,-2.5
CLSVOF_LS_NATIVE,7,128,0,0,0,-0.29296875,-0.26171875,221.77547739347995,0.91448070902681744,-2.5292710673663277,-2.5163079375564679,-2.5119862532848378,0.012963129809859808,0.017284814081489852,-2.5
CLSVOF_LS_NATIVE,7,128,0,0,0,-0.29296875,-0.25390625,220.91438322002497,1.5754066951374039,-2.5706272873932621,-2.5090245954384196,-2.5122836056285869,0.06160269195484247,0.058343681764675193,-2.5
CLSVOF_LS_NATIVE,7,128,0,0,0,-0.29296875,0.25390625,139.08561677997503,1.5754066951374039,-2.5706272873932612,-2.4837523634234278,-2.5122836056285869,0.086874923969833429,0.058343681764674304,-2.5
CLSVOF_LS_NATIVE,7,128,0,0,0,-0.29296875,0.26171875,138.22452260652005,0.91448070902681744,-2.5292710673663219,-2.5101934997430195,-2.5119862532848392,0.019077567623302372,0.017284814081482747,-2.5
CLSVOF_LS_NATIVE,7,128,0,0,0,-0.29296875,0.26953125,137.38594403038897,0.242637655788326,-2.5191859143154818,-2.4837612032849643,-2.4921539027422663,0.035424711030517475,0.027032011573215442,-2.5
CLSVOF_LS_NATIVE,7,128,0,0,0,-0.29296875,0.27734375,136.56935480474914,0.43976696386368569,-2.4634266959114721,-2.4847226689314779,-2.4957649896622689,-0.021295973020005743,-0.032338293750796776,-2.5
CLSVOF_LS_NATIVE,7,128,0,0,0,-0.29296875,0.28515625,135.77422016492821,1.1320240871930818,-2.4345324042581127,-2.4947013286459434,-2.493796795368608,-0.060168924387830724,-0.059264391110495307,-2.5
CLSVOF_LS_NATIVE,7,128,0,0,0,-0.29296875,0.29296875,135.00000000000014,1.8338209263985676,-2.4201006413377075,-2.4728169895706125,-2.4711229614621226,-0.052716348232904942,-0.051022320124415099,-2.5
CLSVOF_LS_NATIVE,7,128,0,0,0,-0.28515625,-0.30078125,226.52752544221278,1.8526516602131942,-2.4190389391387903,-2.4666664883166751,-2.4702027818098422,-0.047627549177884809,-0.051163842671051896,-2.5
CLSVOF_LS_NATIVE,7,128,0,0,0,-0.28515625,-0.29296875,225.77422016492793,1.1320240871930818,-2.4345324042581162,-2.4906183789828984,-2.493796795368608,-0.056085974724782162,-0.059264391110491754,-2.5
CLSVOF_LS_NATIVE,7,128,0,0,0,-0.28515625,-0.28515625,224.99999999999986,0.42043084007885118,-2.465677137627079,-2.5084564251773411,-2.4962870021985859,-0.042779287550262168,-0.03060986457150694,-2.5
CLSVOF_LS_NATIVE,7,128,0,0,0,-0.28515625,-0.27734375,224.20427644726058,0.28182464500774213,-2.5207975100235482,-2.5077192168118336,-2.497716689894689,0.013078293211714609,0.023080820128859258,-2.5
CLSVOF_LS_NATIVE,7,128,0,0,0,-0.28515625,-0.26953125,223.38646106711869,0.97408609581125472,-2.5370064984925897,-2.5105336886952045,-2.5082155532755674,0.026472809797385199,0.028790945217022301,-2.5
CLSVOF_LS_NATIVE,7,128,0,0,0,-0.28515625,-0.26171875,222.54596832547278,1.6560079313361762,-2.5778033197797963,-2.5084982222881385,-2.5096443856705051,0.069305097491657808,0.068158934109291192,-2.5
CLSVOF_LS_NATIVE,7,128,0,0,0,-0.28515625,0.26171875,137.45403167452722,1.6560079313361762,-2.5778033197797918,-2.4800284630011342,-2.5096443856705077,0.097774856778657604,0.068158934109284086,-2.5
CLSVOF_LS_NATIVE,7,128,0,0,0,-0.28515625,0.26953125,136.61353893288131,0.97408609581125472,-2.5370064984925698,-2.5048368457656718,-2.5082155532755701,0.032169652726897979,0.028790945216999653,-2.5
CLSVOF_LS_NATIVE,7,128,0,0,0,-0.28515625,0.27734375,135.79572355273942,0.28182464500774213,-2.5207975100235545,-2.490293486671348,-2.4977166898947001,0.030504023352206477,0.023080820128854374,-2.5
CLSVOF_LS_NATIVE,7,128,0,0,0,-0.28515625,0.28515625,135.00000000000014,0.42043084007885118,-2.4656771376270736,-2.4843566649590691,-2.4962870021985908,-0.018679527331995516,-0.030609864571517154,-2.5
CLSVOF_LS_NATIVE,7,128,0,0,0,-0.28515625,0.29296875,134.22577983507207,1.1320240871930818,-2.4345324042581056,-2.4940427110054122,-2.493796795368608,-0.059510306747306618,-0.059264391110502412,-2.5
CLSVOF_LS_NATIVE,7,128,0,0,0,-0.28515625,0.30078125,133.47247455778722,1.8526516602131942,-2.419038939138797,-2.470984610117283,-2.4702027818098422,-0.051945670978486014,-0.051163842671045234,-2.5
CLSVOF_LS_NATIVE,7,128,0,0,0,-0.27734375,-0.30859375,228.05288251479229,1.9091024086607373,-2.4130805939572215,-2.467853878017308,-2.4668418763326905,-0.054773284060086525,-0.053761282375468955,-2.5
CLSVOF_LS_NATIVE,7,128,0,0,0,-0.27734375,-0.30078125,227.32153058983261,1.1701637587575959,-2.4324746891619462,-2.4871069321123773,-2.4901462594721897,-0.05463224295043112,-0.057671570310243503,-2.5
CLSVOF_LS_NATIVE,7,128,0,0,0,-0.27734375,-0.29296875,226.56935480474885,0.43976696386368569,-2.4634266959114739,-2.507691557999407,-2.4957649896622662,-0.044264862087933121,-0.032338293750792335,-2.5
CLSVOF_LS_NATIVE,7,128,0,0,0,-0.27734375,-0.28515625,225.79572355273913,0.28182464500774213,-2.5207975100235482,-2.5075907526532721,-2.4977166898946885,0.013206757370276101,0.023080820128859703,-2.5
CLSVOF_LS_NATIVE,7,128,0,0,0,-0.27734375,-0.27734375,224.99999999999986,0.99396848360150225,-2.5369398232896136,-2.508077229778475,-2.5072964869714927,0.028862593511138623,0.029643336318120994,-2.5
CLSVOF_LS_NATIVE,7,128,0,0,0,-0.27734375,-0.26953125,224.18154453831124,1.6963654467825122,-2.5812657322617643,-2.5112053310954439,-2.5107067279770829,0.070060401166320396,0.070559004284681315,-2.5
CLSVOF_LS_NATIVE,7,128,0,0,0,-0.27734375,0.26953125,135.81845546168876,1.6963654467825124,-2.5812657322618162,-2.4804432792275826,-2.5107067279770736,0.10082245303423365,0.070559004284742599,-2.5
CLSVOF_LS_NATIVE,7,128,0,0,0,-0.27734375,0.27734375,135.00000000000014,0.99396848360150225,-2.5369398232895928,-2.5015521295980081,-2.5072964869714895,0.035387693691584676,0.029643336318103231,-2.5
CLSVOF_LS_NATIVE,7,128,0,0,0,-0.27734375,0.28515625,134.20427644726087,0.28182464500774213,-2.5207975100235536,-2.4900207644039769,-2.497716689894693,0.030776745619576662,0.023080820128860591,-2.5
CLSVOF_LS_NATIVE,7,128,0,0,0,-0.27734375,0.29296875,133.43064519525115,0.43976696386368569,-2.463426695911469,-2.4832891025524679,-2.4957649896622662,-0.01986240664099892,-0.03233829375079722,-2.5
CLSVOF_LS_NATIVE,7,128,0,0,0,-0.27734375,0.30078125,132.67846941016739,1.1701637587575959,-2.4324746891619498,-2.4897351058542436,-2.4901462594721897,-0.05726041669229387,-0.05767157031023995,-2.5
CLSVOF_LS_NATIVE,7,128,0,0,0,-0.27734375,0.30859375,131.94711748520771,1.9091024086607373,-2.4130805939572215,-2.4662077986691875,-2.46684187633269,-0.05312720471196597,-0.053761282375468511,-2.5
CLSVOF_LS_NATIVE,7,128,0,0,0,-0.26953125,-0.30859375,228.86546116985161,1.2463274438605432,-2.4261234767543796,-2.4857705525556635,-2.4868144152125282,-0.059647075801283922,-0.060690938458148658,-2.5
CLSVOF_LS_NATIVE,7,128,0,0,0,-0.26953125,-0.30078125,228.13635836833245,0.4977265434728535,-2.450106372412352,-2.5040556063520651,-2.4914903714224272,-0.053949233939713181,-0.041383999010075279,-2.5
CLSVOF_LS_NATIVE,7,128,0,0,0,-0.26953125,-0.29296875,227.38594403038869,0.242637655788326,-2.5191859143154827,-2.5029579164847773,-2.4921539027422663,0.016227997830705387,0.02703201157321633,-2.5
CLSVOF_LS_NATIVE,7,128,0,0,0,-0.26953125,-0.28515625,226.61353893288106,0.97408609581125472,-2.5370064984925933,-2.51088037150258,-2.5082155532755674,0.026126126990013265,0.028790945217025854,-2.5
CLSVOF_LS_NATIVE,7,128,0,0,0,-0.26953125,-0.27734375,225.81845546168847,1.6963654467825122,-2.5812657322617643,-2.512006294521214,-2.5107067279770829,0.069259437740550212,0.070559004284681315,-2.5
CLSVOF_LS_NATIVE,7,128,0,0,0,-0.26953125,0.27734375,134.18154453831153,1.6963654467825122,-2.5812657322617447,-2.4807133608362166,-2.5107067279770652,0.10055237142552809,0.070559004284679538,-2.5
CLSVOF_LS_NATIVE,7,128,0,0,0,-0.26953125,0.28515625,133.38646106711894,0.97408609581125472,-2.5370064984925862,-2.504292768238582,-2.5082155532755648,0.032713730254004147,0.028790945217021413,-2.5
CLSVOF_LS_NATIVE,7,128,0,0,0,-0.26953125,0.29296875,132.61405596961131,0.24263765578832605,-2.5191859143155018,-2.4830820539895284,-2.4921539027422659,0.036103860325973347,0.02703201157323587,-2.5
CLSVOF_LS_NATIVE,7,128,0,0,0,-0.26953125,0.30078125,131.86364163166755,0.4977265434728535,-2.4501063724123551,-2.4790542433639047,-2.4914903714224272,-0.028947870951549604,-0.04138399901007217,-2.5
CLSVOF_LS_NATIVE,7,128,0,0,0,-0.26953125,0.30859375,131.13453883014839,1.2463274438605432,-2.4261234767543796,-2.4862851176002145,-2.4868144152125282,-0.060161640845834974,-0.060690938458148658,-2.5
CLSVOF_LS_NATIVE,7,128,0,0,0,-0.26171875,-0.31640625,230.40379136024958,1.3603346473071809,-2.4386483895585815,-2.506997263751797,-2.5020128698485178,-0.068348874193215448,-0.063364480289936242,-2.5
CLSVOF_LS_NATIVE,7,128,0,0,0,-0.26171875,-0.30859375,229.69868051729932,0.59405273324495067,-2.455635060807642,-2.5169972367920908,-2.5060830901784463,-0.061362175984448708,-0.050448029370804282,-2.5
CLSVOF_LS_NATIVE,7,128,0,0,0,-0.26171875,-0.30078125,228.97249594075052,0.164383904519702,-2.5070810465310926,-2.4991284426260605,-2.4917424466587477,0.0079526039050321629,0.015338599872344982,-2.5
CLSVOF_LS_NATIVE,7,128,0,0,0,-0.26171875,-0.29296875,228.22452260651977,0.91448070902681744,-2.5292710673663281,-2.5152506243746924,-2.5119862532848396,0.01402044299163574,0.01728481408148852,-2.5
CLSVOF_LS_NATIVE,7,128,0,0,0,-0.26171875,-0.28515625,227.45403167452693,1.6560079313361762,-2.5778033197797963,-2.5107883092030066,-2.5096443856705051,0.067015010576789713,0.068158934109291192,-2.5
CLSVOF_LS_NATIVE,7,128,0,0,0,-0.26171875,0.28515625,132.54596832547307,1.6560079313361762,-2.5778033197797989,-2.4821130624323056,-2.5096443856705086,0.095690257347493368,0.068158934109290303,-2.5
CLSVOF_LS_NATIVE,7,128,0,0,0,-0.26171875,0.29296875,131.77547739348023,0.91448070902681744,-2.5292710673663255,-2.5087335831260158,-2.5119862532848383,0.020537484240309656,0.017284814081487188,-2.5
CLSVOF_LS_NATIVE,7,128,0,0,0,-0.26171875,0.30078125,131.02750405924948,0.164383904519702,-2.5070810465310998,-2.4808475288186065,-2.4917424466587463,0.026233517712493271,0.01533859987235342,-2.5
CLSVOF_LS_NATIVE,7,128,0,0,0,-0.26171875,0.30859375,130.30131948270068,0.59405273324495067,-2.4556350608076407,-2.4941539522679124,-2.5060830901784468,-0.038518891460271654,-0.050448029370806058,-2.5
CLSVOF_LS_NATIVE,7,128,0,0,0,-0.26171875,0.31640625,129.59620863975042,1.3603346473071809,-2.4386483895585802,-2.5006993743030375,-2.5020128698485151,-0.062050984744457249,-0.06336448028993491,-2.5
CLSVOF_LS_NATIVE,7,128,0,0,0,-0.25390625,-0.32421875,231.93434890126943,1.512162583147302,-2.4490543218197134,-2.5021383699910533,-2.496407379840837,-0.053084048171339937,-0.047353058021123662,-2.5
CLSVOF_LS_NATIVE,7,128,0,0,0,-0.25390625,-0.31640625,231.25403274391633,0.72874368072617235,-2.494042124155563,-2.5434988137297148,-2.5300695456873212,-0.049456689574151724,-0.036027421531758197,-2.5
CLSVOF_LS_NATIVE,7,128,0,0,0,-0.25390625,-0.30859375,230.55297103303667,0.0473577749080554,-2.5626877944529221,-2.5240409636116579,-2.5168847990949348,0.03864683084126419,0.045802995357987264,-2.5
CLSVOF_LS_NATIVE,7,128,0,0,0,-0.25390625,-0.30078125,229.83041995828981,0.81539672007070818,-2.5484012276303294,-2.541418557460406,-2.5250889702999659,0.0069826701699233773,0.023312257330363462,-2.5
CLSVOF_LS_NATIVE,7,128,0,0,0,-0.25390625,-0.29296875,229.08561677997474,1.5754066951374039,-2.5706272873932692,-2.5117217712599067,-2.5122836056285878,0.058905516133362479,0.05834368176468141,-2.5
CLSVOF_LS_NATIVE,7,128,0,0,0,-0.25390625,0.29296875,130.91438322002526,1.5754066951374039,-2.5706272873932612,-2.4886130578597827,-2.5122836056285869,0.082014229533478478,0.058343681764674304,-2.5
CLSVOF_LS_NATIVE,7,128,0,0,0,-0.25390625,0.30078125,130.16958004171019,0.81539672007070818,-2.5484012276303103,-2.5154605784306807,-2.5250889702999677,0.032940649199629579,0.02331225733034259,-2.5
CLSVOF_LS_NATIVE,7,128,0,0,0,-0.25390625,0.30859375,129.44702896696333,0.047357774908055393,-2.5626877944529198,-2.5068478691508469,-2.5168847990949361,0.055839925302072935,0.045802995357983711,-2.5
CLSVOF_LS_NATIVE,7,128,0,0,0,-0.25390625,0.31640625,128.74596725608367,0.72874368072617235,-2.4940421241555688,-2.5191650060196977,-2.5300695456873208,-0.025122881864128921,-0.03602742153175198,-2.5
CLSVOF_LS_NATIVE,7,128,0,0,0,-0.25390625,0.32421875,128.06565109873057,1.512162583147302,-2.4490543218197014,-2.4945049888192052,-2.496407379840837,-0.045450666999503841,-0.047353058021135652,-2.5
CLSVOF_LS_NATIVE,7,128,0,0,0,-0.24609375,-0.33203125,233.45502767717733,1.7015971122573454,-2.4094593968224234,-2.4721245604331585,-2.4641378227481652,-0.062665163610735153,-0.054678425925741792,-2.5
CLSVOF_LS_NATIVE,7,128,0,0,0,-0.24609375,-0.32421875,232.80018788418155,0.90199694844956291,-2.440110175960895,-2.5031460342396739,-2.4948230422122073,-0.063035858278778889,-0.054712866251312331,-2.5
CLSVOF_LS_NATIVE,7,128,0,0,0,-0.24609375,-0.31640625,232.12501634890168,0.10902561233214697,-2.5085083789976825,-2.5174198452838792,-2.5069040789788479,-0.0089114662861966565,0.0016043000188346035,-2.5
CLSVOF_LS_NATIVE,7,128,0,0,0,-0.24609375,-0.30859375,231.42874774882972,0.67672014656564361,-2.5608141310353134,-2.5384225471369102,-2.5263309431584822,0.022391583898403233,0.034483187876831245,-2.5
CLSVOF_LS_NATIVE,7,128,0,0,0,-0.24609375,-0.30078125,230.7105931374995,1.4547438957436238,-2.5902875487510761,-2.5256756551719857,-2.5283041063464138,0.064611893579090474,0.061983442404662359,-2.5
CLSVOF_LS_NATIVE,7,128,0,0,0,-0.24609375,0.30078125,129.2894068625005,1.4547438957436241,-2.5902875487511321,-2.5103523528033227,-2.5283041063464222,0.079935195947809401,0.061983442404709876,-2.5
CLSVOF_LS_NATIVE,7,128,0,0,0,-0.24609375,0.30859375,128.57125225117028,0.67672014656564372,-2.5608141310353258,-2.5165105900339668,-2.5263309431584915,0.044303541001359026,0.034483187876834354,-2.5
CLSVOF_LS_NATIVE,7,128,0,0,0,-0.24609375,0.31640625,127.87498365109833,0.10902561233214697,-2.5085083789976768,-2.4955887932212608,-2.5069040789788488,0.012919585776415943,0.0016043000188279422,-2.5
CLSVOF_LS_NATIVE,7,128,0,0,0,-0.24609375,0.32421875,127.19981211581845,0.90199694844956291,-2.4401101759609012,-2.48979501995621,-2.4948230422122073,-0.049684843995308814,-0.054712866251306114,-2.5
CLSVOF_LS_NATIVE,7,128,0,0,0,-0.24609375,0.33203125,126.54497232282266,1.7015971122573454,-2.4094593968224163,-2.4635280828269384,-2.4641378227481652,-0.054068686004522082,-0.054678425925748897,-2.5
CLSVOF_LS_NATIVE,7,128,0,0,0,-0.23828125,-0.33984375,234.96380418990705,1.927801432722241,-2.4061090679172978,-2.4798121637961041,-2.4691376219771941,-0.073703095878806302,-0.063028554059896269,-2.5
CLSVOF_LS_NATIVE,7,128,0,0,0,-0.23828125,-0.33203125,234.33499846313811,1.1127045591043672,-2.4043153320781054,-2.4819054507614928,-2.4764593163616953,-0.077590118683387388,-0.072143984283589813,-2.5
CLSVOF_LS_NATIVE,7,128,0,0,0,-0.23828125,-0.32421875,233.68635458123651,0.30390025963164957,-2.4349051628363592,-2.4864296386924893,-2.4758909291545628,-0.051524475856130181,-0.040985766318203609,-2.5
CLSVOF_LS_NATIVE,7,128,0,0,0,-0.23828125,-0.31640625,233.01709307365519,0.49852701526127224,-2.5052018569496153,-2.5032141370248557,-2.4859098800938724,0.0019877199247595456,0.019291976855742909,-2.5
CLSVOF_LS_NATIVE,7,128,0,0,0,-0.23828125,-0.30859375,232.3264066601694,1.2939624198924935,-2.5549798055878243,-2.502902547560474,-2.5077007140839411,0.052077258027350304,0.047279091503883208,-2.5
CLSVOF_LS_NATIVE,7,128,0,0,0,-0.23828125,0.30859375,127.6735933398306,1.2939624198924935,-2.5549798055877884,-2.4967324982622516,-2.5077007140839287,0.058247307325536735,0.047279091503859672,-2.5
CLSVOF_LS_NATIVE,7,128,0,0,0,-0.23828125,0.31640625,126.9829069263448,0.49852701526127224,-2.5052018569496033,-2.4757915223659799,-2.485909880093867,0.02941033458362341,0.019291976855736248,-2.5
CLSVOF_LS_NATIVE,7,128,0,0,0,-0.23828125,0.32421875,126.31364541876347,0.30390025963164957,-2.4349051628363516,-2.4689513850343232,-2.4758909291545628,-0.034046222197971598,-0.040985766318211159,-2.5
CLSVOF_LS_NATIVE,7,128,0,0,0,-0.23828125,0.33203125,125.66500153686191,1.1127045591043672,-2.4043153320781019,-2.4766936031471163,-2.4764593163616948,-0.072378271069014399,-0.072143984283592921,-2.5
CLSVOF_LS_NATIVE,7,128,0,0,0,-0.23828125,0.33984375,125.03619581009295,1.927801432722241,-2.4061090679172912,-2.4668675751266371,-2.4691376219771941,-0.060758507209345947,-0.06302855405990293,-2.5
CLSVOF_LS_NATIVE,7,128,0,0,0,-0.23046875,-0.33984375,235.85641334806212,1.3602329802052138,-2.4617266584152038,-2.5165611294940957,-2.5100939420454313,-0.054834471078891944,-0.048367283630227575,-2.5
CLSVOF_LS_NATIVE,7,128,0,0,0,-0.23046875,-0.33203125,235.23480276342309,0.53596720888317939,-2.4782499200831349,-2.5258652051883388,-2.5114626923955559,-0.047615285105203853,-0.033212772312420924,-2.5
CLSVOF_LS_NATIVE,7,128,0,0,0,-0.23046875,-0.32421875,234.59313426273022,0.28200148499032707,-2.4723359411916404,-2.4986831269679923,-2.4834580537572659,-0.026347185776351978,-0.011122112565625564,-2.5
CLSVOF_LS_NATIVE,7,128,0,0,0,-0.23046875,-0.31640625,233.93059010041887,1.0937516076470712,-2.5098416032200705,-2.4799206009433146,-2.4829589390769722,0.029921002276755981,0.026882664143098367,-2.5
CLSVOF_LS_NATIVE,7,128,0,0,0,-0.23046875,-0.30859375,233.24632081446839,1.8989025294438766,-2.5788559135553473,-2.503862035757908,-2.5000744421647871,0.074993877797439268,0.078781471390560132,-2.5
CLSVOF_LS_NATIVE,7,128,0,0,0,-0.23046875,0.30859375,126.7536791855316,1.8989025294438766,-2.5788559135553766,-2.4714143763686414,-2.5000744421647778,0.10744153718673521,0.078781471390598767,-2.5
CLSVOF_LS_NATIVE,7,128,0,0,0,-0.23046875,0.31640625,126.06940989958113,1.0937516076470712,-2.5098416032200657,-2.4759696622515204,-2.4829589390769717,0.033871940968545289,0.026882664143093926,-2.5
CLSVOF_LS_NATIVE,7,128,0,0,0,-0.23046875,0.32421875,125.40686573726978,0.28200148499032707,-2.4723359411916341,-2.4742943286441816,-2.4834580537572664,-0.0019583874525475053,-0.011122112565632225,-2.5
CLSVOF_LS_NATIVE,7,128,0,0,0,-0.23046875,0.33203125,124.76519723657692,0.53596720888317939,-2.4782499200831367,-2.4998628256043163,-2.5114626923955559,-0.02161290552117956,-0.033212772312419148,-2.5
CLSVOF_LS_NATIVE,7,128,0,0,0,-0.23046875,0.33984375,124.14358665193787,1.3602329802052138,-2.4617266584151993,-2.5085674899783879,-2.5100939420454313,-0.046840831563188523,-0.048367283630232016,-2.5
CLSVOF_LS_NATIVE,7,128,0,0,0,-0.22265625,-0.34765625,237.36249241571417,1.6447986541514943,-2.4220659672191056,-2.4810010432329634,-2.4736670703296868,-0.058935076013857834,-0.051601103110581192,-2.5
CLSVOF_LS_NATIVE,7,128,0,0,0,-0.22265625,-0.33984375,236.76828893202054,0.80572394738867337,-2.4901859158602986,-2.5312745947657671,-2.5227878698960384,-0.041088678905468523,-0.032601954035739844,-2.5
CLSVOF_LS_NATIVE,7,128,0,0,0,-0.22265625,-0.33203125,236.15465973892816,0.02795641488285458,-2.6030840319174944,-2.5433793807465079,-2.5317654443230015,0.059704651170986445,0.071318587594492833,-2.5
CLSVOF_LS_NATIVE,7,128,0,0,0,-0.22265625,-0.32421875,235.52078431387423,0.85515873627900163,-2.5696908687810693,-2.5521112216467587,-2.5371998712876707,0.017579647134310594,0.032490997493398677,-2.5
CLSVOF_LS_NATIVE,7,128,0,0,0,-0.22265625,-0.31640625,234.86580694308424,1.6762879951518979,-2.5744236836730447,-2.5124916515056297,-2.5071172085804507,0.061932032167415052,0.06730647509259402,-2.5
CLSVOF_LS_NATIVE,7,128,0,0,0,-0.22265625,0.31640625,125.13419305691576,1.6762879951518979,-2.5744236836730416,-2.4859861721050338,-2.5071172085804538,0.088437511568007832,0.067306475092587803,-2.5
CLSVOF_LS_NATIVE,7,128,0,0,0,-0.22265625,0.32421875,124.47921568612576,0.85515873627900163,-2.5696908687810649,-2.5284042453834887,-2.5371998712876702,0.041286623397576161,0.03249099749339468,-2.5
CLSVOF_LS_NATIVE,7,128,0,0,0,-0.22265625,0.33203125,123.84534026107183,0.02795641488285459,-2.6030840319174913,-2.519463887453433,-2.5317654443230011,0.083620144464058299,0.071318587594490168,-2.5
CLSVOF_LS_NATIVE,7,128,0,0,0,-0.22265625,0.33984375,123.23171106797948,0.80572394738867337,-2.4901859158602897,-2.5160030111131624,-2.522787869896038,-0.025817095252872679,-0.032601954035748282,-2.5
CLSVOF_LS_NATIVE,7,128,0,0,0,-0.22265625,0.34765625,122.63750758428583,1.6447986541514943,-2.4220659672191163,-2.4713629084686137,-2.4736670703296872,-0.049296941249497461,-0.051601103110570978,-2.5
CLSVOF_LS_NATIVE,7,128,0,0,0,-0.21484375,-0.35546875,238.85141901380484,1.9654220045039745,-2.3970744927873904,-2.4761627493273868,-2.464366254985201,-0.079088256539996404,-0.067291762197810634,-2.5
CLSVOF_LS_NATIVE,7,128,0,0,0,-0.21484375,-0.34765625,238.28486648490207,1.1126542969743805,-2.3886213747331446,-2.4797961912321314,-2.4748990751133464,-0.091174816498986733,-0.086277700380201772,-2.5
CLSVOF_LS_NATIVE,7,128,0,0,0,-0.21484375,-0.33984375,237.69958448959724,0.26491284607511117,-2.4200798257768059,-2.4909286907864754,-2.4809144070185054,-0.070848865009669471,-0.060834581241699492,-2.5
CLSVOF_LS_NATIVE,7,128,0,0,0,-0.21484375,-0.33203125,237.09475707701196,0.57781700365933242,-2.5375499015007201,-2.5270953119895658,-2.5113401197396175,0.0104545895111543,0.026209781761102668,-2.5
CLSVOF_LS_NATIVE,7,128,0,0,0,-0.21484375,-0.32421875,236.46953033286678,1.4146085175101948,-2.6081908253648254,-2.5340013174822364,-2.5334490802272951,0.074189507882588934,0.074741745137530291,-2.5
CLSVOF_LS_NATIVE,7,128,0,0,0,-0.21484375,0.32421875,123.53046966713322,1.4146085175101948,-2.6081908253648263,-2.5193618009200325,-2.5334490802272951,0.088829024444793792,0.074741745137531179,-2.5
CLSVOF_LS_NATIVE,7,128,0,0,0,-0.21484375,0.33203125,122.90524292298804,0.57781700365933242,-2.5375499015007201,-2.5000110706983243,-2.5113401197396183,0.037538830802395839,0.02620978176110178,-2.5
CLSVOF_LS_NATIVE,7,128,0,0,0,-0.21484375,0.33984375,122.30041551040276,0.26491284607511117,-2.4200798257767957,-2.4712806747852265,-2.4809144070185054,-0.051200849008430804,-0.060834581241709706,-2.5
CLSVOF_LS_NATIVE,7,128,0,0,0,-0.21484375,0.34765625,121.71513351509792,1.1126542969743805,-2.3886213747331499,-2.4747250234581606,-2.4748990751133468,-0.08610364872501064,-0.086277700380196887,-2.5
CLSVOF_LS_NATIVE,7,128,0,0,0,-0.21484375,0.35546875,121.14858098619516,1.9654220045039745,-2.3970744927873762,-2.4612907981885774,-2.4643662549852006,-0.064216305401201268,-0.067291762197824401,-2.5
CLSVOF_LS_NATIVE,7,128,0,0,0,-0.20703125,-0.35546875,239.78272604261554,1.4552146572973532,-2.4499115721341416,-2.5006530032480532,-2.4932709119637289,-0.050741431113911606,-0.043359339829587284,-2.5
CLSVOF_LS_NATIVE,7,128,0,0,0,-0.20703125,-0.34765625,239.22596389875167,0.5938056286718626,-2.5026722785638271,-2.5162069240225273,-2.5034345663608764,-0.013534645458700201,-0.00076228779704923255,-2.5
CLSVOF_LS_NATIVE,7,128,0,0,0,-0.20703125,-0.33984375,238.65041913475687,0.26248451005059564,-2.4735013303276858,-2.4955872701667525,-2.4816773388635491,-0.022085939839066704,-0.0081760085358633106,-2.5
CLSVOF_LS_NATIVE,7,128,0,0,0,-0.20703125,-0.33203125,238.05524722379647,1.1138834008868768,-2.5000154141090016,-2.4847844842151439,-2.4865289004455198,0.01523092989385777,0.013486513663481858,-2.5
CLSVOF_LS_NATIVE,7,128,0,0,0,-0.20703125,-0.32421875,237.43956201884646,1.9599779718735395,-2.5876232700539696,-2.5206860692491704,-2.5121562995672568,0.066937200804799257,0.075466970486712803,-2.5
CLSVOF_LS_NATIVE,7,128,0,0,0,-0.20703125,0.32421875,122.56043798115356,1.9599779718735395,-2.5876232700539843,-2.4827916277015882,-2.5121562995672568,0.10483164235239606,0.075466970486727458,-2.5
CLSVOF_LS_NATIVE,7,128,0,0,0,-0.20703125,0.33203125,121.94475277620353,1.1138834008868768,-2.5000154141089981,-2.4814524092626931,-2.4865289004455198,0.01856300484630502,0.013486513663478306,-2.5
CLSVOF_LS_NATIVE,7,128,0,0,0,-0.20703125,0.33984375,121.34958086524313,0.26248451005059564,-2.4735013303276858,-2.4720770500544917,-2.4816773388635491,0.0014242802731940785,-0.0081760085358633106,-2.5
CLSVOF_LS_NATIVE,7,128,0,0,0,-0.20703125,0.34765625,120.77403610124831,0.5938056286718626,-2.5026722785638276,-2.4928422706014506,-2.5034345663608759,0.0098300079623769854,-0.00076228779704834437,-2.5
CLSVOF_LS_NATIVE,7,128,0,0,0,-0.20703125,0.35546875,120.21727395738445,1.4552146572973532,-2.449911572134138,-2.4913618831723383,-2.4932709119637284,-0.041450311038200294,-0.043359339829590393,-2.5
CLSVOF_LS_NATIVE,7,128,0,0,0,-0.19921875,-0.36328125,241.26020470831185,1.8335500587273756,-2.4102141910402479,-2.4808900372734013,-2.4700925904182736,-0.070675846233153372,-0.059878399378025637,-2.5
CLSVOF_LS_NATIVE,7,128,0,0,0,-0.19921875,-0.35546875,240.73200478510716,0.95926336852423821,-2.442453174608878,-2.5047171374480492,-2.4972839853022126,-0.062263962839171239,-0.05483081069333462,-2.5
CLSVOF_LS_NATIVE,7,128,0,0,0,-0.19921875,-0.34765625,240.18583726220118,0.089323252104229575,-2.5304839460342343,-2.5161767761535789,-2.5064163238185597,0.01430716988065539,0.0240676222156746,-2.5
CLSVOF_LS_NATIVE,7,128,0,0,0,-0.19921875,-0.33984375,239.62087398863156,0.7758268173298587,-2.5827033026627664,-2.5349006459315424,-2.5178870059249077,0.047802656731223969,0.064816296737858714,-2.5
CLSVOF_LS_NATIVE,7,128,0,0,0,-0.19921875,-0.33203125,239.03624346792634,1.636024831958456,-2.5830324830808693,-2.5115223448196433,-2.5084182432002051,0.071510138261225986,0.074614239880664179,-2.5
CLSVOF_LS_NATIVE,7,128,0,0,0,-0.19921875,0.33203125,120.96375653207365,1.636024831958456,-2.5830324830808671,-2.4891810707124895,-2.5084182432002047,0.093851412368377574,0.074614239880662403,-2.5
CLSVOF_LS_NATIVE,7,128,0,0,0,-0.19921875,0.33984375,120.37912601136846,0.7758268173298587,-2.5827033026627619,-2.5071417294970146,-2.5178870059249077,0.075561573165747298,0.064816296737854273,-2.5
CLSVOF_LS_NATIVE,7,128,0,0,0,-0.19921875,0.34765625,119.81416273779881,0.089323252104229575,-2.5304839460342357,-2.494559043306789,-2.5064163238185597,0.035924902727446639,0.024067622215675932,-2.5
CLSVOF_LS_NATIVE,7,128,0,0,0,-0.19921875,0.35546875,119.26799521489282,0.95926336852423821,-2.4424531746088762,-2.4949149184252146,-2.4972839853022126,-0.052461743816338391,-0.054830810693336396,-2.5
CLSVOF_LS_NATIVE,7,128,0,0,0,-0.19921875,0.36328125,118.73979529168817,1.8335500587273756,-2.4102141910402537,-2.4671638441914912,-2.4700925904182736,-0.056949653151237456,-0.059878399378019864,-2.5
CLSVOF_LS_NATIVE,7,128,0,0,0,-0.19140625,-0.36328125,242.21607358779062,1.3601875882028853,-2.4292244713853117,-2.4984720109147238,-2.4911357790861097,-0.069247539529412094,-0.061911307700798002,-2.5
CLSVOF_LS_NATIVE,7,128,0,0,0,-0.19140625,-0.35546875,241.69924423399351,0.47779602556314521,-2.4485498791259066,-2.5103216889545905,-2.4980107782255163,-0.06177180982868391,-0.049460899099609712,-2.5
CLSVOF_LS_NATIVE,7,128,0,0,0,-0.19140625,-0.34765625,241.16449915225678,0.40027514595992614,-2.4652452252607651,-2.5093991965162021,-2.4955377994381438,-0.044153971255437074,-0.030292574177378739,-2.5
CLSVOF_LS_NATIVE,7,128,0,0,0,-0.19140625,-0.33984375,240.61098853367955,1.2741070742653706,-2.5496197411616897,-2.508496930211976,-2.5089012847773993,0.041122810949713706,0.040718456384290391,-2.5
CLSVOF_LS_NATIVE,7,128,0,0,0,-0.19140625,0.33984375,119.38901146632045,1.2741070742653706,-2.5496197411616923,-2.5012028259181984,-2.5089012847773984,0.048416915243493897,0.040718456384293944,-2.5
CLSVOF_LS_NATIVE,7,128,0,0,0,-0.19140625,0.34765625,118.83550084774321,0.40027514595992614,-2.4652452252607633,-2.485824131814006,-2.4955377994381438,-0.020578906553242682,-0.030292574177380516,-2.5
CLSVOF_LS_NATIVE,7,128,0,0,0,-0.19140625,0.35546875,118.30075576600649,0.47779602556314521,-2.4485498791259119,-2.4872438155552397,-2.4980107782255163,-0.038693936429327724,-0.049460899099604383,-2.5
CLSVOF_LS_NATIVE,7,128,0,0,0,-0.19140625,0.36328125,117.7839264122094,1.3601875882028853,-2.4292244713853193,-2.4898731386523463,-2.4911357790861102,-0.060648667267027001,-0.061911307700790896,-2.5
CLSVOF_LS_NATIVE,7,128,0,0,0,-0.18359375,-0.37109375,243.67670173219,1.7957724954827643,-2.4244706016775965,-2.4849113459243957,-2.4742991694593615,-0.060440744246799127,-0.049828567781764921,-2.5
CLSVOF_LS_NATIVE,7,128,0,0,0,-0.18359375,-0.36328125,243.18904569965116,0.90155937976191181,-2.4774293365314799,-2.5140918598429955,-2.5058840711971904,-0.036662523311515649,-0.028454734665710468,-2.5
CLSVOF_LS_NATIVE,7,128,0,0,0,-0.18359375,-0.35546875,242.68439202655765,0.010983821918747834,-2.5728075999965259,-2.5203563005556227,-2.5098983382640481,0.05245129944090321,0.062909261732477795,-2.5
CLSVOF_LS_NATIVE,7,128,0,0,0,-0.18359375,-0.34765625,242.16191880286516,0.87521593187543489,-2.5657198178689802,-2.5343146865570603,-2.5227137718314312,0.031405131311919909,0.043006046037548984,-2.5
CLSVOF_LS_NATIVE,7,128,0,0,0,-0.18359375,-0.33984375,241.62075691389191,1.7573579695407924,-2.5807159137438802,-2.5147622790766921,-2.5105391251559279,0.065953634667188066,0.070176788587952288,-2.5
CLSVOF_LS_NATIVE,7,128,0,0,0,-0.18359375,0.33984375,118.37924308610808,1.7573579695407924,-2.5807159137438846,-2.4882225315680424,-2.5105391251559279,0.092493382175842243,0.070176788587956729,-2.5
CLSVOF_LS_NATIVE,7,128,0,0,0,-0.18359375,0.34765625,117.83808119713483,0.87521593187543489,-2.5657198178689806,-2.5140779292253184,-2.5227137718314303,0.051641888643662259,0.043006046037550316,-2.5
CLSVOF_LS_NATIVE,7,128,0,0,0,-0.18359375,0.35546875,117.31560797344237,0.010983821918747839,-2.5728075999965245,-2.4990757110633468,-2.5098983382640485,0.073731888933177725,0.062909261732476018,-2.5
CLSVOF_LS_NATIVE,7,128,0,0,0,-0.18359375,0.36328125,116.81095430034883,0.90155937976191181,-2.4774293365314835,-2.5020610047823268,-2.5058840711971904,-0.024631668250843397,-0.028454734665706916,-2.5
CLSVOF_LS_NATIVE,7,128,0,0,0,-0.18359375,0.37109375,116.32329826780999,1.7957724954827643,-2.4244706016775939,-2.4706027885009862,-2.4742991694593615,-0.046132186823392374,-0.049828567781767585,-2.5
CLSVOF_LS_NATIVE,7,128,0,0,0,-0.17578125,-0.37109375,244.65382405805317,1.3601874625929582,-2.414421048465218,-2.4930182150140903,-2.4856964088403015,-0.078597166548872277,-0.07127536037508353,-2.5
CLSVOF_LS_NATIVE,7,128,0,0,0,-0.17578125,-0.36328125,244.17900802581059,0.45839394207437018,-2.4380621436179593,-2.509483985474251,-2.4983789655382673,-0.071421841856291746,-0.060316821920308072,-2.5
CLSVOF_LS_NATIVE,7,128,0,0,0,-0.17578125,-0.35546875,243.68735150521104,0.43988954324046975,-2.4849500318431197,-2.5184468648181495,-2.5050523830734677,-0.033496832975029811,-0.020102351230347981,-2.5
CLSVOF_LS_NATIVE,7,128,0,0,0,-0.17578125,-0.34765625,243.17801879841841,1.334413722423182,-2.5693684169381004,-2.5159085415007421,-2.5162798962895465,0.053459875437358306,0.05308852064855385,-2.5
CLSVOF_LS_NATIVE,7,128,0,0,0,-0.17578125,0.34765625,116.82198120158161,1.334413722423182,-2.5693684169380964,-2.5079532913371825,-2.5162798962895465,0.061415125600913889,0.053088520648549853,-2.5
CLSVOF_LS_NATIVE,7,128,0,0,0,-0.17578125,0.35546875,116.31264849478897,0.43988954324046975,-2.4849500318431215,-2.4952392191780861,-2.5050523830734677,-0.010289187334964645,-0.020102351230346205,-2.5
CLSVOF_LS_NATIVE,7,128,0,0,0,-0.17578125,0.36328125,115.82099197418941,0.45839394207437018,-2.4380621436179588,-2.4880879704159362,-2.4983789655382678,-0.050025826797977402,-0.060316821920308961,-2.5
CLSVOF_LS_NATIVE,7,128,0,0,0,-0.17578125,0.37109375,115.34617594194683,1.3601874625929582,-2.414421048465222,-2.4841782811986772,-2.485696408840302,-0.069757232733455243,-0.071275360375079977,-2.5
CLSVOF_LS_NATIVE,7,128,0,0,0,-0.16796875,-0.37890625,246.09233950582737,1.8523285553257451,-2.4273383402810356,-2.48661762616661,-2.4745824294502974,-0.059279285885574406,-0.047244089169261816,-2.5
CLSVOF_LS_NATIVE,7,128,0,0,0,-0.16796875,-0.37109375,245.64699082497026,0.93990916522916146,-2.4774093997765889,-2.5106932255727523,-2.5028869146244683,-0.033283825796163402,-0.025477514847879412,-2.5
CLSVOF_LS_NATIVE,7,128,0,0,0,-0.16796875,-0.36328125,245.18580300946473,0.030549749005389839,-2.5454013587908944,-2.5122845396914668,-2.5024791021409682,0.033116819099427541,0.042922256649926105,-2.5
CLSVOF_LS_NATIVE,7,128,0,0,0,-0.16796875,-0.35546875,244.7079788429786,0.87530397114479841,-2.5597136033885692,-2.5298408652832709,-2.5185749263046584,0.029872738105298335,0.041138677083910835,-2.5
CLSVOF_LS_NATIVE,7,128,0,0,0,-0.16796875,-0.34765625,244.21267181718551,1.7776986747425194,-2.5891362408450314,-2.5178913988932896,-2.5135531697364817,0.071244841951741744,0.075583071108549671,-2.5
CLSVOF_LS_NATIVE,7,128,0,0,0,-0.16796875,0.34765625,115.78732818281449,1.7776986747425194,-2.5891362408450274,-2.4920137544252556,-2.5135531697364817,0.097122486419771725,0.075583071108545674,-2.5
CLSVOF_LS_NATIVE,7,128,0,0,0,-0.16796875,0.35546875,115.29202115702141,0.87530397114479841,-2.5597136033885715,-2.5098484623317665,-2.5185749263046575,0.049865141056804951,0.041138677083913944,-2.5
CLSVOF_LS_NATIVE,7,128,0,0,0,-0.16796875,0.36328125,114.81419699053528,0.030549749005389839,-2.5454013587908957,-2.4905706991785008,-2.5024791021409678,0.054830659612394861,0.042922256649927881,-2.5
CLSVOF_LS_NATIVE,7,128,0,0,0,-0.16796875,0.37109375,114.35300917502975,0.93990916522916146,-2.4774093997765898,-2.4998825339763453,-2.5028869146244688,-0.022473134199755496,-0.025477514847878968,-2.5
CLSVOF_LS_NATIVE,7,128,0,0,0,-0.16796875,0.37890625,113.90766049417263,1.8523285553257451,-2.4273383402810382,-2.4694463680625791,-2.4745824294502978,-0.04210802778154088,-0.047244089169259595,-2.5
CLSVOF_LS_NATIVE,7,128,0,0,0,-0.16015625,-0.37890625,247.08717160322823,1.4552108596727813,-2.4134510952462631,-2.4833471968260632,-2.4754962331878314,-0.069896101579800085,-0.062045137941568296,-2.5
CLSVOF_LS_NATIVE,7,128,0,0,0,-0.16015625,-0.37109375,246.65598903842238,0.5357284114961246,-2.4627456951751756,-2.5072839104670894,-2.4982693566314187,-0.044538215291913819,-0.035523661456243083,-2.5
CLSVOF_LS_NATIVE,7,128,0,0,0,-0.16015625,-0.36328125,246.20922613422269,0.3808414156413511,-2.4943467734221074,-2.5172957016469772,-2.5051952665114636,-0.022948928224869825,-0.010848493089356204,-2.5
CLSVOF_LS_NATIVE,7,128,0,0,0,-0.16015625,-0.35546875,245.74608027568331,1.2943363332979863,-2.5530725031056312,-2.5105926512125549,-2.5106218269698379,0.042479851893076237,0.042450676135793231,-2.5
CLSVOF_LS_NATIVE,7,128,0,0,0,-0.16015625,0.35546875,114.2539197243167,1.2943363332979863,-2.5530725031056232,-2.5059547016895176,-2.5106218269698379,0.047117801416105554,0.042450676135785237,-2.5
CLSVOF_LS_NATIVE,7,128,0,0,0,-0.16015625,0.36328125,113.79077386577731,0.3808414156413511,-2.4943467734221052,-2.4959256484370504,-2.5051952665114636,-0.0015788750149452468,-0.010848493089358424,-2.5
CLSVOF_LS_NATIVE,7,128,0,0,0,-0.16015625,0.37109375,113.34401096157762,0.5357284114961246,-2.4627456951751774,-2.4885151664368226,-2.4982693566314187,-0.025769471261645194,-0.035523661456241307,-2.5
CLSVOF_LS_NATIVE,7,128,0,0,0,-0.16015625,0.37890625,112.91282839677177,1.4552108596727813,-2.4134510952462702,-2.472574769562609,-2.4754962331878319,-0.059123674316338803,-0.062045137941561634,-2.5
CLSVOF_LS_NATIVE,7,128,0,0,0,-0.15234375,-0.37890625,248.09682191816071,1.0740599023588289,-2.4254346736009955,-2.4924747346992264,-2.486879069297399,-0.067040061098230908,-0.061444395696403475,-2.5
CLSVOF_LS_NATIVE,7,128,0,0,0,-0.15234375,-0.37109375,247.6805596070248,0.14771570583249902,-2.4844354860966398,-2.4987376559829988,-2.4895012754209178,-0.014302169886359017,-0.0050657893242780361,-2.5
CLSVOF_LS_NATIVE,7,128,0,0,0,-0.15234375,-0.36328125,247.24902365721226,0.77603128530138432,-2.5573363774558895,-2.5194469012137137,-2.5053149673005155,0.037889476242175757,0.052021410155373982,-2.5
CLSVOF_LS_NATIVE,7,128,0,0,0,-0.15234375,-0.35546875,246.8014094863517,1.6968709349589617,-2.598552572970124,-2.5174818517725237,-2.5144733786776783,0.081070721197600282,0.084079194292445703,-2.5
CLSVOF_LS_NATIVE,7,128,0,0,0,-0.15234375,0.35546875,113.19859051364831,1.6968709349589617,-2.5985525729701218,-2.4964496985349278,-2.5144733786776783,0.10210287443519395,0.084079194292443482,-2.5
CLSVOF_LS_NATIVE,7,128,0,0,0,-0.15234375,0.36328125,112.75097634278775,0.77603128530138432,-2.5573363774558855,-2.4954481598268616,-2.5053149673005155,0.061888217629023856,0.052021410155369985,-2.5
CLSVOF_LS_NATIVE,7,128,0,0,0,-0.15234375,0.37109375,112.31944039297521,0.14771570583249902,-2.4844354860966402,-2.478651297889682,-2.4895012754209174,0.0057841882069582518,-0.0050657893242771479,-2.5
CLSVOF_LS_NATIVE,7,128,0,0,0,-0.15234375,0.37890625,111.90317808183929,1.0740599023588289,-2.4254346736009995,-2.4864433047831254,-2.486879069297399,-0.06100863118212585,-0.061444395696399479,-2.5
CLSVOF_LS_NATIVE,7,128,0,0,0,-0.14453125,-0.38671875,249.50740523012959,1.6445135698001543,-2.4550918654828471,-2.495576297369873,-2.4844902218484202,-0.040484431887025885,-0.029398356365573086,-2.5
CLSVOF_LS_NATIVE,7,128,0,0,0,-0.14453125,-0.37890625,249.12098311944246,0.70918742705297932,-2.4975916968144141,-2.5108902874187189,-2.5046615341995153,-0.013298590604304827,-0.0070698373851012519,-2.5
CLSVOF_LS_NATIVE,7,128,0,0,0,-0.14453125,-0.37109375,248.72039557230448,0.2236692761407981,-2.4991014017605537,-2.5057411749699092,-2.4938507746611185,-0.0066397732093554929,0.0052506270994352455,-2.5
CLSVOF_LS_NATIVE,7,128,0,0,0,-0.14453125,-0.36328125,248.30489053920303,1.1542151004471755,-2.5386928725102296,-2.4988494642172543,-2.4978646628256485,0.03984340829297528,0.040828209684581118,-2.5
CLSVOF_LS_NATIVE,7,128,0,0,0,-0.14453125,0.36328125,111.69510946079698,1.1542151004471755,-2.5386928725102327,-2.4971370021792825,-2.4978646628256422,0.041555870330950206,0.040828209684590444,-2.5
CLSVOF_LS_NATIVE,7,128,0,0,0,-0.14453125,0.37109375,111.27960442769552,0.2236692761407981,-2.4991014017605493,-2.4864465370961542,-2.4938507746611132,0.012654864664395138,0.0052506270994361337,-2.5
CLSVOF_LS_NATIVE,7,128,0,0,0,-0.14453125,0.37890625,110.87901688055754,0.70918742705297932,-2.4975916968144141,-2.5000826768482387,-2.5046615341995166,-0.0024909800338246413,-0.0070698373851025842,-2.5
CLSVOF_LS_NATIVE,7,128,0,0,0,-0.14453125,0.38671875,110.49259476987041,1.6445135698001543,-2.4550918654828537,-2.4792179792745737,-2.4844902218484206,-0.024126113791719916,-0.029398356365566869,-2.5
CLSVOF_LS_NATIVE,7,128,0,0,0,-0.13671875,-0.38671875,250.52969799053295,1.3029941941732908,-2.4104184311101857,-2.491454753148405,-2.4840130847181476,-0.081036322038219311,-0.073594653607961913,-2.5
CLSVOF_LS_NATIVE,7,128,0,0,0,-0.13671875,-0.37890625,250.15930191603155,0.36135893951161396,-2.4662985720626724,-2.5098633121565541,-2.5013974522473994,-0.043564740093881671,-0.035098880184726955,-2.5
CLSVOF_LS_NATIVE,7,128,0,0,0,-0.13671875,-0.37109375,249.7751405688318,0.57809321408152037,-2.5263405687704905,-2.5142153401295055,-2.5012887199946983,0.012125228640984975,0.025051848775792251,-2.5
CLSVOF_LS_NATIVE,7,128,0,0,0,-0.13671875,-0.36328125,249.37646861667469,1.5152894104139802,-2.5649184882491554,-2.5056841517162201,-2.5034800390846734,0.059234336532935306,0.061438449164481934,-2.5
CLSVOF_LS_NATIVE,7,128,0,0,0,-0.13671875,0.36328125,110.62353138332533,1.5152894104139802,-2.5649184882491269,-2.4924485076307681,-2.5034800390846632,0.072469980618358854,0.061438449164463727,-2.5
CLSVOF_LS_NATIVE,7,128,0,0,0,-0.13671875,0.37109375,110.2248594311682,0.57809321408152037,-2.5263405687704665,-2.4925685069594485,-2.5012887199946969,0.033772061811017995,0.025051848775769603,-2.5
CLSVOF_LS_NATIVE,7,128,0,0,0,-0.13671875,0.37890625,109.84069808396846,0.36135893951161396,-2.4662985720626751,-2.4915652364217609,-2.5013974522474003,-0.025266664359085755,-0.035098880184725179,-2.5
CLSVOF_LS_NATIVE,7,128,0,0,0,-0.13671875,0.38671875,109.47030200946706,1.3029941941732908,-2.4104184311101888,-2.4805124367340587,-2.4840130847181481,-0.070094005623869915,-0.073594653607959248,-2.5
CLSVOF_LS_NATIVE,7,128,0,0,0,-0.12890625,-0.39453125,251.90609345593674,1.9275728886940564,-2.4089523616192881,-2.489810696311805,-2.4728524034511645,-0.080858334692516909,-0.063900041831876475,-2.5
CLSVOF_LS_NATIVE,7,128,0,0,0,-0.12890625,-0.38671875,251.56505117707786,0.97814618740015069,-2.4523579209704387,-2.5021504100457905,-2.4955878650390311,-0.049792489075351831,-0.043229944068592374,-2.5
CLSVOF_LS_NATIVE,7,128,0,0,0,-0.12890625,-0.37890625,251.21137801783141,0.030484943756687689,-2.5116527486694995,-2.5099797060073721,-2.5009813602278554,0.0016730426621274219,0.010671388441644059,-2.5
CLSVOF_LS_NATIVE,7,128,0,0,0,-0.12890625,-0.37109375,250.84438755456023,0.91517600165820812,-2.5608603701771639,-2.5289087010605167,-2.5225969923483942,0.031951669116647263,0.038263377828769762,-2.5
CLSVOF_LS_NATIVE,7,128,0,0,0,-0.12890625,-0.36328125,250.46334506187151,1.8588044501436796,-2.6037840825896614,-2.5206211566130228,-2.5139935597050092,0.083162925976638657,0.08979052288465228,-2.5
CLSVOF_LS_NATIVE,7,128,0,0,0,-0.12890625,0.36328125,109.53665493812849,1.8588044501436798,-2.6037840825897121,-2.4929418955392677,-2.5139935597050225,0.11084218705044435,0.089790522884689583,-2.5
CLSVOF_LS_NATIVE,7,128,0,0,0,-0.12890625,0.37109375,109.15561244543977,0.91517600165820834,-2.5608603701771946,-2.5190083266406234,-2.5225969923484066,0.041852043536571237,0.03826337782878797,-2.5
CLSVOF_LS_NATIVE,7,128,0,0,0,-0.12890625,0.37890625,108.78862198216858,0.030484943756687682,-2.5116527486695071,-2.4899178719023829,-2.5009813602278612,0.021734876767124156,0.010671388441645835,-2.5
CLSVOF_LS_NATIVE,7,128,0,0,0,-0.12890625,0.38671875,108.43494882292212,0.97814618740015069,-2.4523579209704369,-2.4943184020568543,-2.4955878650390262,-0.041960481086417367,-0.043229944068589266,-2.5
CLSVOF_LS_NATIVE,7,128,0,0,0,-0.12890625,0.39453125,108.09390654406326,1.9275728886940564,-2.4089523616192881,-2.4641781911648262,-2.4728524034511641,-0.055225829545538119,-0.063900041831876031,-2.5
CLSVOF_LS_NATIVE,7,128,0,0,0,-0.12109375,-0.39453125,252.93714282653849,1.6255333006775492,-2.454254565241464,-2.5012918019097272,-2.4868451091426551,-0.047037236668263205,-0.032590543901191094,-2.5
CLSVOF_LS_NATIVE,7,128,0,0,0,-0.12109375,-0.38671875,252.61302782308437,0.67053970171835287,-2.4936188296807726,-2.5135371356117697,-2.5081413597617894,-0.019918305930997082,-0.014522530081016782,-2.5
CLSVOF_LS_NATIVE,7,128,0,0,0,-0.12109375,-0.37890625,252.27676338311358,0.28278392083214726,-2.5201310897483489,-2.5151274116271045,-2.5052211936303843,0.0050036781212443593,0.014909896117964561,-2.5
CLSVOF_LS_NATIVE,7,128,0,0,0,-0.12109375,-0.37109375,251.92767785104039,1.2343897490163565,-2.5625283697391366,-2.5081103936518367,-2.5045656108500358,0.054417976087299813,0.057962758889100741,-2.5
CLSVOF_LS_NATIVE,7,128,0,0,0,-0.12109375,0.37109375,108.07232214895961,1.2343897490163567,-2.5625283697391672,-2.5051793760587771,-2.5045656108500389,0.057348993680390148,0.057962758889128274,-2.5
CLSVOF_LS_NATIVE,7,128,0,0,0,-0.12109375,0.37890625,107.72323661688642,0.28278392083214726,-2.5201310897483427,-2.4983811487317253,-2.5052211936303856,0.021749941016617313,0.014909896117957011,-2.5
CLSVOF_LS_NATIVE,7,128,0,0,0,-0.12109375,0.38671875,107.38697217691563,0.67053970171835287,-2.4936188296807749,-2.5020456255926664,-2.5081413597617881,-0.0084267959118915492,-0.01452253008101323,-2.5
CLSVOF_LS_NATIVE,7,128,0,0,0,-0.12109375,0.39453125,107.06285717346151,1.6255333006775492,-2.4542545652414627,-2.4795356271834752,-2.4868451091426547,-0.025281061942012517,-0.032590543901191982,-2.5
CLSVOF_LS_NATIVE,7,128,0,0,0,-0.11328125,-0.39453125,253.97970769792869,1.3410423626265917,-2.410966168493939,-2.4913794965360587,-2.4798492518101378,-0.080413328042119758,-0.068883083316198856,-2.5
CLSVOF_LS_NATIVE,7,128,0,0,0,-0.11328125,-0.38671875,253.67314648943488,0.38069055721892026,-2.4675706095106498,-2.5059471660779344,-2.4979611764477649,-0.03837655656728467,-0.030390566937115171,-2.5
CLSVOF_LS_NATIVE,7,128,0,0,0,-0.11328125,-0.37890625,253.35496178532395,0.57818845842440891,-2.5169206411390621,-2.513564474805531,-2.5003051955017876,0.0033561663335310854,0.016615445637274462,-2.5
CLSVOF_LS_NATIVE,7,128,0,0,0,-0.11328125,-0.37109375,253.02450053207014,1.5355210963638919,-2.563138793752084,-2.5095556182042875,-2.5034110368641609,0.053583175547796458,0.059727756887923089,-2.5
CLSVOF_LS_NATIVE,7,128,0,0,0,-0.11328125,0.37109375,106.97549946792985,1.5355210963638919,-2.5631387937520578,-2.4940524399497441,-2.5034110368641556,0.069086353802313649,0.059727756887902217,-2.5
CLSVOF_LS_NATIVE,7,128,0,0,0,-0.11328125,0.37890625,106.64503821467605,0.57818845842440891,-2.5169206411390586,-2.4919448334603036,-2.5003051955017859,0.024975807678754958,0.016615445637272686,-2.5
CLSVOF_LS_NATIVE,7,128,0,0,0,-0.11328125,0.38671875,106.32685351056513,0.38069055721892026,-2.4675706095106507,-2.4887366862681448,-2.4979611764477645,-0.021166076757494157,-0.030390566937113839,-2.5
CLSVOF_LS_NATIVE,7,128,0,0,0,-0.11328125,0.39453125,106.02029230207133,1.3410423626265917,-2.4109661684939421,-2.4745068898761255,-2.4798492518101378,-0.063540721382183474,-0.068883083316195748,-2.5
CLSVOF_LS_NATIVE,7,128,0,0,0,-0.10546875,-0.39453125,255.03328043599504,1.0739176307376763,-2.4366183442616802,-2.4917174426213471,-2.4874214511323514,-0.055099098359666865,-0.050803106870671133,-2.5
CLSVOF_LS_NATIVE,7,128,0,0,0,-0.10546875,-0.38671875,254.74488129694211,0.10854090726821454,-2.4923814937943263,-2.5035564001309281,-2.493316701302247,-0.011174906336601786,-0.00093520750792075447,-2.5
CLSVOF_LS_NATIVE,7,128,0,0,0,-0.10546875,-0.37890625,254.44542872992548,0.8555949614201831,-2.556379861041715,-2.5295413130288242,-2.5147064736502784,0.026838548012890762,0.041673387391436556,-2.5
CLSVOF_LS_NATIVE,7,128,0,0,0,-0.10546875,-0.37109375,254.13429219722607,1.8183621081941548,-2.6057930548298027,-2.5182821924932615,-2.5117937717046468,0.087510862336541262,0.09399928312515593,-2.5
CLSVOF_LS_NATIVE,7,128,0,0,0,-0.10546875,0.37109375,105.86570780277393,1.8183621081941548,-2.6057930548298018,-2.4918700805111733,-2.5117937717046441,0.11392297431862852,0.093999283125157707,-2.5
CLSVOF_LS_NATIVE,7,128,0,0,0,-0.10546875,0.37890625,105.5545712700745,0.8555949614201831,-2.5563798610417172,-2.5062179590733216,-2.5147064736502771,0.05016190196839565,0.041673387391440109,-2.5
CLSVOF_LS_NATIVE,7,128,0,0,0,-0.10546875,0.38671875,105.25511870305789,0.10854090726821454,-2.492381493794332,-2.4836331581646363,-2.4933167013022475,0.0087483356296957915,-0.0009352075079154254,-2.5
CLSVOF_LS_NATIVE,7,128,0,0,0,-0.10546875,0.39453125,104.96671956400498,1.0739176307376763,-2.4366183442616767,-2.4859506955786381,-2.4874214511323514,-0.049332351316961454,-0.050803106870674686,-2.5
CLSVOF_LS_NATIVE,7,128,0,0,0,-0.09765625,-0.40234375,256.35708522400984,1.7956454148649923,-2.4444877678965669,-2.4989004840245115,-2.4777250755175753,-0.054412716127944627,-0.033237307621008405,-2.5
CLSVOF_LS_NATIVE,7,128,0,0,0,-0.09765625,-0.39453125,256.09731288577933,0.82455019648168726,-2.4852839994279687,-2.5070793824022872,-2.5001531879485821,-0.021795382974318489,-0.014869188520613363,-2.5
CLSVOF_LS_NATIVE,7,128,0,0,0,-0.09765625,-0.38671875,255.82766229986794,0.14547899765411654,-2.5068336868971106,-2.505860945202675,-2.4936132062862839,0.00097274169443561931,0.013220480610826701,-2.5
CLSVOF_LS_NATIVE,7,128,0,0,0,-0.09765625,-0.37890625,255.54757174890693,1.11446352190875,-2.5460132729452432,-2.4989672503082572,-2.4938910085992552,0.047046022636985985,0.05212226434598799,-2.5
CLSVOF_LS_NATIVE,7,128,0,0,0,-0.09765625,0.37890625,104.45242825109308,1.11446352190875,-2.5460132729452436,-2.4936330518272722,-2.4938910085992525,0.052380221117971359,0.052122264345991098,-2.5
CLSVOF_LS_NATIVE,7,128,0,0,0,-0.09765625,0.38671875,104.17233770013206,0.14547899765411645,-2.5068336868970906,-2.4892467974720791,-2.4936132062862821,0.01758688942501152,0.013220480610808494,-2.5
CLSVOF_LS_NATIVE,7,128,0,0,0,-0.09765625,0.39453125,103.90268711422065,0.82455019648168726,-2.4852839994279714,-2.4953692452348744,-2.5001531879485803,-0.010085245806902954,-0.014869188520608922,-2.5
CLSVOF_LS_NATIVE,7,128,0,0,0,-0.09765625,0.40234375,103.64291477599018,1.7956454148649923,-2.4444877678965637,-2.4681677102012256,-2.4777250755175753,-0.023679942304661861,-0.033237307621011514,-2.5
CLSVOF_LS_NATIVE,7,128,0,0,0,-0.08984375,-0.40234375,257.41230661835112,1.56891539687778,-2.3952156938635585,-2.4935197438731396,-2.475904929595071,-0.09830405000958109,-0.080689235731512543,-2.5
CLSVOF_LS_NATIVE,7,128,0,0,0,-0.08984375,-0.39453125,257.17121712854447,0.59347656234660562,-2.440568091765738,-2.5053223755335035,-2.498679328692301,-0.064754283767765486,-0.058111236926563059,-2.5
CLSVOF_LS_NATIVE,7,128,0,0,0,-0.08984375,-0.38671875,256.92087621993306,0.38108772384433159,-2.4979764006054945,-2.509034814799048,-2.4968400353295213,-0.011058414193553467,0.0011363652759732723,-2.5
CLSVOF_LS_NATIVE,7,128,0,0,0,-0.08984375,-0.37890625,256.66075109663649,1.3546833470992647,-2.5439083233127602,-2.5027256365318369,-2.4959107994729397,0.041182686780923294,0.047997523839820477,-2.5
CLSVOF_LS_NATIVE,7,128,0,0,0,-0.08984375,0.37890625,103.33924890336351,1.3546833470992647,-2.5439083233127593,-2.490849965254335,-2.4959107994729388,0.053058358058424293,0.047997523839820477,-2.5
CLSVOF_LS_NATIVE,7,128,0,0,0,-0.08984375,0.38671875,103.07912378006694,0.38108772384433159,-2.4979764006055039,-2.4874084937520733,-2.4968400353295213,0.010567906853430564,0.0011363652759825982,-2.5
CLSVOF_LS_NATIVE,7,128,0,0,0,-0.08984375,0.39453125,102.82878287145553,0.59347656234660562,-2.4405680917657406,-2.4908352026938241,-2.4986793286923006,-0.050267110928083447,-0.05811123692655995,-2.5
CLSVOF_LS_NATIVE,7,128,0,0,0,-0.08984375,0.40234375,102.58769338164889,1.56891539687778,-2.3952156938635611,-2.467055453687137,-2.4759049295950719,-0.071839759823575822,-0.080689235731510767,-2.5
CLSVOF_LS_NATIVE,7,128,0,0,0,-0.08203125,-0.40234375,258.47627829610258,1.3599624887983441,-2.4483477175317385,-2.4998088000876129,-2.4852254313654942,-0.051461082555874338,-0.03687771383375571,-2.5
CLSVOF_LS_NATIVE,7,128,0,0,0,-0.08203125,-0.39453125,258.25436657471198,0.38047049630528235,-2.510247203467697,-2.5146757814294265,-2.5062102674856499,-0.0044285779617294629,0.0040369359820471296,-2.5
CLSVOF_LS_NATIVE,7,128,0,0,0,-0.08203125,-0.38671875,258.02386755579653,0.59821843380298256,-2.5588997145567181,-2.5236381836636887,-2.5103632213303921,0.035261530893029303,0.048536493226325916,-2.5
CLSVOF_LS_NATIVE,7,128,0,0,0,-0.08203125,-0.37890625,257.78428086586905,1.5760983328227873,-2.604123386329217,-2.5214906607768439,-2.5137386092093057,0.08263272555237311,0.09038477711991133,-2.5
CLSVOF_LS_NATIVE,7,128,0,0,0,-0.08203125,0.37890625,102.21571913413096,1.5760983328227873,-2.6041233863292148,-2.4992548250843543,-2.5137386092093079,0.10486856124486055,0.090384777119906889,-2.5
CLSVOF_LS_NATIVE,7,128,0,0,0,-0.08203125,0.38671875,101.97613244420346,0.59821843380298256,-2.5588997145567189,-2.5007326767616496,-2.5103632213303926,0.058167037795069376,0.04853649322632636,-2.5
CLSVOF_LS_NATIVE,7,128,0,0,0,-0.08203125,0.39453125,101.74563342528805,0.38047049630528235,-2.5102472034676975,-2.4974972934857611,-2.5062102674856499,0.012749909981936369,0.0040369359820475736,-2.5
CLSVOF_LS_NATIVE,7,128,0,0,0,-0.08203125,0.40234375,101.52372170389744,1.3599624887983441,-2.4483477175317363,-2.4772364581208879,-2.4852254313654938,-0.028888740589151585,-0.036877713833757486,-2.5
CLSVOF_LS_NATIVE,7,128,0,0,0,-0.07421875,-0.40234375,259.54836705601122,1.1693734783645355,-2.4407387994124363,-2.5017543397890973,-2.4902930927068132,-0.061015540376661015,-0.049554293294376883,-2.5
CLSVOF_LS_NATIVE,7,128,0,0,0,-0.07421875,-0.39453125,259.34609740006141,0.18626996727528375,-2.4896658811876078,-2.5115567576535369,-2.5013798691946345,-0.021890876465929132,-0.011713988007026721,-2.5
CLSVOF_LS_NATIVE,7,128,0,0,0,-0.07421875,-0.38671875,259.13594007791215,0.79620876213393588,-2.5450154107460454,-2.5299962574125949,-2.5153308798574545,0.015019153333450497,0.02968453088859091,-2.5
CLSVOF_LS_NATIVE,7,128,0,0,0,-0.07421875,-0.37890625,258.91743053697024,1.7780638587887736,-2.6028127503809695,-2.5257831702620317,-2.5204289931469939,0.07702958011893779,0.082383757233975619,-2.5
CLSVOF_LS_NATIVE,7,128,0,0,0,-0.07421875,0.37890625,101.08256946302976,1.7780638587887736,-2.602812750380969,-2.4943078348693049,-2.5204289931469939,0.10850491551166419,0.082383757233975174,-2.5
CLSVOF_LS_NATIVE,7,128,0,0,0,-0.07421875,0.38671875,100.86405992208783,0.79620876213393588,-2.5450154107460459,-2.504279808706098,-2.5153308798574545,0.04073560203994786,0.029684530888591354,-2.5
CLSVOF_LS_NATIVE,7,128,0,0,0,-0.07421875,0.39453125,100.65390259993859,0.18626996727528375,-2.489665881187606,-2.4913246390285728,-2.5013798691946345,-0.0016587578409668069,-0.011713988007028497,-2.5
CLSVOF_LS_NATIVE,7,128,0,0,0,-0.07421875,0.40234375,100.4516329439888,1.1693734783645355,-2.440738799412435,-2.4828753775633063,-2.4902930927068159,-0.042136578150871351,-0.04955429329438088,-2.5
CLSVOF_LS_NATIVE,7,128,0,0,0,-0.06640625,-0.41015625,260.80334410837099,1.9839731656178292,-2.3995539279907954,-2.4843360724968253,-2.462806630122059,-0.084782144506029944,-0.063252702131263661,-2.5
CLSVOF_LS_NATIVE,7,128,0,0,0,-0.06640625,-0.40234375,260.6279072914208,0.99723614986252718,-2.4397671751996381,-2.4939706699660427,-2.4870623476386919,-0.054203494766404514,-0.04729517243905379,-2.5
CLSVOF_LS_NATIVE,7,128,0,0,0,-0.06640625,-0.39453125,260.44571032759814,0.01086258228305704,-2.4883856098596491,-2.5010638394882934,-2.4911014957205322,-0.012678229628644289,-0.002715885860883116,-2.5
CLSVOF_LS_NATIVE,7,128,0,0,0,-0.06640625,-0.38671875,260.25635871296276,0.97501987964057601,-2.5393160258324099,-2.5109797911786327,-2.5050532696915342,0.028336234653777215,0.034262756140875705,-2.5
CLSVOF_LS_NATIVE,7,128,0,0,0,-0.06640625,-0.37890625,260.05942696688686,1.9604479645868798,-2.5932365339072034,-2.5205432862105615,-2.5167881901715168,0.072693247696641983,0.076448343735686652,-2.5
CLSVOF_LS_NATIVE,7,128,0,0,0,-0.06640625,0.37890625,99.940573033113125,1.9604479645868798,-2.5932365339072025,-2.4827729963709801,-2.5167881901715168,0.1104635375362224,0.076448343735685764,-2.5
CLSVOF_LS_NATIVE,7,128,0,0,0,-0.06640625,0.38671875,99.743641287037264,0.97501987964057601,-2.5393160258324095,-2.4970160357890832,-2.5050532696915337,0.042299990043326297,0.034262756140875705,-2.5
CLSVOF_LS_NATIVE,7,128,0,0,0,-0.06640625,0.39453125,99.554289672401865,0.010862582283057037,-2.4883856098596517,-2.480460515242366,-2.4911014957205353,0.0079250946172857439,-0.0027158858608835601,-2.5
CLSVOF_LS_NATIVE,7,128,0,0,0,-0.06640625,0.40234375,99.372092708579189,0.99723614986252718,-2.4397671751996404,-2.4830281406861685,-2.4870623476387039,-0.043260965486528136,-0.04729517243906356,-2.5
CLSVOF_LS_NATIVE,7,128,0,0,0,-0.06640625,0.41015625,99.196655891629007,1.9839731656178292,-2.3995539279908531,-2.4495774700117248,-2.4628066301220679,-0.05002354202087167,-0.063252702131214811,-2.5
CLSVOF_LS_NATIVE,7,128,0,0,0,-0.05859375,-0.41015625,261.86989764584393,1.8332623301062216,-2.4166555497349345,-2.4912167019813829,-2.4718140070878447,-0.074561152246448437,-0.055158457352910251,-2.5
CLSVOF_LS_NATIVE,7,128,0,0,0,-0.05859375,-0.40234375,261.71420297604612,0.84365866989157645,-2.4608225788780005,-2.5044562095311456,-2.4961342706828127,-0.043633630653145072,-0.035311691804812195,-2.5
CLSVOF_LS_NATIVE,7,128,0,0,0,-0.05859375,-0.39453125,261.55247275209143,0.1456305356610389,-2.5030356120275572,-2.5051372575911373,-2.4945978433063964,-0.0021016455635800568,0.0084377687211607544,-2.5
CLSVOF_LS_NATIVE,7,128,0,0,0,-0.05859375,-0.38671875,261.38435181583577,1.1345541583954859,-2.5496347350825985,-2.499610551429682,-2.4950871060695912,0.050024183652916498,0.054547629013007359,-2.5
CLSVOF_LS_NATIVE,7,128,0,0,0,-0.05859375,0.38671875,98.615648184164215,1.1345541583954859,-2.5496347350825994,-2.489338629608298,-2.4950871060695907,0.06029610547430142,0.054547629013008692,-2.5
CLSVOF_LS_NATIVE,7,128,0,0,0,-0.05859375,0.39453125,98.447527247908567,0.1456305356610389,-2.5030356120275603,-2.4889516229563737,-2.4945978433064,0.014083989071186576,0.0084377687211603103,-2.5
CLSVOF_LS_NATIVE,7,128,0,0,0,-0.05859375,0.40234375,98.285797023953862,0.84365866989157645,-2.4608225788780311,-2.4891582576750091,-2.496134270682814,-0.028335678796977959,-0.035311691804782885,-2.5
CLSVOF_LS_NATIVE,7,128,0,0,0,-0.05859375,0.41015625,98.130102354156094,1.8332623301062219,-2.4166555497349056,-2.4592851437635002,-2.4718140070878389,-0.042629594028594564,-0.055158457352933343,-2.5
CLSVOF_LS_NATIVE,7,128,0,0,0,-0.05078125,-0.41015625,262.94215335011882,1.7010457428827621,-2.4274362027361622,-2.5040225486932801,-2.486479576427814,-0.076586345957117885,-0.059043373691651801,-2.5
CLSVOF_LS_NATIVE,7,128,0,0,0,-0.05078125,-0.40234375,262.80652994470438,0.70891036443009059,-2.4697189125071604,-2.5163721564574102,-2.5112802222548933,-0.046653243950249834,-0.041561309747732977,-2.5
CLSVOF_LS_NATIVE,7,128,0,0,0,-0.05078125,-0.39453125,262.66562119858321,0.28298259919475571,-2.5147472535291402,-2.5149146529282098,-2.5071467912124241,-0.0001673993990696232,0.0076004623167160723,-2.5
CLSVOF_LS_NATIVE,7,128,0,0,0,-0.05078125,-0.38671875,262.51911382047621,1.2746084418574637,-2.5615994408460967,-2.5090735397052866,-2.5033548474045877,0.052525901140810127,0.058244593441509007,-2.5
CLSVOF_LS_NATIVE,7,128,0,0,0,-0.05078125,0.38671875,97.480886179523779,1.2746084418574637,-2.5615994408460976,-2.4934228496605542,-2.5033548474045877,0.068176591185543423,0.058244593441509895,-2.5
CLSVOF_LS_NATIVE,7,128,0,0,0,-0.05078125,0.39453125,97.334378801416804,0.28298259919475571,-2.5147472535291406,-2.50077950248967,-2.5071467912124215,0.013967751039470677,0.0076004623167191809,-2.5
CLSVOF_LS_NATIVE,7,128,0,0,0,-0.05078125,0.40234375,97.19347005529562,0.70891036443009081,-2.4697189125071151,-2.5052046488901718,-2.5112802222548813,-0.035485736383056743,-0.041561309747766284,-2.5
CLSVOF_LS_NATIVE,7,128,0,0,0,-0.05078125,0.41015625,97.057846649881185,1.7010457428827623,-2.4274362027361351,-2.4744902389672498,-2.4864795764277954,-0.047054036231114704,-0.059043373691660239,-2.5
CLSVOF_LS_NATIVE,7,128,0,0,0,-0.04296875,-0.41015625,264.01940047523647,1.5874998036027048,-2.4593466105920747,-2.4996583513266017,-2.4835572702793418,-0.040311740734527035,-0.0242106596872671,-2.5
CLSVOF_LS_NATIVE,7,128,0,0,0,-0.04296875,-0.40234375,263.90413845540411,0.59315139581447107,-2.5066006421576903,-2.5131540825475902,-2.5067609229112313,-0.0065534403898999116,-0.00016028075354102,-2.5
CLSVOF_LS_NATIVE,7,128,0,0,0,-0.04296875,-0.39453125,263.78436410029724,0.40100679431259123,-2.5459934786594656,-2.512934895132477,-2.5006306344153661,0.033058583526988539,0.045362844244099421,-2.5
CLSVOF_LS_NATIVE,7,128,0,0,0,-0.04296875,-0.38671875,263.65980825408997,1.3949837401997012,-2.5849560962195124,-2.5071995672749385,-2.5005589841512403,0.077756528944573855,0.084397112068272051,-2.5
CLSVOF_LS_NATIVE,7,128,0,0,0,-0.04296875,0.38671875,96.340191745910005,1.3949837401997012,-2.5849560962195128,-2.4869833166524553,-2.5005589841512395,0.097972779567057522,0.084397112068273383,-2.5
CLSVOF_LS_NATIVE,7,128,0,0,0,-0.04296875,0.39453125,96.215635899702747,0.40100679431259123,-2.5459934786594647,-2.4889180908565631,-2.5006306344153644,0.057075387802901556,0.045362844244100309,-2.5
CLSVOF_LS_NATIVE,7,128,0,0,0,-0.04296875,0.40234375,96.095861544595905,0.59315139581447118,-2.5066006421576885,-2.4984559821026218,-2.5067609229112278,0.0081446600550667547,-0.00016028075353924365,-2.5
CLSVOF_LS_NATIVE,7,128,0,0,0,-0.04296875,0.41015625,95.980599524763548,1.5874998036027048,-2.4593466105920996,-2.4724837879882431,-2.4835572702793463,-0.013137177396143507,-0.024210659687246672,-2.5
CLSVOF_LS_NATIVE,7,128,0,0,0,-0.03515625,-0.41015625,265.10090754621211,1.4929613577840002,-2.3801473214683662,-2.4835403111136207,-2.4688076601139066,-0.10339298964525456,-0.08866033864554046,-2.5
CLSVOF_LS_NATIVE,7,128,0,0,0,-0.03515625,-0.40234375,265.00625601417653,0.49675054838555327,-2.4255688066987839,-2.498513585962526,-2.4910007926360125,-0.072944779263742099,-0.065431985937228543,-2.5
CLSVOF_LS_NATIVE,7,128,0,0,0,-0.03515625,-0.39453125,264.90788487550094,0.49937860198492517,-2.4732363657563039,-2.5029491256797072,-2.4898528051136757,-0.029712759923403276,-0.016616439357371782,-2.5
CLSVOF_LS_NATIVE,7,128,0,0,0,-0.03515625,-0.38671875,264.8055710922651,1.4954126838520621,-2.528542779413081,-2.5037448991833893,-2.4978983665051611,0.02479788022969176,0.030644412907919971,-2.5
CLSVOF_LS_NATIVE,7,128,0,0,0,-0.03515625,0.38671875,95.194428907734903,1.4954126838520621,-2.5285427794130815,-2.4867666530925825,-2.4978983665051619,0.041776126320498985,0.030644412907919527,-2.5
CLSVOF_LS_NATIVE,7,128,0,0,0,-0.03515625,0.39453125,95.09211512449906,0.49937860198492517,-2.4732363657563035,-2.4780995587024326,-2.4898528051136757,-0.0048631929461291357,-0.016616439357372226,-2.5
CLSVOF_LS_NATIVE,7,128,0,0,0,-0.03515625,0.40234375,94.993743985823485,0.49675054838555327,-2.4255688066987986,-2.4828685938603581,-2.4910007926360147,-0.057299787161559479,-0.065431985937216108,-2.5
CLSVOF_LS_NATIVE,7,128,0,0,0,-0.03515625,0.41015625,94.899092453787873,1.4929613577840002,-2.380147321468367,-2.4594229306180919,-2.4688076601139155,-0.079275609149724868,-0.088660338645548453,-2.5
CLSVOF_LS_NATIVE,7,128,0,0,0,-0.02734375,-0.41015625,266.18592516570953,1.4168715778888066,-2.448610032180754,-2.4929434382609372,-2.4786174379304442,-0.044333406080183213,-0.030007405749690186,-2.5
CLSVOF_LS_NATIVE,7,128,0,0,0,-0.02734375,-0.40234375,266.11209043916682,0.41913857757497136,-2.5045948370656208,-2.5100772353366914,-2.5014070798581427,-0.0054823982710705543,0.0031877572074781035,-2.5
CLSVOF_LS_NATIVE,7,128,0,0,0,-0.02734375,-0.39453125,266.03534527714379,0.57859842886612289,-2.5616937298120139,-2.5181422785247856,-2.5042411871445265,0.043551451287228371,0.05745254266748745,-2.5
CLSVOF_LS_NATIVE,7,128,0,0,0,-0.02734375,-0.38671875,265.95551442581882,1.576256392732774,-2.6136309357309435,-2.5202964490000994,-2.515018733156372,0.093334486730844102,0.098612202574571484,-2.5
CLSVOF_LS_NATIVE,7,128,0,0,0,-0.02734375,0.38671875,94.044485574181195,1.576256392732774,-2.6136309357309435,-2.5074488781603135,-2.5150187331563716,0.10618205757063004,0.098612202574571928,-2.5
CLSVOF_LS_NATIVE,7,128,0,0,0,-0.02734375,0.39453125,93.96465472285621,0.57859842886612289,-2.5616937298120144,-2.4919112440040445,-2.5042411871445269,0.069782485807969863,0.05745254266748745,-2.5
CLSVOF_LS_NATIVE,7,128,0,0,0,-0.02734375,0.40234375,93.887909560833165,0.41913857757497136,-2.5045948370656212,-2.4936724042181275,-2.5014070798581454,0.010922432847493724,0.0031877572074758831,-2.5
CLSVOF_LS_NATIVE,7,128,0,0,0,-0.02734375,0.41015625,93.814074834290466,1.4168715778888066,-2.4486100321807536,-2.4704424053632934,-2.4786174379304478,-0.021832373182539833,-0.030007405749694183,-2.5
CLSVOF_LS_NATIVE,7,128,0,0,0,-0.01953125,-0.41015625,267.2736890060936,1.3598243361594748,-2.4351851372643307,-2.5030693072617285,-2.4887493253735626,-0.06788416999739777,-0.053564188109231914,-2.5
CLSVOF_LS_NATIVE,7,128,0,0,0,-0.01953125,-0.40234375,267.22083313592782,0.36100192324574237,-2.4815893279646177,-2.5173426359475499,-2.5079461546536619,-0.035753307982932192,-0.026356826689044155,-2.5
CLSVOF_LS_NATIVE,7,128,0,0,0,-0.01953125,-0.39453125,267.16588898369338,0.63790189861601931,-2.5328674897721575,-2.5236947126020044,-2.5094178001745302,0.0091727771701530791,0.023449689597627277,-2.5
CLSVOF_LS_NATIVE,7,128,0,0,0,-0.01953125,-0.38671875,267.10873040377936,1.6367771505474173,-2.5864382511462818,-2.5255631852306193,-2.5205488761869295,0.060875065915662496,0.06588937495935232,-2.5
CLSVOF_LS_NATIVE,7,128,0,0,0,-0.01953125,0.38671875,92.891269596220653,1.6367771505474173,-2.5864382511462818,-2.51689010186448,-2.5205488761869299,0.069548149281801752,0.065889374959351876,-2.5
CLSVOF_LS_NATIVE,7,128,0,0,0,-0.01953125,0.39453125,92.834111016306608,0.63790189861601931,-2.5328674897721579,-2.4960608142679939,-2.5094178001745302,0.036806675504164055,0.023449689597627721,-2.5
CLSVOF_LS_NATIVE,7,128,0,0,0,-0.01953125,0.40234375,92.779166864072167,0.36100192324574237,-2.4815893279646248,-2.5002969446846826,-2.5079461546536614,-0.018707616720057718,-0.026356826689036605,-2.5
CLSVOF_LS_NATIVE,7,128,0,0,0,-0.01953125,0.41015625,92.726310993906367,1.3598243361594748,-2.4351851372643298,-2.481499776636297,-2.4887493253735622,-0.046314639371967115,-0.053564188109232358,-2.5
CLSVOF_LS_NATIVE,7,128,0,0,0,-0.01171875,-0.41015625,268.36342295838318,1.3217587438324978,-2.4425124512428127,-2.5003979073774651,-2.4857384624249805,-0.057885456134652458,-0.043226011182167845,-2.5
CLSVOF_LS_NATIVE,7,128,0,0,0,-0.01171875,-0.40234375,268.33166255170659,0.32220820571024683,-2.4849035181253085,-2.5116584399751445,-2.5012758828317252,-0.026754921849835966,-0.016372364706416676,-2.5
CLSVOF_LS_NATIVE,7,128,0,0,0,-0.01171875,-0.39453125,268.29864539467377,0.67746458118821395,-2.5324147167577875,-2.5157608030570211,-2.5012964862249611,0.01665391370076641,0.031118230532826363,-2.5
CLSVOF_LS_NATIVE,7,128,0,0,0,-0.01171875,-0.38671875,268.26429541107154,1.6771413859823152,-2.5834779346141943,-2.5184243868387246,-2.5139812601210854,0.065053547775469678,0.069496674493108923,-2.5
CLSVOF_LS_NATIVE,7,128,0,0,0,-0.01171875,0.38671875,91.735704588928485,1.6771413859823152,-2.5834779346141947,-2.5139355243871582,-2.5139812601210854,0.069542410227036555,0.069496674493109367,-2.5
CLSVOF_LS_NATIVE,7,128,0,0,0,-0.01171875,0.39453125,91.701354605326216,0.67746458118821395,-2.5324147167577875,-2.4873430187218157,-2.5012964862249611,0.045071698035971774,0.031118230532826363,-2.5
CLSVOF_LS_NATIVE,7,128,0,0,0,-0.01171875,0.40234375,91.668337448293414,0.32220820571024689,-2.4849035181252943,-2.4937843962585666,-2.501275882831723,-0.0088808781332723186,-0.016372364706428666,-2.5
CLSVOF_LS_NATIVE,7,128,0,0,0,-0.01171875,0.41015625,91.636577041616803,1.3217587438324978,-2.4425124512428127,-2.4791963822287126,-2.4857384624249796,-0.036683930985899948,-0.043226011182166957,-2.5
CLSVOF_LS_NATIVE,7,128,0,0,0,-0.00390625,-0.41015625,269.4543424065842,1.3027579387893538,-2.4325130605802974,-2.4979495450344578,-2.4825247782098812,-0.065436484454160393,-0.050011717629583785,-2.5
CLSVOF_LS_NATIVE,7,128,0,0,0,-0.00390625,-0.40234375,269.44374777291921,0.30281170096783683,-2.4828728376826978,-2.511226922794028,-2.4996414993179652,-0.028354085111330196,-0.016768661635267357,-2.5
CLSVOF_LS_NATIVE,7,128,0,0,0,-0.00390625,-0.39453125,269.43273359014199,0.69725825059193169,-2.5335340141655989,-2.515306485362252,-2.5006808281044703,0.018227528803346882,0.032853186061128525,-2.5
CLSVOF_LS_NATIVE,7,128,0,0,0,-0.00390625,-0.38671875,269.42127443439216,1.6973386950966887,-2.5852306777323126,-2.5186006720380911,-2.5140308833547369,0.066630005694221506,0.071199794377575731,-2.5
CLSVOF_LS_NATIVE,7,128,0,0,0,-0.00390625,0.38671875,90.578725565607854,1.6973386950966887,-2.5852306777323126,-2.5159225484537391,-2.5140308833547365,0.069308129278573549,0.071199794377576175,-2.5
CLSVOF_LS_NATIVE,7,128,0,0,0,-0.00390625,0.39453125,90.567266409858021,0.69725825059193169,-2.5335340141655989,-2.4861899413475768,-2.5006808281044699,0.047344072818022109,0.032853186061128969,-2.5
CLSVOF_LS_NATIVE,7,128,0,0,0,-0.00390625,0.40234375,90.556252227080762,0.30281170096783683,-2.4828728376827049,-2.4930883820416376,-2.4996414993179648,-0.010215544358932682,-0.016768661635259807,-2.5
CLSVOF_LS_NATIVE,7,128,0,0,0,-0.00390625,0.41015625,90.545657593415811,1.3027579387893538,-2.4325130605802974,-2.4762566583452115,-2.4825247782098838,-0.043743597764914099,-0.05001171762958645,-2.5
CLSVOF_LS_NATIVE,7,128,0,0,0,0.00390625,-0.41015625,270.54565759341563,1.3027579387893538,-2.4325130605802974,-2.4992175179476654,-2.4825247782098812,-0.066704457367368075,-0.050011717629583785,-2.5
CLSVOF_LS_NATIVE,7,128,0,0,0,0.00390625,-0.40234375,270.55625222708056,0.30281170096783683,-2.4828728376826978,-2.5115520605205823,-2.4996414993179648,-0.028679222837884488,-0.016768661635266913,-2.5
CLSVOF_LS_NATIVE,7,128,0,0,0,0.00390625,-0.39453125,270.56726640985784,0.69725825059193169,-2.5335340141655989,-2.5153143115759291,-2.5006808281044699,0.018219702589669762,0.032853186061128969,-2.5
CLSVOF_LS_NATIVE,7,128,0,0,0,0.00390625,-0.38671875,270.57872556560767,1.6973386950966887,-2.5852306777323126,-2.5192444028833738,-2.5140308833547365,0.06598627484893882,0.071199794377576175,-2.5
CLSVOF_LS_NATIVE,7,128,0,0,0,0.00390625,0.38671875,89.42127443439233,1.6973386950966887,-2.5852306777323126,-2.5176321600690983,-2.5140308833547369,0.067598517663214341,0.071199794377575731,-2.5
CLSVOF_LS_NATIVE,7,128,0,0,0,0.00390625,0.39453125,89.432733590142163,0.69725825059193169,-2.5335340141655989,-2.4859722259168833,-2.5006808281044699,0.047561788248715597,0.032853186061128969,-2.5
CLSVOF_LS_NATIVE,7,128,0,0,0,0.00390625,0.40234375,89.443747772919423,0.30281170096783683,-2.4828728376827049,-2.4929615775047438,-2.4996414993179643,-0.010088739822038839,-0.016768661635259363,-2.5
CLSVOF_LS_NATIVE,7,128,0,0,0,0.00390625,0.41015625,89.454342406584374,1.3027579387893538,-2.4325130605802974,-2.476393545281999,-2.4825247782098834,-0.043880484701701583,-0.050011717629586006,-2.5
CLSVOF_LS_NATIVE,7,128,0,0,0,0.01171875,-0.41015625,271.63657704161665,1.3217587438324978,-2.4425124512428127,-2.5035714724871569,-2.4857384624249814,-0.061059021244344258,-0.043226011182168733,-2.5
CLSVOF_LS_NATIVE,7,128,0,0,0,0.01171875,-0.40234375,271.66833744829324,0.32220820571024683,-2.4849035181253085,-2.5125237029659804,-2.5012758828317248,-0.027620184840671858,-0.016372364706416231,-2.5
CLSVOF_LS_NATIVE,7,128,0,0,0,0.01171875,-0.39453125,271.70135460532606,0.67746458118821395,-2.5324147167577875,-2.5157927153706079,-2.5012964862249611,0.016622001387179619,0.031118230532826363,-2.5
CLSVOF_LS_NATIVE,7,128,0,0,0,0.01171875,-0.38671875,271.73570458892834,1.6771413859823152,-2.5834779346141943,-2.5203465923411974,-2.5139812601210854,0.063131342272996882,0.069496674493108923,-2.5
CLSVOF_LS_NATIVE,7,128,0,0,0,0.01171875,0.38671875,88.264295411071686,1.6771413859823152,-2.5834779346141947,-2.5199241396492997,-2.5139812601210854,0.063553794964894994,0.069496674493109367,-2.5
CLSVOF_LS_NATIVE,7,128,0,0,0,0.01171875,0.39453125,88.298645394673969,0.67746458118821395,-2.5324147167577875,-2.4866543844215121,-2.5012964862249616,0.045760332336275411,0.031118230532825919,-2.5
CLSVOF_LS_NATIVE,7,128,0,0,0,0.01171875,0.40234375,88.331662551706771,0.32220820571024689,-2.4849035181252943,-2.4936493432478466,-2.501275882831723,-0.0087458251225522865,-0.016372364706428666,-2.5
CLSVOF_LS_NATIVE,7,128,0,0,0,0.01171875,0.41015625,88.363422958383353,1.3217587438324978,-2.4425124512428127,-2.4794250861503917,-2.4857384624249796,-0.036912634907579012,-0.043226011182166957,-2.5
CLSVOF_LS_NATIVE,7,128,0,0,0,0.01953125,-0.41015625,272.72631099390617,1.3598243361594748,-2.4351851372643307,-2.5074427113505631,-2.4887493253735631,-0.072257574086232346,-0.053564188109232358,-2.5
CLSVOF_LS_NATIVE,7,128,0,0,0,0.01953125,-0.40234375,272.77916686407201,0.36100192324574237,-2.4815893279646177,-2.5184133528733152,-2.5079461546536619,-0.036824024908697517,-0.026356826689044155,-2.5
CLSVOF_LS_NATIVE,7,128,0,0,0,0.01953125,-0.39453125,272.83411101630645,0.63790189861601931,-2.5328674897721575,-2.5237272191804392,-2.5094178001745306,0.0091402705917182914,0.023449689597626833,-2.5
CLSVOF_LS_NATIVE,7,128,0,0,0,0.01953125,-0.38671875,272.89126959622047,1.6367771505474173,-2.5864382511462818,-2.5286809503663177,-2.5205488761869295,0.057757300779964105,0.06588937495935232,-2.5
CLSVOF_LS_NATIVE,7,128,0,0,0,0.01953125,0.38671875,87.108730403779532,1.6367771505474173,-2.5864382511462818,-2.5297418657890005,-2.5205488761869295,0.056696385357281276,0.06588937495935232,-2.5
CLSVOF_LS_NATIVE,7,128,0,0,0,0.01953125,0.39453125,87.165888983693577,0.63790189861601931,-2.5328674897721579,-2.4947956053401863,-2.5094178001745298,0.038071884431971625,0.023449689597628165,-2.5
CLSVOF_LS_NATIVE,7,128,0,0,0,0.01953125,0.40234375,87.220833135928004,0.36100192324574237,-2.4815893279646248,-2.5001516921895179,-2.5079461546536641,-0.018562364224893102,-0.02635682668903927,-2.5
CLSVOF_LS_NATIVE,7,128,0,0,0,0.01953125,0.41015625,87.273689006093832,1.3598243361594748,-2.4351851372643298,-2.4821835348046744,-2.4887493253735635,-0.046998397540344516,-0.05356418810923369,-2.5
CLSVOF_LS_NATIVE,7,128,0,0,0,0.02734375,-0.41015625,273.8140748342903,1.4168715778888066,-2.448610032180754,-2.498127617427599,-2.4786174379304442,-0.049517585246845019,-0.030007405749690186,-2.5
CLSVOF_LS_NATIVE,7,128,0,0,0,0.02734375,-0.40234375,273.88790956083301,0.41913857757497136,-2.5045948370656208,-2.5123546019674112,-2.5014070798581431,-0.0077597649017904224,0.0031877572074776594,-2.5
CLSVOF_LS_NATIVE,7,128,0,0,0,0.02734375,-0.39453125,273.96465472285604,0.57859842886612289,-2.5616937298120206,-2.5183439745790919,-2.504241187144526,0.043349755232928722,0.057452542667494555,-2.5
CLSVOF_LS_NATIVE,7,128,0,0,0,0.02734375,-0.38671875,274.04448557418101,1.576256392732774,-2.6136309357309431,-2.5247234593088774,-2.5150187331563716,0.088907476422065645,0.098612202574571484,-2.5
CLSVOF_LS_NATIVE,7,128,0,0,0,0.02734375,0.38671875,85.955514425818976,1.576256392732774,-2.6136309357309435,-2.5270207338447559,-2.5150187331563703,0.086610201886187621,0.09861220257457326,-2.5
CLSVOF_LS_NATIVE,7,128,0,0,0,0.02734375,0.39453125,86.035345277143961,0.57859842886612289,-2.5616937298120201,-2.4893746496262645,-2.504241187144526,0.072319080185755613,0.057452542667494111,-2.5
CLSVOF_LS_NATIVE,7,128,0,0,0,0.02734375,0.40234375,86.112090439167019,0.41913857757497136,-2.5045948370656355,-2.4932980250814234,-2.5014070798581454,0.011296811984212063,0.0031877572074900939,-2.5
CLSVOF_LS_NATIVE,7,128,0,0,0,0.02734375,0.41015625,86.185925165709733,1.4168715778888066,-2.448610032180754,-2.4721516853349588,-2.4786174379304473,-0.023541653154204756,-0.030007405749693294,-2.5
CLSVOF_LS_NATIVE,7,128,0,0,0,0.03515625,-0.41015625,274.89909245378772,1.4929613577840002,-2.3801473214683662,-2.4891134002861515,-2.4688076601139062,-0.10896607881778531,-0.088660338645540016,-2.5
CLSVOF_LS_NATIVE,7,128,0,0,0,0.03515625,-0.40234375,274.9937439858233,0.49675054838555327,-2.4255688066987924,-2.5022561926090852,-2.4910007926360125,-0.076687385910292782,-0.065431985937220105,-2.5
CLSVOF_LS_NATIVE,7,128,0,0,0,0.03515625,-0.39453125,275.09211512449889,0.49937860198492517,-2.4732363657563039,-2.5034929872714438,-2.4898528051136757,-0.030256621515139859,-0.016616439357371782,-2.5
CLSVOF_LS_NATIVE,7,128,0,0,0,0.03515625,-0.38671875,275.19442890773473,1.4954126838520621,-2.528542779413081,-2.509213190967448,-2.4978983665051611,0.019329588445633039,0.030644412907919971,-2.5
CLSVOF_LS_NATIVE,7,128,0,0,0,0.03515625,0.38671875,84.805571092265282,1.4954126838520621,-2.5285427794130815,-2.5117430807626624,-2.4978983665051584,0.016799698650419082,0.03064441290792308,-2.5
CLSVOF_LS_NATIVE,7,128,0,0,0,0.03515625,0.39453125,84.907884875501125,0.49937860198492517,-2.4732363657563021,-2.4755601310539728,-2.4898528051136739,-0.0023237652976706435,-0.016616439357371782,-2.5
CLSVOF_LS_NATIVE,7,128,0,0,0,0.03515625,0.40234375,85.006256014176699,0.49675054838555338,-2.4255688066987773,-2.4836090631431329,-2.4910007926360143,-0.05804025644435562,-0.065431985937236981,-2.5
CLSVOF_LS_NATIVE,7,128,0,0,0,0.03515625,0.41015625,85.100907546212312,1.4929613577840002,-2.3801473214683679,-2.4626612802991077,-2.4688076601139128,-0.082513958830739753,-0.088660338645544901,-2.5
CLSVOF_LS_NATIVE,7,128,0,0,0,0.04296875,-0.41015625,275.98059952476336,1.5874998036027048,-2.4593466105920747,-2.5055504218468432,-2.4835572702793414,-0.046203811254768468,-0.024210659687266656,-2.5
CLSVOF_LS_NATIVE,7,128,0,0,0,0.04296875,-0.40234375,276.09586154459572,0.59315139581447107,-2.506600642157697,-2.5177752442171979,-2.5067609229112309,-0.011174602059500938,-0.00016028075353391458,-2.5
CLSVOF_LS_NATIVE,7,128,0,0,0,0.04296875,-0.39453125,276.21563589970259,0.40100679431259123,-2.5459934786594731,-2.5141214403594074,-2.5006306344153661,0.031872038300065686,0.04536284424410697,-2.5
CLSVOF_LS_NATIVE,7,128,0,0,0,0.04296875,-0.38671875,276.34019174590981,1.3949837401997012,-2.5849560962195119,-2.5133290757589095,-2.5005589841512399,0.071627020460602431,0.084397112068272051,-2.5
CLSVOF_LS_NATIVE,7,128,0,0,0,0.04296875,0.38671875,83.65980825409018,1.3949837401997012,-2.5849560962195128,-2.5158481323874575,-2.5005589841512377,0.069107963832055308,0.08439711206827516,-2.5
CLSVOF_LS_NATIVE,7,128,0,0,0,0.04296875,0.39453125,83.784364100297424,0.40100679431259123,-2.5459934786594718,-2.4870031639006553,-2.5006306344153639,0.058990314758816442,0.045362844244107858,-2.5
CLSVOF_LS_NATIVE,7,128,0,0,0,0.04296875,0.40234375,83.904138455404279,0.59315139581447118,-2.5066006421577094,-2.4996892844236802,-2.5067609229112278,0.0069113577340291776,-0.00016028075351837145,-2.5
CLSVOF_LS_NATIVE,7,128,0,0,0,0.04296875,0.41015625,84.019400475236651,1.5874998036027048,-2.4593466105920987,-2.4764211320125069,-2.4835572702793449,-0.017074521420408217,-0.024210659687246228,-2.5
CLSVOF_LS_NATIVE,7,128,0,0,0,0.05078125,-0.41015625,277.05784664988101,1.7010457428827621,-2.4274362027361622,-2.5102338407617975,-2.486479576427814,-0.082797638025635223,-0.059043373691651801,-2.5
CLSVOF_LS_NATIVE,7,128,0,0,0,0.05078125,-0.40234375,277.19347005529545,0.70891036443009059,-2.4697189125071604,-2.5239411855160832,-2.5112802222548933,-0.054222273008922794,-0.041561309747732977,-2.5
CLSVOF_LS_NATIVE,7,128,0,0,0,0.05078125,-0.39453125,277.33437880141662,0.28298259919475571,-2.5147472535291402,-2.5141432190200454,-2.5071467912124246,0.00060403450909474188,0.0076004623167156282,-2.5
CLSVOF_LS_NATIVE,7,128,0,0,0,0.05078125,-0.38671875,277.48088617952357,1.2746084418574637,-2.5615994408460967,-2.5157834219038193,-2.5033548474045877,0.045816018942277381,0.058244593441509007,-2.5
CLSVOF_LS_NATIVE,7,128,0,0,0,0.05078125,0.38671875,82.51911382047642,1.2746084418574637,-2.5615994408460976,-2.5135190035014432,-2.503354847404589,0.048080437344654392,0.058244593441508563,-2.5
CLSVOF_LS_NATIVE,7,128,0,0,0,0.05078125,0.39453125,82.665621198583366,0.28298259919475571,-2.5147472535291406,-2.5041691096560221,-2.507146791212421,0.010578143873118506,0.007600462316719625,-2.5
CLSVOF_LS_NATIVE,7,128,0,0,0,0.05078125,0.40234375,82.806529944704536,0.70891036443009081,-2.4697189125071151,-2.5050746134630684,-2.5112802222548805,-0.035355700955953306,-0.041561309747765396,-2.5
CLSVOF_LS_NATIVE,7,128,0,0,0,0.05078125,0.41015625,82.942153350119,1.7010457428827623,-2.4274362027361351,-2.4781206181336719,-2.4864795764277954,-0.050684415397536764,-0.059043373691660239,-2.5
CLSVOF_LS_NATIVE,7,128,0,0,0,0.05859375,-0.41015625,278.13010235415589,1.8332623301062216,-2.4166555497349305,-2.4969933134551234,-2.4718140070878478,-0.080337763720192967,-0.055158457352917356,-2.5
CLSVOF_LS_NATIVE,7,128,0,0,0,0.05859375,-0.40234375,278.28579702395365,0.84365866989157645,-2.4608225788780005,-2.5107211187029073,-2.4961342706828162,-0.049898539824906774,-0.035311691804815748,-2.5
CLSVOF_LS_NATIVE,7,128,0,0,0,0.05859375,-0.39453125,278.4475272479084,0.1456305356610389,-2.5030356120275572,-2.5044142086118568,-2.4945978433063982,-0.0013785965842996184,0.008437768721158978,-2.5
CLSVOF_LS_NATIVE,7,128,0,0,0,0.05859375,-0.38671875,278.615648184164,1.1345541583954859,-2.5496347350825985,-2.5065370548162109,-2.4950871060695907,0.043097680266387606,0.054547629013007803,-2.5
CLSVOF_LS_NATIVE,7,128,0,0,0,0.05859375,0.38671875,81.38435181583597,1.1345541583954859,-2.5496347350826007,-2.498038743999607,-2.4950871060695921,0.051595991082993731,0.054547629013008692,-2.5
CLSVOF_LS_NATIVE,7,128,0,0,0,0.05859375,0.39453125,81.552472752091617,0.14563053566103892,-2.5030356120275665,-2.4907055782405809,-2.4945978433063978,0.012330033786985606,0.008437768721168748,-2.5
CLSVOF_LS_NATIVE,7,128,0,0,0,0.05859375,0.40234375,81.714202976046352,0.84365866989157645,-2.4608225788780307,-2.4933755342571757,-2.4961342706828145,-0.032552955379145043,-0.035311691804783774,-2.5
CLSVOF_LS_NATIVE,7,128,0,0,0,0.05859375,0.41015625,81.869897645844105,1.8332623301062219,-2.4166555497349056,-2.4627704164138637,-2.4718140070878389,-0.046114866678958144,-0.055158457352933343,-2.5
CLSVOF_LS_NATIVE,7,128,0,0,0,0.06640625,-0.41015625,279.19665589162884,1.9839731656178292,-2.3995539279908273,-2.4897936048663358,-2.462806630122067,-0.09023967687550849,-0.06325270213123968,-2.5
CLSVOF_LS_NATIVE,7,128,0,0,0,0.06640625,-0.40234375,279.37209270857898,0.99723614986252718,-2.4397671751996661,-2.4990623311933389,-2.4870623476386968,-0.059295155993672743,-0.047295172439030697,-2.5
CLSVOF_LS_NATIVE,7,128,0,0,0,0.06640625,-0.39453125,279.55428967240169,0.01086258228305704,-2.488385609859646,-2.5032449490847863,-2.4911014957205317,-0.014859339225140378,-0.0027158858608857805,-2.5
CLSVOF_LS_NATIVE,7,128,0,0,0,0.06640625,-0.38671875,279.74364128703706,0.97501987964057601,-2.5393160258323961,-2.5173278404872539,-2.5050532696915342,0.021988185345142242,0.034262756140861939,-2.5
CLSVOF_LS_NATIVE,7,128,0,0,0,0.06640625,-0.37890625,279.94057303311297,1.9604479645868798,-2.5932365339072323,-2.5338080830618046,-2.5167881901715168,0.059428450845427694,0.076448343735715518,-2.5
CLSVOF_LS_NATIVE,7,128,0,0,0,0.06640625,0.37890625,80.05942696688706,1.9604479645868798,-2.5932365339072301,-2.5252084807357993,-2.5167881901715212,0.068028053171430791,0.076448343735708857,-2.5
CLSVOF_LS_NATIVE,7,128,0,0,0,0.06640625,0.38671875,80.256358712962921,0.97501987964057601,-2.5393160258323957,-2.4953113331549925,-2.5050532696915315,0.044004692677403145,0.034262756140864159,-2.5
CLSVOF_LS_NATIVE,7,128,0,0,0,0.06640625,0.39453125,80.44571032759832,0.010862582283057032,-2.4883856098596526,-2.4828066874845005,-2.4911014957205291,0.0055789223751521178,-0.0027158858608764547,-2.5
CLSVOF_LS_NATIVE,7,128,0,0,0,0.06640625,0.40234375,80.627907291420996,0.99723614986252718,-2.4397671751996408,-2.4883991917910722,-2.4870623476387062,-0.048632016591431348,-0.047295172439065336,-2.5
CLSVOF_LS_NATIVE,7,128,0,0,0,0.06640625,0.41015625,80.803344108371178,1.9839731656178292,-2.3995539279908531,-2.4527884741362755,-2.4628066301220688,-0.053234546145422446,-0.063252702131215699,-2.5
CLSVOF_LS_NATIVE,7,128,0,0,0,0.07421875,-0.40234375,280.45163294398861,1.1693734783645358,-2.4407387994123608,-2.5027866294911068,-2.4902930927068052,-0.062047830078745925,-0.049554293294444385,-2.5
CLSVOF_LS_NATIVE,7,128,0,0,0,0.07421875,-0.39453125,280.65390259993842,0.18626996727528375,-2.4896658811876216,-2.5119206553848055,-2.5013798691946305,-0.022254774197183913,-0.011713988007008957,-2.5
CLSVOF_LS_NATIVE,7,128,0,0,0,0.07421875,-0.38671875,280.86405992208762,0.79620876213393588,-2.5450154107460441,-2.5256713674194962,-2.5153308798574523,0.019344043326547933,0.029684530888591798,-2.5
CLSVOF_LS_NATIVE,7,128,0,0,0,0.07421875,-0.37890625,281.08256946302959,1.7780638587887736,-2.6028127503809695,-2.5366313457665433,-2.5204289931469961,0.066181404614426231,0.082383757233973398,-2.5
CLSVOF_LS_NATIVE,7,128,0,0,0,0.07421875,0.37890625,78.917430536970443,1.7780638587887736,-2.602812750380969,-2.5284765515186822,-2.5204289931470023,0.074336198862286818,0.082383757233966737,-2.5
CLSVOF_LS_NATIVE,7,128,0,0,0,0.07421875,0.38671875,79.135940077912366,0.79620876213393588,-2.5450154107460472,-2.5038685204620159,-2.5153308798574536,0.04114689028403129,0.029684530888593574,-2.5
CLSVOF_LS_NATIVE,7,128,0,0,0,0.07421875,0.39453125,79.346097400061595,0.18626996727528378,-2.4896658811875993,-2.4936097106981929,-2.5013798691946323,-0.0039438295105935772,-0.011713988007032938,-2.5
CLSVOF_LS_NATIVE,7,128,0,0,0,0.07421875,0.40234375,79.548367056011386,1.1693734783645355,-2.4407387994124212,-2.4883741741266641,-2.4902930927068176,-0.04763537471424284,-0.049554293294396423,-2.5
CLSVOF_LS_NATIVE,7,128,0,0,0,0.08203125,-0.40234375,281.52372170389725,1.3599624887983441,-2.4483477175317678,-2.5018540387433386,-2.4852254313654885,-0.053506321211570729,-0.036877713833720627,-2.5
CLSVOF_LS_NATIVE,7,128,0,0,0,0.08203125,-0.39453125,281.74563342528791,0.38047049630528246,-2.5102472034676806,-2.5184748518123623,-2.5062102674856472,-0.0082276483446817039,0.0040369359820333628,-2.5
CLSVOF_LS_NATIVE,7,128,0,0,0,0.08203125,-0.38671875,281.97613244420324,0.59821843380298256,-2.5588997145567238,-2.5244945346916565,-2.5103632213303859,0.034405179865067304,0.048536493226337907,-2.5
CLSVOF_LS_NATIVE,7,128,0,0,0,0.08203125,-0.37890625,282.21571913413078,1.5760983328227873,-2.6041233863292161,-2.5277875285488367,-2.5137386092093053,0.076335857780379435,0.090384777119910886,-2.5
CLSVOF_LS_NATIVE,7,128,0,0,0,0.08203125,0.37890625,77.784280865869221,1.5760983328227873,-2.6041233863292148,-2.5196591708243208,-2.5137386092093053,0.084464215504894025,0.090384777119909554,-2.5
CLSVOF_LS_NATIVE,7,128,0,0,0,0.08203125,0.38671875,78.023867555796727,0.59821843380298256,-2.5588997145567229,-2.4965375702686541,-2.5103632213303886,0.062362144288068855,0.048536493226334354,-2.5
CLSVOF_LS_NATIVE,7,128,0,0,0,0.08203125,0.39453125,78.254366574712122,0.38047049630528235,-2.5102472034677117,-2.4980832780684197,-2.506210267485649,0.012163925399292008,0.0040369359820626727,-2.5
CLSVOF_LS_NATIVE,7,128,0,0,0,0.08203125,0.40234375,78.476278296102748,1.3599624887983441,-2.4483477175317376,-2.4808614802045375,-2.4852254313654938,-0.032513762672799817,-0.036877713833756154,-2.5
CLSVOF_LS_NATIVE,7,128,0,0,0,0.08984375,-0.40234375,282.58769338164871,1.56891539687778,-2.3952156938635643,-2.4949013157949715,-2.475904929595075,-0.099685621931407287,-0.080689235731510767,-2.5
CLSVOF_LS_NATIVE,7,128,0,0,0,0.08984375,-0.39453125,282.82878287145536,0.59347656234660573,-2.44056809176573,-2.5103572702522032,-2.4986793286923006,-0.069789178486473258,-0.058111236926570609,-2.5
CLSVOF_LS_NATIVE,7,128,0,0,0,0.08984375,-0.38671875,283.07912378006677,0.38108772384433159,-2.4979764006054963,-2.5098407588532723,-2.4968400353295195,-0.011864358247775986,0.001136365275976825,-2.5
CLSVOF_LS_NATIVE,7,128,0,0,0,0.08984375,-0.37890625,283.33924890336334,1.3546833470992647,-2.5439083233127602,-2.5084862089819309,-2.4959107994729353,0.035422114330829313,0.047997523839824918,-2.5
CLSVOF_LS_NATIVE,7,128,0,0,0,0.08984375,0.37890625,76.660751096636673,1.3546833470992647,-2.5439083233127593,-2.4947920787790938,-2.4959107994729326,0.049116244533665476,0.047997523839826695,-2.5
CLSVOF_LS_NATIVE,7,128,0,0,0,0.08984375,0.38671875,76.920876219933263,0.38108772384433159,-2.4979764006054941,-2.4857012169946611,-2.4968400353295204,0.012275183610833018,0.0011363652759737164,-2.5
CLSVOF_LS_NATIVE,7,128,0,0,0,0.08984375,0.39453125,77.171217128544654,0.59347656234660573,-2.4405680917657175,-2.4904034995101805,-2.4986793286922993,-0.049835407744462934,-0.058111236926581711,-2.5
CLSVOF_LS_NATIVE,7,128,0,0,0,0.08984375,0.40234375,77.412306618351295,1.56891539687778,-2.3952156938635611,-2.4694430203610187,-2.4759049295950692,-0.074227326497457558,-0.080689235731508102,-2.5
CLSVOF_LS_NATIVE,7,128,0,0,0,0.09765625,-0.40234375,283.64291477598999,1.7956454148649923,-2.4444877678965602,-2.4974746119101798,-2.4777250755175815,-0.052986844013619638,-0.033237307621021284,-2.5
CLSVOF_LS_NATIVE,7,128,0,0,0,0.09765625,-0.39453125,283.9026871142205,0.82455019648168726,-2.4852839994279856,-2.5145725139975283,-2.5001531879485874,-0.029288514569542734,-0.014869188520601817,-2.5
CLSVOF_LS_NATIVE,7,128,0,0,0,0.09765625,-0.38671875,284.17233770013189,0.14547899765411654,-2.5068336868971124,-2.5016055433720217,-2.4936132062862857,0.0052281435250907116,0.013220480610826701,-2.5
CLSVOF_LS_NATIVE,7,128,0,0,0,0.09765625,-0.37890625,284.4524282510929,1.11446352190875,-2.5460132729452569,-2.5034173463763243,-2.4938910085992525,0.042595926568932629,0.052122264346004421,-2.5
CLSVOF_LS_NATIVE,7,128,0,0,0,0.09765625,0.37890625,75.547571748907103,1.11446352190875,-2.5460132729452569,-2.4876870261742807,-2.4938910085992529,0.058326246770976198,0.052122264346003977,-2.5
CLSVOF_LS_NATIVE,7,128,0,0,0,0.09765625,0.38671875,75.827662299868123,0.14547899765411654,-2.5068336868971124,-2.4908500234382354,-2.4936132062862852,0.015983663458877029,0.013220480610827146,-2.5
CLSVOF_LS_NATIVE,7,128,0,0,0,0.09765625,0.39453125,76.09731288577953,0.82455019648168726,-2.4852839994279838,-2.4966555114745268,-2.5001531879485865,-0.011371512046542964,-0.014869188520602705,-2.5
CLSVOF_LS_NATIVE,7,128,0,0,0,0.09765625,0.40234375,76.357085224010007,1.7956454148649923,-2.444487767896562,-2.468687252085024,-2.4777250755175739,-0.024199484188462073,-0.033237307621011958,-2.5
CLSVOF_LS_NATIVE,7,128,0,0,0,0.10546875,-0.39453125,284.96671956400479,1.0739176307376763,-2.4366183442616767,-2.4952416171718412,-2.4874214511323554,-0.058623272910164559,-0.050803106870678683,-2.5
CLSVOF_LS_NATIVE,7,128,0,0,0,0.10546875,-0.38671875,285.25511870305769,0.10854090726821454,-2.4923814937943209,-2.5019875263362374,-2.4933167013022492,-0.0096060325419164982,-0.00093520750792830398,-2.5
CLSVOF_LS_NATIVE,7,128,0,0,0,0.10546875,-0.37890625,285.55457127007435,0.8555949614201831,-2.5563798610417283,-2.5211929229145391,-2.5147064736502776,0.035186938127189205,0.041673387391450767,-2.5
CLSVOF_LS_NATIVE,7,128,0,0,0,0.10546875,-0.37109375,285.86570780277373,1.8183621081941548,-2.6057930548298303,-2.5300610019230412,-2.5117937717046446,0.075732052906789082,0.093999283125185684,-2.5
CLSVOF_LS_NATIVE,7,128,0,0,0,0.10546875,0.37109375,74.134292197226245,1.8183621081941548,-2.6057930548298276,-2.5077558476153294,-2.5117937717046441,0.098037207214498157,0.093999283125183464,-2.5
CLSVOF_LS_NATIVE,7,128,0,0,0,0.10546875,0.37890625,74.445428729925666,0.8555949614201831,-2.5563798610417265,-2.5046082202281319,-2.514706473650278,0.051771640813594644,0.041673387391448546,-2.5
CLSVOF_LS_NATIVE,7,128,0,0,0,0.10546875,0.38671875,74.744881296942296,0.10854090726821454,-2.4923814937943201,-2.4840775178441543,-2.4933167013022492,0.0083039759501657429,-0.00093520750792919216,-2.5
CLSVOF_LS_NATIVE,7,128,0,0,0,0.10546875,0.39453125,75.033280435995209,1.0739176307376763,-2.4366183442616784,-2.4890197776439527,-2.4874214511323549,-0.05240143338227421,-0.050803106870676462,-2.5
CLSVOF_LS_NATIVE,7,128,0,0,0,0.11328125,-0.39453125,286.02029230207114,1.3410423626265917,-2.410966168493939,-2.4907558060058417,-2.4798492518101378,-0.079789637511902711,-0.068883083316198856,-2.5
CLSVOF_LS_NATIVE,7,128,0,0,0,0.11328125,-0.38671875,286.32685351056494,0.38069055721892026,-2.4675706095106511,-2.5075777291959795,-2.4979611764477645,-0.040007119685328441,-0.030390566937113395,-2.5
CLSVOF_LS_NATIVE,7,128,0,0,0,0.11328125,-0.37890625,286.64503821467588,0.57818845842440891,-2.5169206411390648,-2.5111808347795619,-2.5003051955017859,0.0057398063595028859,0.016615445637278903,-2.5
CLSVOF_LS_NATIVE,7,128,0,0,0,0.11328125,-0.37109375,286.97549946792969,1.5355210963638919,-2.5631387937520569,-2.5161520144350416,-2.5034110368641551,0.046986779317015337,0.059727756887901773,-2.5
CLSVOF_LS_NATIVE,7,128,0,0,0,0.11328125,0.37109375,73.024500532070334,1.5355210963638919,-2.5631387937520578,-2.4979023924956967,-2.5034110368641551,0.065236401256361098,0.059727756887902661,-2.5
CLSVOF_LS_NATIVE,7,128,0,0,0,0.11328125,0.37890625,73.354961785324136,0.57818845842440891,-2.5169206411390652,-2.4877364103958124,-2.5003051955017859,0.029184230743252826,0.016615445637279347,-2.5
CLSVOF_LS_NATIVE,7,128,0,0,0,0.11328125,0.38671875,73.673146489435069,0.38069055721892026,-2.4675706095106529,-2.4896621956468907,-2.4979611764477645,-0.022091586136237851,-0.030390566937111618,-2.5
CLSVOF_LS_NATIVE,7,128,0,0,0,0.11328125,0.39453125,73.979707697928859,1.3410423626265917,-2.4109661684939421,-2.4772659069416854,-2.4798492518101378,-0.066299738447743284,-0.068883083316195748,-2.5
CLSVOF_LS_NATIVE,7,128,0,0,0,0.12109375,-0.39453125,287.06285717346134,1.6255333006775492,-2.454254565241464,-2.5032398106974423,-2.4868451091426551,-0.048985245455978266,-0.032590543901191094,-2.5
CLSVOF_LS_NATIVE,7,128,0,0,0,0.12109375,-0.38671875,287.38697217691549,0.67053970171835287,-2.4936188296807704,-2.5184886179273338,-2.5081413597617876,-0.024869788246563385,-0.014522530081017226,-2.5
CLSVOF_LS_NATIVE,7,128,0,0,0,0.12109375,-0.37890625,287.72323661688625,0.28278392083214726,-2.5201310897483369,-2.5119421405001234,-2.5052211936303852,0.0081889492482134507,0.014909896117951682,-2.5
CLSVOF_LS_NATIVE,7,128,0,0,0,0.12109375,-0.37109375,288.07232214895942,1.2343897490163567,-2.5625283697391512,-2.5144697263254936,-2.5045656108500389,0.04805864341365762,0.057962758889112287,-2.5
CLSVOF_LS_NATIVE,7,128,0,0,0,0.12109375,0.37109375,71.927677851040585,1.2343897490163567,-2.5625283697391543,-2.4973906467098486,-2.5045656108500385,0.065137723029305761,0.05796275888911584,-2.5
CLSVOF_LS_NATIVE,7,128,0,0,0,0.12109375,0.37890625,72.27676338311376,0.28278392083214726,-2.520131089748336,-2.5003678962482567,-2.5052211936303852,0.019763193500079268,0.014909896117950794,-2.5
CLSVOF_LS_NATIVE,7,128,0,0,0,0.12109375,0.38671875,72.613027823084536,0.67053970171835287,-2.4936188296807678,-2.5011518063496894,-2.5081413597617881,-0.0075329766689216093,-0.014522530081020335,-2.5
CLSVOF_LS_NATIVE,7,128,0,0,0,0.12109375,0.39453125,72.93714282653869,1.6255333006775492,-2.4542545652414636,-2.4798321899816123,-2.4868451091426547,-0.025577624740148686,-0.032590543901191094,-2.5
CLSVOF_LS_NATIVE,7,128,0,0,0,0.12890625,-0.39453125,288.09390654406309,1.9275728886940564,-2.4089523616193138,-2.4928414549899869,-2.4728524034511641,-0.083889093370673073,-0.063900041831850274,-2.5
CLSVOF_LS_NATIVE,7,128,0,0,0,0.12890625,-0.38671875,288.43494882292191,0.97814618740015069,-2.4523579209704214,-2.5020671150391043,-2.4955878650390266,-0.049709194068682905,-0.043229944068605253,-2.5
CLSVOF_LS_NATIVE,7,128,0,0,0,0.12890625,-0.37890625,288.78862198216837,0.030484943756687682,-2.5116527486695071,-2.5127554317169936,-2.5009813602278612,-0.0011026830474865079,0.010671388441645835,-2.5
CLSVOF_LS_NATIVE,7,128,0,0,0,0.12890625,-0.37109375,289.1556124454396,0.91517600165820834,-2.5608603701772057,-2.5291328709858716,-2.5225969923484066,0.031727499191334108,0.038263377828799072,-2.5
CLSVOF_LS_NATIVE,7,128,0,0,0,0.12890625,-0.36328125,289.53665493812832,1.8588044501436798,-2.6037840825897134,-2.5401426979601474,-2.5139935597050229,0.063641384629566033,0.089790522884690471,-2.5
CLSVOF_LS_NATIVE,7,128,0,0,0,0.12890625,0.36328125,70.463345061871678,1.8588044501436798,-2.6037840825897121,-2.4970700952203435,-2.5139935597050229,0.10671398736936855,0.089790522884689139,-2.5
CLSVOF_LS_NATIVE,7,128,0,0,0,0.12890625,0.37109375,70.844387554560399,0.91517600165820834,-2.560860370177207,-2.5127543354359703,-2.5225969923484066,0.048106034741236758,0.038263377828800405,-2.5
CLSVOF_LS_NATIVE,7,128,0,0,0,0.12890625,0.37890625,71.211378017831606,0.030484943756687682,-2.5116527486695071,-2.4896155125633506,-2.5009813602278612,0.022037236106156488,0.010671388441645835,-2.5
CLSVOF_LS_NATIVE,7,128,0,0,0,0.12890625,0.38671875,71.565051177078061,0.97814618740015069,-2.452357920970424,-2.4956059292590216,-2.4955878650390262,-0.043248008288597539,-0.043229944068602144,-2.5
CLSVOF_LS_NATIVE,7,128,0,0,0,0.12890625,0.39453125,71.906093455936912,1.9275728886940564,-2.4089523616193156,-2.4613891293457253,-2.4728524034511641,-0.052436767726409705,-0.063900041831848498,-2.5
CLSVOF_LS_NATIVE,7,128,0,0,0,0.13671875,-0.38671875,289.47030200946688,1.3029941941732908,-2.4104184311101902,-2.4950887453721635,-2.4840130847181481,-0.084670314261973356,-0.073594653607957916,-2.5
CLSVOF_LS_NATIVE,7,128,0,0,0,0.13671875,-0.37890625,289.84069808396828,0.36135893951161396,-2.4662985720626791,-2.5106719006057654,-2.5013974522474003,-0.044373328543086288,-0.035098880184721182,-2.5
CLSVOF_LS_NATIVE,7,128,0,0,0,0.13671875,-0.37109375,290.224859431168,0.57809321408152037,-2.5263405687704674,-2.5120515816615923,-2.5012887199946969,0.014288987108875162,0.025051848775770491,-2.5
CLSVOF_LS_NATIVE,7,128,0,0,0,0.13671875,-0.36328125,290.62353138332514,1.5152894104139802,-2.5649184882491265,-2.5236656870713343,-2.5034800390846632,0.041252801177792175,0.061438449164463282,-2.5
CLSVOF_LS_NATIVE,7,128,0,0,0,0.13671875,0.36328125,69.376468616674842,1.5152894104139802,-2.5649184882491269,-2.4947156963009327,-2.5034800390846632,0.070202791948194232,0.061438449164463727,-2.5
CLSVOF_LS_NATIVE,7,128,0,0,0,0.13671875,0.37109375,69.775140568831986,0.57809321408152037,-2.5263405687704679,-2.4882382242022096,-2.5012887199946969,0.038102344568258228,0.025051848775770935,-2.5
CLSVOF_LS_NATIVE,7,128,0,0,0,0.13671875,0.37890625,70.159301916031723,0.36135893951161396,-2.4662985720626791,-2.4919210791499835,-2.5013974522474003,-0.025622507087304403,-0.035098880184721182,-2.5
CLSVOF_LS_NATIVE,7,128,0,0,0,0.13671875,0.38671875,70.529697990533123,1.3029941941732908,-2.4104184311101879,-2.4804455062648225,-2.4840130847181481,-0.070027075154634577,-0.073594653607960137,-2.5
CLSVOF_LS_NATIVE,7,128,0,0,0,0.14453125,-0.38671875,290.49259476987021,1.6445135698001543,-2.4550918654828471,-2.5019936992580885,-2.4844902218484206,-0.046901833775241375,-0.02939835636557353,-2.5
CLSVOF_LS_NATIVE,7,128,0,0,0,0.14453125,-0.37890625,290.87901688055734,0.70918742705297932,-2.4975916968144203,-2.5133950323682601,-2.5046615341995166,-0.015803335553839837,-0.0070698373850963669,-2.5
CLSVOF_LS_NATIVE,7,128,0,0,0,0.14453125,-0.37109375,291.27960442769535,0.2236692761407981,-2.4991014017605493,-2.4993063427648052,-2.4938507746611136,-0.00020494100425594297,0.0052506270994356896,-2.5
CLSVOF_LS_NATIVE,7,128,0,0,0,0.14453125,-0.36328125,291.6951094607968,1.1542151004471755,-2.5386928725102171,-2.5095014402461118,-2.4978646628256422,0.029191432264105366,0.040828209684574901,-2.5
CLSVOF_LS_NATIVE,7,128,0,0,0,0.14453125,0.36328125,68.304890539203186,1.1542151004471755,-2.5386928725102251,-2.4867287496938282,-2.4978646628256422,0.051964122816396952,0.040828209684582895,-2.5
CLSVOF_LS_NATIVE,7,128,0,0,0,0.14453125,0.37109375,68.720395572304653,0.2236692761407981,-2.4991014017605488,-2.4889928268564656,-2.4938507746611132,0.010108574904083234,0.0052506270994356896,-2.5
CLSVOF_LS_NATIVE,7,128,0,0,0,0.14453125,0.37890625,69.120983119442656,0.70918742705297932,-2.4975916968144207,-2.4980367693768359,-2.5046615341995166,-0.00044507256241521631,-0.0070698373850959229,-2.5
CLSVOF_LS_NATIVE,7,128,0,0,0,0.14453125,0.38671875,69.507405230129791,1.6445135698001543,-2.4550918654828524,-2.4761399231283288,-2.4844902218484202,-0.021048057645476348,-0.029398356365567757,-2.5
CLSVOF_LS_NATIVE,7,128,0,0,0,0.15234375,-0.37890625,291.90317808183909,1.0740599023588289,-2.4254346736010128,-2.4923264289954172,-2.486879069297399,-0.066891755394404395,-0.061444395696386156,-2.5
CLSVOF_LS_NATIVE,7,128,0,0,0,0.15234375,-0.37109375,292.31944039297503,0.14771570583249902,-2.4844354860966393,-2.499187950856518,-2.4895012754209178,-0.014752464759878681,-0.0050657893242784802,-2.5
CLSVOF_LS_NATIVE,7,128,0,0,0,0.15234375,-0.36328125,292.75097634278757,0.77603128530138432,-2.5573363774558904,-2.5128716517789629,-2.5053149673005155,0.044464725676927497,0.05202141015537487,-2.5
CLSVOF_LS_NATIVE,7,128,0,0,0,0.15234375,-0.35546875,293.19859051364813,1.6968709349589617,-2.5985525729701,-2.5444081791110609,-2.5144733786776783,0.05414439385903913,0.084079194292421722,-2.5
CLSVOF_LS_NATIVE,7,128,0,0,0,0.15234375,0.35546875,66.801409486351872,1.6968709349589617,-2.5985525729700978,-2.4982672417236835,-2.5144733786776814,0.10028533124641426,0.084079194292416393,-2.5
CLSVOF_LS_NATIVE,7,128,0,0,0,0.15234375,0.36328125,67.249023657212433,0.77603128530138432,-2.5573363774558904,-2.4943600018812386,-2.5053149673005155,0.062976375574651744,0.05202141015537487,-2.5
CLSVOF_LS_NATIVE,7,128,0,0,0,0.15234375,0.37109375,67.680559607024975,0.14771570583249902,-2.4844354860966349,-2.4791178354025569,-2.4895012754209178,0.0053176506940779689,-0.0050657893242829211,-2.5
CLSVOF_LS_NATIVE,7,128,0,0,0,0.15234375,0.37890625,68.096821918160913,1.0740599023588289,-2.4254346736010115,-2.4854887610579892,-2.486879069297399,-0.060054087456977712,-0.061444395696387488,-2.5
CLSVOF_LS_NATIVE,7,128,0,0,0,0.16015625,-0.37890625,292.9128283967716,1.4552108596727813,-2.413451095246268,-2.4876542446238585,-2.4754962331878323,-0.074203149377590538,-0.062045137941564299,-2.5
CLSVOF_LS_NATIVE,7,128,0,0,0,0.16015625,-0.37109375,293.34401096157745,0.5357284114961246,-2.4627456951751725,-2.5062238689956606,-2.4982693566314182,-0.043478173820488131,-0.035523661456245748,-2.5
CLSVOF_LS_NATIVE,7,128,0,0,0,0.16015625,-0.36328125,293.79077386577717,0.3808414156413511,-2.4943467734221105,-2.51715850363603,-2.5051952665114632,-0.022811730213919468,-0.010848493089352651,-2.5
CLSVOF_LS_NATIVE,7,128,0,0,0,0.16015625,-0.35546875,294.25391972431652,1.2943363332979863,-2.5530725031056187,-2.5250658379724529,-2.5106218269698384,0.028006665133165853,0.042450676135780352,-2.5
CLSVOF_LS_NATIVE,7,128,0,0,0,0.16015625,0.35546875,65.746080275683482,1.2943363332979863,-2.5530725031056272,-2.4990832893998398,-2.5106218269698397,0.053989213705787353,0.042450676135787457,-2.5
CLSVOF_LS_NATIVE,7,128,0,0,0,0.16015625,0.36328125,66.20922613422286,0.3808414156413511,-2.4943467734221114,-2.4938541547619066,-2.5051952665114632,0.00049261866020477996,-0.010848493089351763,-2.5
CLSVOF_LS_NATIVE,7,128,0,0,0,0.16015625,0.37109375,66.655989038422561,0.5357284114961246,-2.4627456951751752,-2.4885294022622815,-2.4982693566314111,-0.025783707087106311,-0.035523661456235978,-2.5
CLSVOF_LS_NATIVE,7,128,0,0,0,0.16015625,0.37890625,67.087171603228413,1.4552108596727813,-2.4134510952462711,-2.46916062970209,-2.475496233187827,-0.055709534455818943,-0.062045137941555861,-2.5
CLSVOF_LS_NATIVE,7,128,0,0,0,0.16796875,-0.37890625,293.90766049417243,1.8523285553257451,-2.4273383402810111,-2.4924499382560463,-2.4745824294502974,-0.065111597975035185,-0.047244089169286241,-2.5
CLSVOF_LS_NATIVE,7,128,0,0,0,0.16796875,-0.37109375,294.35300917502957,0.93990916522916146,-2.4774093997765774,-2.5085357599961133,-2.5028869146244688,-0.031126360219535965,-0.025477514847891403,-2.5
CLSVOF_LS_NATIVE,7,128,0,0,0,0.16796875,-0.36328125,294.81419699053509,0.030549749005389842,-2.545401358790897,-2.5139010963738162,-2.5024791021409678,0.031500262417080815,0.042922256649929214,-2.5
CLSVOF_LS_NATIVE,7,128,0,0,0,0.16796875,-0.35546875,295.29202115702122,0.87530397114479841,-2.5597136033885755,-2.5233415643608303,-2.518574926304658,0.036372039027745107,0.041138677083917496,-2.5
CLSVOF_LS_NATIVE,7,128,0,0,0,0.16796875,-0.34765625,295.78732818281429,1.7776986747425194,-2.5891362408450531,-2.5484952652745672,-2.5135531697364821,0.04064097557048596,0.075583071108570987,-2.5
CLSVOF_LS_NATIVE,7,128,0,0,0,0.16796875,0.34765625,64.212671817185694,1.777698674742519,-2.5891362408449141,-2.4925909263603536,-2.513553169736479,0.096545314484560496,0.075583071108435096,-2.5
CLSVOF_LS_NATIVE,7,128,0,0,0,0.16796875,0.35546875,64.707978842978775,0.87530397114479841,-2.5597136033885994,-2.5083148395303514,-2.5185749263046495,0.051398763858248042,0.041138677083949915,-2.5
CLSVOF_LS_NATIVE,7,128,0,0,0,0.16796875,0.36328125,65.185803009464905,0.030549749005389853,-2.5454013587909028,-2.4913763994569944,-2.502479102140974,0.054024959333908384,0.042922256649928769,-2.5
CLSVOF_LS_NATIVE,7,128,0,0,0,0.16796875,0.37109375,65.64699082497043,0.93990916522916146,-2.4774093997765316,-2.4988631177313554,-2.502886914624467,-0.021453717954823759,-0.025477514847935367,-2.5
CLSVOF_LS_NATIVE,7,128,0,0,0,0.16796875,0.37890625,66.092339505827567,1.8523285553257451,-2.4273383402810009,-2.4645434306714833,-2.4745824294502956,-0.037205090390482365,-0.047244089169294678,-2.5
CLSVOF_LS_NATIVE,7,128,0,0,0,0.17578125,-0.37109375,295.34617594194663,1.3601874625929582,-2.4144210484652118,-2.4951258122527991,-2.485696408840302,-0.080704763787587286,-0.071275360375090191,-2.5
CLSVOF_LS_NATIVE,7,128,0,0,0,0.17578125,-0.36328125,295.82099197418921,0.45839394207437018,-2.4380621436179535,-2.5065418507375119,-2.4983789655382673,-0.068479707119558419,-0.060316821920313846,-2.5
CLSVOF_LS_NATIVE,7,128,0,0,0,0.17578125,-0.35546875,296.31264849478879,0.43988954324046975,-2.4849500318431157,-2.5163057939692486,-2.5050523830734677,-0.031355762126132891,-0.020102351230351978,-2.5
CLSVOF_LS_NATIVE,7,128,0,0,0,0.17578125,-0.34765625,296.82198120158142,1.334413722423182,-2.5693684169381008,-2.5358630309544652,-2.5162798962895465,0.033505385983635616,0.053088520648554294,-2.5
CLSVOF_LS_NATIVE,7,128,0,0,0,0.17578125,0.34765625,63.178018798418556,1.3344137224231816,-2.5693684169380502,-2.5032175099535579,-2.5162798962895465,0.06615090698449233,0.053088520648503668,-2.5
CLSVOF_LS_NATIVE,7,128,0,0,0,0.17578125,0.35546875,63.687351505211232,0.43988954324046975,-2.4849500318431272,-2.4932892119330825,-2.5050523830734632,-0.0083391800899552671,-0.020102351230335991,-2.5
CLSVOF_LS_NATIVE,7,128,0,0,0,0.17578125,0.36328125,64.179008025810788,0.45839394207437018,-2.4380621436179233,-2.4879104670661008,-2.4983789655382718,-0.049848323448177467,-0.060316821920348485,-2.5
CLSVOF_LS_NATIVE,7,128,0,0,0,0.17578125,0.37109375,64.653824058053374,1.3601874625929578,-2.4144210484653188,-2.478920050732103,-2.4856964088403144,-0.064499002266784178,-0.0712753603749956,-2.5
CLSVOF_LS_NATIVE,7,128,0,0,0,0.18359375,-0.37109375,296.32329826780983,1.7957724954827643,-2.4244706016776196,-2.4899664144266689,-2.4742991694593615,-0.065495812749049254,-0.049828567781741828,-2.5
CLSVOF_LS_NATIVE,7,128,0,0,0,0.18359375,-0.36328125,296.81095430034861,0.90155937976191181,-2.477429336531491,-2.5129599637929436,-2.5058840711971904,-0.035530627261452619,-0.028454734665699366,-2.5
CLSVOF_LS_NATIVE,7,128,0,0,0,0.18359375,-0.35546875,297.31560797344218,0.010983821918747834,-2.5728075999965276,-2.5209683903576963,-2.5098983382640485,0.051839209638831374,0.062909261732479127,-2.5
CLSVOF_LS_NATIVE,7,128,0,0,0,0.18359375,-0.34765625,297.83808119713467,0.87521593187543489,-2.5657198178689842,-2.5256814143540804,-2.5227137718314312,0.040038403514903731,0.043006046037552981,-2.5
CLSVOF_LS_NATIVE,7,128,0,0,0,0.18359375,-0.33984375,298.37924308610786,1.7573579695407924,-2.5807159137438784,-2.5461402021553159,-2.5105391251559279,0.034575711588562541,0.070176788587950512,-2.5
CLSVOF_LS_NATIVE,7,128,0,0,0,0.18359375,0.33984375,61.620756913892109,1.7573579695407924,-2.5807159137439082,-2.4902620680997534,-2.5105391251559288,0.090453845644154818,0.070176788587979377,-2.5
CLSVOF_LS_NATIVE,7,128,0,0,0,0.18359375,0.34765625,62.161918802865358,0.87521593187543489,-2.5657198178690312,-2.5128561604159634,-2.5227137718314392,0.052863657453067869,0.043006046037592061,-2.5
CLSVOF_LS_NATIVE,7,128,0,0,0,0.18359375,0.35546875,62.684392026557802,0.010983821918747826,-2.5728075999965117,-2.5004636222415164,-2.5098983382640419,0.072343977754995237,0.062909261732469801,-2.5
CLSVOF_LS_NATIVE,7,128,0,0,0,0.18359375,0.36328125,63.189045699651373,0.90155937976191158,-2.4774293365315341,-2.498453764939141,-2.5058840711971895,-0.021024428407606877,-0.028454734665655401,-2.5
CLSVOF_LS_NATIVE,7,128,0,0,0,0.18359375,0.37109375,63.676701732190175,1.7957724954827643,-2.4244706016775628,-2.4643990603288048,-2.4742991694593659,-0.03992845865124206,-0.049828567781803113,-2.5
CLSVOF_LS_NATIVE,7,128,0,0,0,0.19140625,-0.36328125,297.78392641220921,1.3601875882028853,-2.4292244713853064,-2.4995732778301791,-2.4911357790861102,-0.070348806444872736,-0.061911307700803775,-2.5
CLSVOF_LS_NATIVE,7,128,0,0,0,0.19140625,-0.35546875,298.30075576600632,0.47779602556314521,-2.4485498791259124,-2.5059470358236555,-2.4980107782255163,-0.057397156697743146,-0.049460899099603939,-2.5
CLSVOF_LS_NATIVE,7,128,0,0,0,0.19140625,-0.34765625,298.83550084774299,0.40027514595992614,-2.4652452252607615,-2.5066397119502257,-2.4955377994381438,-0.041394486689464216,-0.030292574177382292,-2.5
CLSVOF_LS_NATIVE,7,128,0,0,0,0.19140625,-0.33984375,299.38901146632031,1.2741070742653706,-2.5496197411616803,-2.5261264118807363,-2.5089012847773988,0.023493329280944053,0.040718456384281509,-2.5
CLSVOF_LS_NATIVE,7,128,0,0,0,0.19140625,0.33984375,60.610988533679709,1.2741070742653706,-2.5496197411616817,-2.4965257850482727,-2.5089012847773988,0.053093956113408947,0.040718456384282842,-2.5
CLSVOF_LS_NATIVE,7,128,0,0,0,0.19140625,0.34765625,61.16449915225698,0.40027514595992614,-2.4652452252607593,-2.4831175132588559,-2.4955377994381469,-0.017872287998096592,-0.030292574177387621,-2.5
CLSVOF_LS_NATIVE,7,128,0,0,0,0.19140625,0.35546875,61.699244233993696,0.47779602556314521,-2.448549879125907,-2.4871700871881295,-2.4980107782255114,-0.038620208062222439,-0.049460899099604383,-2.5
CLSVOF_LS_NATIVE,7,128,0,0,0,0.19140625,0.36328125,62.216073587790781,1.3601875882028853,-2.4292244713852846,-2.4827289920109812,-2.4911357790861066,-0.05350452062569655,-0.061911307700821983,-2.5
CLSVOF_LS_NATIVE,7,128,0,0,0,0.19921875,-0.36328125,298.73979529168798,1.8335500587273756,-2.4102141910402479,-2.4823566333631466,-2.4700925904182736,-0.072142442322898681,-0.059878399378025637,-2.5
CLSVOF_LS_NATIVE,7,128,0,0,0,0.19921875,-0.35546875,299.26799521489266,0.95926336852423821,-2.4424531746088727,-2.5029072399379917,-2.4972839853022126,-0.060454065329119011,-0.054830810693339949,-2.5
CLSVOF_LS_NATIVE,7,128,0,0,0,0.19921875,-0.34765625,299.8141627377986,0.089323252104229575,-2.5304839460342272,-2.5163109416741429,-2.5064163238185602,0.014173004360084285,0.024067622215667051,-2.5
CLSVOF_LS_NATIVE,7,128,0,0,0,0.19921875,-0.33984375,300.37912601136827,0.7758268173298587,-2.5827033026627597,-2.5225416684327069,-2.5178870059249077,0.06016163423005283,0.064816296737852053,-2.5
CLSVOF_LS_NATIVE,7,128,0,0,0,0.19921875,-0.33203125,300.96375653207349,1.636024831958456,-2.5830324830808915,-2.5430441523675764,-2.5084182432002047,0.03998833071331509,0.074614239880686828,-2.5
CLSVOF_LS_NATIVE,7,128,0,0,0,0.19921875,0.33203125,59.036243467926539,1.636024831958456,-2.5830324830808817,-2.4954896976517773,-2.5084182432002051,0.087542785429104431,0.074614239880676614,-2.5
CLSVOF_LS_NATIVE,7,128,0,0,0,0.19921875,0.33984375,59.620873988631715,0.7758268173298587,-2.5827033026627633,-2.5078178660000034,-2.5178870059249077,0.074885436662759819,0.064816296737855605,-2.5
CLSVOF_LS_NATIVE,7,128,0,0,0,0.19921875,0.34765625,60.185837262201389,0.089323252104229575,-2.530483946034229,-2.4970270454097054,-2.5064163238185602,0.033456900624523556,0.024067622215668827,-2.5
CLSVOF_LS_NATIVE,7,128,0,0,0,0.19921875,0.35546875,60.732004785107357,0.95926336852423821,-2.4424531746088722,-2.4908762006326706,-2.49728398530221,-0.048423026023798332,-0.054830810693337728,-2.5
CLSVOF_LS_NATIVE,7,128,0,0,0,0.19921875,0.36328125,61.260204708312017,1.8335500587273756,-2.4102141910402555,-2.4603570362103628,-2.4700925904182705,-0.050142845170107364,-0.059878399378014979,-2.5
CLSVOF_LS_NATIVE,7,128,0,0,0,0.20703125,-0.35546875,300.21727395738424,1.4552146572973532,-2.4499115721341416,-2.5018894588026366,-2.4932709119637284,-0.05197788666849501,-0.04335933982958684,-2.5
CLSVOF_LS_NATIVE,7,128,0,0,0,0.20703125,-0.34765625,300.77403610124816,0.5938056286718626,-2.5026722785638311,-2.509765004524692,-2.5034345663608764,-0.0070927259608608573,-0.00076228779704523575,-2.5
CLSVOF_LS_NATIVE,7,128,0,0,0,0.20703125,-0.33984375,301.34958086524296,0.26248451005059564,-2.473501330327692,-2.487207721659304,-2.4816773388635496,-0.013706391331612,-0.0081760085358575374,-2.5
CLSVOF_LS_NATIVE,7,128,0,0,0,0.20703125,-0.33203125,301.94475277620336,1.1138834008868768,-2.5000154141090034,-2.5024696672916509,-2.4865289004455198,-0.0024542531826474701,0.013486513663483635,-2.5
CLSVOF_LS_NATIVE,7,128,0,0,0,0.20703125,-0.32421875,302.56043798115337,1.9599779718735395,-2.5876232700539896,-2.5507616390875456,-2.5121562995672568,0.036861630966444014,0.075466970486732787,-2.5
CLSVOF_LS_NATIVE,7,128,0,0,0,0.20703125,0.32421875,57.439562018846615,1.9599779718735395,-2.5876232700539914,-2.4930733396609206,-2.5121562995672573,0.094549930393070802,0.07546697048673412,-2.5
CLSVOF_LS_NATIVE,7,128,0,0,0,0.20703125,0.33203125,58.055247223796663,1.1138834008868768,-2.5000154141090043,-2.4758270433778469,-2.4865289004455193,0.024188370731157427,0.013486513663484967,-2.5
CLSVOF_LS_NATIVE,7,128,0,0,0,0.20703125,0.33984375,58.650419134757051,0.26248451005059564,-2.4735013303276907,-2.4750298439247036,-2.4816773388635496,-0.0015285135970128927,-0.0081760085358588697,-2.5
CLSVOF_LS_NATIVE,7,128,0,0,0,0.20703125,0.34765625,59.225963898751857,0.5938056286718626,-2.5026722785638302,-2.4941503944469519,-2.5034345663608764,0.0085218841168783754,-0.00076228779704612393,-2.5
CLSVOF_LS_NATIVE,7,128,0,0,0,0.20703125,0.35546875,59.782726042615742,1.4552146572973532,-2.4499115721341371,-2.4848170909013758,-2.4932709119637284,-0.034905518767238686,-0.043359339829591281,-2.5
CLSVOF_LS_NATIVE,7,128,0,0,0,0.21484375,-0.35546875,301.14858098619493,1.9654220045039745,-2.3970744927873904,-2.4742859658208842,-2.4643662549852081,-0.077211473033493849,-0.067291762197817739,-2.5
CLSVOF_LS_NATIVE,7,128,0,0,0,0.21484375,-0.34765625,301.71513351509776,1.1126542969743805,-2.3886213747331344,-2.4812895373765085,-2.4748990751133593,-0.092668162643374075,-0.086277700380224864,-2.5
CLSVOF_LS_NATIVE,7,128,0,0,0,0.21484375,-0.33984375,302.30041551040256,0.26491284607511117,-2.4200798257767975,-2.493097077400761,-2.4809144070185107,-0.073017251623963553,-0.060834581241713259,-2.5
CLSVOF_LS_NATIVE,7,128,0,0,0,0.21484375,-0.33203125,302.90524292298784,0.57781700365933242,-2.5375499015007192,-2.5183454527982105,-2.5113401197396206,0.019204448702508703,0.026209781761098672,-2.5
CLSVOF_LS_NATIVE,7,128,0,0,0,0.21484375,-0.32421875,303.53046966713305,1.4146085175101948,-2.6081908253648263,-2.559990108562884,-2.5334490802272951,0.048200716801942267,0.074741745137531179,-2.5
CLSVOF_LS_NATIVE,7,128,0,0,0,0.21484375,0.32421875,56.46953033286696,1.4146085175101948,-2.6081908253648196,-2.5273092158438297,-2.5334490802272951,0.080881609520989883,0.074741745137524518,-2.5
CLSVOF_LS_NATIVE,7,128,0,0,0,0.21484375,0.33203125,57.094757077012162,0.57781700365933242,-2.5375499015007188,-2.5044572434562999,-2.5113401197396201,0.033092658044418855,0.026209781761098672,-2.5
CLSVOF_LS_NATIVE,7,128,0,0,0,0.21484375,0.33984375,57.699584489597427,0.26491284607511117,-2.4200798257767899,-2.4701766761441597,-2.4809144070185107,-0.050096850367369772,-0.060834581241720809,-2.5
CLSVOF_LS_NATIVE,7,128,0,0,0,0.21484375,0.34765625,58.284866484902253,1.1126542969743805,-2.3886213747331384,-2.4698579254814428,-2.4748990751133597,-0.081236550748304381,-0.086277700380221312,-2.5
CLSVOF_LS_NATIVE,7,128,0,0,0,0.21484375,0.35546875,58.851419013805057,1.9654220045039745,-2.3970744927873793,-2.4558567986991067,-2.4643662549852077,-0.058782305911727395,-0.067291762197828398,-2.5
CLSVOF_LS_NATIVE,7,128,0,0,0,0.22265625,-0.34765625,302.63750758428563,1.6447986541514943,-2.4220659672191789,-2.4832177871903514,-2.4736670703296899,-0.061151819971172472,-0.051601103110511026,-2.5
CLSVOF_LS_NATIVE,7,128,0,0,0,0.22265625,-0.33984375,303.23171106797929,0.80572394738867337,-2.4901859158602915,-2.5335904596373635,-2.5227878698960255,-0.043404543777072035,-0.032601954035734071,-2.5
CLSVOF_LS_NATIVE,7,128,0,0,0,0.22265625,-0.33203125,303.84534026107167,0.02795641488285459,-2.6030840319174993,-2.5412734309721872,-2.5317654443230015,0.0618106009453121,0.071318587594497718,-2.5
CLSVOF_LS_NATIVE,7,128,0,0,0,0.22265625,-0.32421875,304.4792156861256,0.85515873627900163,-2.569690868781056,-2.5340643012935566,-2.5371998712876707,0.035626567487499372,0.032490997493385354,-2.5
CLSVOF_LS_NATIVE,7,128,0,0,0,0.22265625,-0.31640625,305.13419305691559,1.6762879951518979,-2.5744236836730607,-2.5445675961473708,-2.5071172085804507,0.029856087525689912,0.067306475092610007,-2.5
CLSVOF_LS_NATIVE,7,128,0,0,0,0.22265625,0.31640625,54.865806943084422,1.6762879951518979,-2.5744236836730541,-2.4949174568976433,-2.5071172085804507,0.079506226775410749,0.067306475092603346,-2.5
CLSVOF_LS_NATIVE,7,128,0,0,0,0.22265625,0.32421875,55.520784313874422,0.85515873627900163,-2.5696908687810618,-2.5310501776210659,-2.5371998712876702,0.03864069115999591,0.032490997493391571,-2.5
CLSVOF_LS_NATIVE,7,128,0,0,0,0.22265625,0.33203125,56.154659738928352,0.027956414882854594,-2.6030840319174979,-2.5278877222930554,-2.5317654443230015,0.07519630962444257,0.071318587594496385,-2.5
CLSVOF_LS_NATIVE,7,128,0,0,0,0.22265625,0.33984375,56.768288932020702,0.80572394738867337,-2.4901859158602919,-2.5136120376180839,-2.5227878698960255,-0.023426121757792018,-0.032601954035733627,-2.5
CLSVOF_LS_NATIVE,7,128,0,0,0,0.22265625,0.34765625,57.362492415714371,1.6447986541514943,-2.4220659672191815,-2.4663702932652241,-2.4736670703296899,-0.044304326046042508,-0.051601103110508362,-2.5
CLSVOF_LS_NATIVE,7,128,0,0,0,0.23046875,-0.33984375,304.14358665193771,1.360232980205214,-2.4617266584152304,-2.5205923474165566,-2.5100939420454083,-0.05886568900132616,-0.048367283630177837,-2.5
CLSVOF_LS_NATIVE,7,128,0,0,0,0.23046875,-0.33203125,304.76519723657674,0.5359672088831795,-2.4782499200830976,-2.5172055251017005,-2.5114626923955465,-0.038955605018602846,-0.033212772312448902,-2.5
CLSVOF_LS_NATIVE,7,128,0,0,0,0.23046875,-0.32421875,305.40686573726958,0.28200148499032707,-2.4723359411916452,-2.486155521062769,-2.4834580537572624,-0.01381957987112381,-0.011122112565617126,-2.5
CLSVOF_LS_NATIVE,7,128,0,0,0,0.23046875,-0.31640625,306.06940989958093,1.0937516076470712,-2.5098416032200754,-2.5039144284816093,-2.4829589390769713,0.0059271747384661566,0.02688266414310414,-2.5
CLSVOF_LS_NATIVE,7,128,0,0,0,0.23046875,-0.30859375,306.75367918553144,1.8989025294438766,-2.5788559135553637,-2.5433119888405975,-2.5000744421647827,0.035543924714766195,0.078781471390581004,-2.5
CLSVOF_LS_NATIVE,7,128,0,0,0,0.23046875,0.30859375,53.246320814468582,1.8989025294438766,-2.5788559135553739,-2.4826001931881265,-2.5000744421647831,0.096255720367247388,0.078781471390590774,-2.5
CLSVOF_LS_NATIVE,7,128,0,0,0,0.23046875,0.31640625,53.930590100419053,1.0937516076470712,-2.5098416032200768,-2.4716885597268057,-2.4829589390769709,0.038153043493271088,0.026882664143105917,-2.5
CLSVOF_LS_NATIVE,7,128,0,0,0,0.23046875,0.32421875,54.593134262730395,0.28200148499032707,-2.4723359411916448,-2.4764487239755946,-2.4834580537572628,-0.0041127827839497755,-0.011122112565618014,-2.5
CLSVOF_LS_NATIVE,7,128,0,0,0,0.23046875,0.33203125,55.234802763423268,0.5359672088831795,-2.4782499200831056,-2.5051320384241849,-2.511462692395547,-0.026882118341079231,-0.033212772312441352,-2.5
CLSVOF_LS_NATIVE,7,128,0,0,0,0.23046875,0.33984375,55.856413348062304,1.360232980205214,-2.46172665841523,-2.505304418801269,-2.5100939420454078,-0.043577760386038999,-0.048367283630177837,-2.5
CLSVOF_LS_NATIVE,7,128,0,0,0,0.23828125,-0.33984375,305.03619581009275,1.9278014327222415,-2.4061090679172299,-2.4788771389688526,-2.4691376219771941,-0.072768071051622751,-0.063028554059964215,-2.5
CLSVOF_LS_NATIVE,7,128,0,0,0,0.23828125,-0.33203125,305.66500153686172,1.1127045591043672,-2.4043153320781308,-2.4862260258440103,-2.4764593163617059,-0.081910693765879561,-0.072143984283575158,-2.5
CLSVOF_LS_NATIVE,7,128,0,0,0,0.23828125,-0.32421875,306.31364541876331,0.30390025963164957,-2.4349051628363592,-2.4862632538070022,-2.4758909291545663,-0.051358090970643033,-0.040985766318207162,-2.5
CLSVOF_LS_NATIVE,7,128,0,0,0,0.23828125,-0.31640625,306.98290692634464,0.49852701526127224,-2.5052018569496131,-2.4911107322603385,-2.4859098800938706,0.014091124689274537,0.019291976855742465,-2.5
CLSVOF_LS_NATIVE,7,128,0,0,0,0.23828125,-0.30859375,307.6735933398304,1.2939624198924935,-2.5549798055878186,-2.5359180522118971,-2.5077007140839411,0.01906175337592142,0.047279091503877435,-2.5
CLSVOF_LS_NATIVE,7,128,0,0,0,0.23828125,0.30859375,52.326406660169596,1.2939624198924935,-2.5549798055878177,-2.5021054218378032,-2.5077007140839411,0.05287438375001452,0.047279091503876547,-2.5
CLSVOF_LS_NATIVE,7,128,0,0,0,0.23828125,0.31640625,53.017093073655381,0.49852701526127224,-2.5052018569496113,-2.4796155962167421,-2.4859098800938706,0.025586260732869182,0.019291976855740689,-2.5
CLSVOF_LS_NATIVE,7,128,0,0,0,0.23828125,0.32421875,53.686354581236706,0.30390025963164957,-2.4349051628363569,-2.4665758090632464,-2.4758909291545668,-0.031670646226889421,-0.040985766318209826,-2.5
CLSVOF_LS_NATIVE,7,128,0,0,0,0.23828125,0.33203125,54.334998463138298,1.1127045591043672,-2.4043153320781272,-2.4742795285115475,-2.4764593163617059,-0.069964196433420334,-0.07214398428357871,-2.5
CLSVOF_LS_NATIVE,7,128,0,0,0,0.23828125,0.33984375,54.963804189907236,1.9278014327222415,-2.4061090679172232,-2.4627712979855558,-2.4691376219771946,-0.056662230068332597,-0.06302855405997132,-2.5
CLSVOF_LS_NATIVE,7,128,0,0,0,0.24609375,-0.33203125,306.5449723228225,1.7015971122573454,-2.40945939682243,-2.4742720921866388,-2.4641378227481772,-0.06481269536420875,-0.054678425925747121,-2.5
CLSVOF_LS_NATIVE,7,128,0,0,0,0.24609375,-0.32421875,307.19981211581825,0.90199694844956291,-2.4401101759609021,-2.5014548039007458,-2.4948230422122135,-0.061344627939843743,-0.054712866251311443,-2.5
CLSVOF_LS_NATIVE,7,128,0,0,0,0.24609375,-0.31640625,307.87498365109815,0.10902561233214697,-2.5085083789976816,-2.5152309317726793,-2.5069040789788488,-0.0067225527749976699,0.0016043000188328271,-2.5
CLSVOF_LS_NATIVE,7,128,0,0,0,0.24609375,-0.30859375,308.57125225117011,0.67672014656564372,-2.5608141310353316,-2.5317777476646532,-2.5263309431584933,0.029036383370678376,0.03448318787683835,-2.5
CLSVOF_LS_NATIVE,7,128,0,0,0,0.24609375,-0.30078125,309.2894068625003,1.4547438957436241,-2.5902875487511263,-2.5676824342459676,-2.5283041063464218,0.022605114505158674,0.061983442404704547,-2.5
CLSVOF_LS_NATIVE,7,128,0,0,0,0.24609375,0.30078125,50.7105931374997,1.4547438957436241,-2.5902875487511321,-2.5213757767650264,-2.5283041063464231,0.068911771986105652,0.061983442404708988,-2.5
CLSVOF_LS_NATIVE,7,128,0,0,0,0.24609375,0.30859375,51.428747748829913,0.67672014656564372,-2.5608141310353205,-2.5208063687135507,-2.5263309431584933,0.040007762321769835,0.034483187876827248,-2.5
CLSVOF_LS_NATIVE,7,128,0,0,0,0.24609375,0.31640625,52.125016348901852,0.10902561233214697,-2.5085083789976816,-2.5027463537083672,-2.5069040789788484,0.0057620252893144652,0.0016043000188332712,-2.5
CLSVOF_LS_NATIVE,7,128,0,0,0,0.24609375,0.32421875,52.800187884181753,0.90199694844956291,-2.440110175960903,-2.4903633317697698,-2.494823042212214,-0.050253155808866801,-0.054712866251310999,-2.5
CLSVOF_LS_NATIVE,7,128,0,0,0,0.24609375,0.33203125,53.455027677177512,1.7015971122573454,-2.40945939682243,-2.460525362642791,-2.4641378227481776,-0.051065965820360937,-0.054678425925747565,-2.5
CLSVOF_LS_NATIVE,7,128,0,0,0,0.25390625,-0.32421875,308.06565109873037,1.512162583147302,-2.4490543218197067,-2.505062322385653,-2.496407379840837,-0.056008000565946237,-0.047353058021130323,-2.5
CLSVOF_LS_NATIVE,7,128,0,0,0,0.25390625,-0.31640625,308.74596725608347,0.72874368072617235,-2.4940421241555741,-2.5335483019221399,-2.5300695456873208,-0.039506177766565731,-0.036027421531746651,-2.5
CLSVOF_LS_NATIVE,7,128,0,0,0,0.25390625,-0.30859375,309.44702896696316,0.047357774908055393,-2.5626877944529225,-2.5268999228497937,-2.5168847990949361,0.035787871603128796,0.045802995357986376,-2.5
CLSVOF_LS_NATIVE,7,128,0,0,0,0.25390625,-0.30078125,310.16958004170999,0.81539672007070818,-2.5484012276303112,-2.5236477497715484,-2.5250889702999677,0.024753477858762807,0.023312257330343478,-2.5
CLSVOF_LS_NATIVE,7,128,0,0,0,0.25390625,-0.29296875,310.91438322002506,1.5754066951374039,-2.5706272873932612,-2.5569052957486615,-2.5122836056285869,0.01372199164459964,0.058343681764674304,-2.5
CLSVOF_LS_NATIVE,7,128,0,0,0,0.25390625,0.29296875,49.085616779974927,1.5754066951374039,-2.5706272873932683,-2.500698200011847,-2.5122836056285869,0.06992908738142134,0.05834368176468141,-2.5
CLSVOF_LS_NATIVE,7,128,0,0,0,0.25390625,0.30078125,49.830419958289987,0.81539672007070818,-2.5484012276303054,-2.5202281793774737,-2.5250889702999677,0.028173048252831734,0.023312257330337705,-2.5
CLSVOF_LS_NATIVE,7,128,0,0,0,0.25390625,0.30859375,50.552971033036854,0.047357774908055372,-2.5626877944529207,-2.5115942679452319,-2.5168847990949361,0.051093526507688836,0.045802995357984599,-2.5
CLSVOF_LS_NATIVE,7,128,0,0,0,0.25390625,0.31640625,51.254032743916518,0.72874368072617235,-2.4940421241555741,-2.5255373462435995,-2.5300695456873212,-0.031495222088025354,-0.036027421531747095,-2.5
CLSVOF_LS_NATIVE,7,128,0,0,0,0.25390625,0.32421875,51.934348901269608,1.512162583147302,-2.4490543218196996,-2.4919504276976507,-2.4964073798408366,-0.042896105877951118,-0.047353058021136984,-2.5
CLSVOF_LS_NATIVE,7,128,0,0,0,0.26171875,-0.31640625,309.59620863975022,1.3603346473071809,-2.438648389558566,-2.5101841866733423,-2.5020128698485151,-0.071535797114776312,-0.063364480289949121,-2.5
CLSVOF_LS_NATIVE,7,128,0,0,0,0.26171875,-0.30859375,310.30131948270048,0.59405273324495067,-2.4556350608076372,-2.5095226617581496,-2.5060830901784468,-0.053887600950512482,-0.050448029370809611,-2.5
CLSVOF_LS_NATIVE,7,128,0,0,0,0.26171875,-0.30078125,311.02750405924928,0.164383904519702,-2.5070810465310878,-2.4963931457894626,-2.4917424466587459,0.010687900741625178,0.015338599872341874,-2.5
CLSVOF_LS_NATIVE,7,128,0,0,0,0.26171875,-0.29296875,311.77547739348006,0.91448070902681744,-2.5292710673663223,-2.5150018471267011,-2.5119862532848387,0.014269220239621294,0.017284814081483635,-2.5
CLSVOF_LS_NATIVE,7,128,0,0,0,0.26171875,-0.28515625,312.54596832547287,1.6560079313361762,-2.5778033197797918,-2.5568089197185153,-2.5096443856705073,0.020994400061276508,0.06815893410928453,-2.5
CLSVOF_LS_NATIVE,7,128,0,0,0,0.26171875,0.28515625,47.45403167452713,1.6560079313361762,-2.5778033197797989,-2.4947230260307265,-2.5096443856705051,0.083080293749072442,0.068158934109293856,-2.5
CLSVOF_LS_NATIVE,7,128,0,0,0,0.26171875,0.29296875,48.224522606519955,0.91448070902681744,-2.5292710673663237,-2.5081906901234143,-2.5119862532848383,0.021080377242909343,0.017284814081485411,-2.5
CLSVOF_LS_NATIVE,7,128,0,0,0,0.26171875,0.30078125,48.972495940750704,0.164383904519702,-2.5070810465310949,-2.4903402996627251,-2.4917424466587463,0.016740746868369794,0.015338599872348535,-2.5
CLSVOF_LS_NATIVE,7,128,0,0,0,0.26171875,0.30859375,49.698680517299493,0.59405273324495067,-2.4556350608076407,-2.5023596394283443,-2.5060830901784463,-0.046724578620703561,-0.050448029370805614,-2.5
CLSVOF_LS_NATIVE,7,128,0,0,0,0.26171875,0.31640625,50.403791360249762,1.3603346473071809,-2.4386483895585718,-2.4978744696728539,-2.5020128698485151,-0.059226080114282098,-0.063364480289943348,-2.5
CLSVOF_LS_NATIVE,7,128,0,0,0,0.26953125,-0.30859375,311.13453883014819,1.2463274438605432,-2.4261234767543876,-2.4941372377381312,-2.4868144152125282,-0.068013760983743676,-0.060690938458140664,-2.5
CLSVOF_LS_NATIVE,7,128,0,0,0,0.26953125,-0.30078125,311.86364163166735,0.4977265434728535,-2.4501063724123466,-2.4955122926893045,-2.4914903714224268,-0.04540592027695789,-0.041383999010080164,-2.5
CLSVOF_LS_NATIVE,7,128,0,0,0,0.26953125,-0.29296875,312.61405596961112,0.242637655788326,-2.5191859143154818,-2.4932113672318854,-2.4921539027422668,0.025974547083596367,0.027032011573214998,-2.5
CLSVOF_LS_NATIVE,7,128,0,0,0,0.26953125,-0.28515625,313.38646106711877,0.97408609581125472,-2.5370064984925769,-2.5144171716330765,-2.5082155532755697,0.022589326859500325,0.028790945217007202,-2.5
CLSVOF_LS_NATIVE,7,128,0,0,0,0.26953125,-0.27734375,314.18154453831136,1.6963654467825124,-2.5812657322618158,-2.5598125097197517,-2.5107067279770732,0.021453222542064054,0.070559004284742599,-2.5
CLSVOF_LS_NATIVE,7,128,0,0,0,0.26953125,0.27734375,45.818455461688664,1.6963654467825122,-2.5812657322617736,-2.4927533753900795,-2.5107067279770825,0.08851235687169412,0.070559004284691085,-2.5
CLSVOF_LS_NATIVE,7,128,0,0,0,0.26953125,0.28515625,46.613538932881227,0.97408609581125472,-2.5370064984925791,-2.5026218789525148,-2.5082155532755674,0.034384619540064332,0.028790945217011643,-2.5
CLSVOF_LS_NATIVE,7,128,0,0,0,0.26953125,0.29296875,47.385944030388863,0.242637655788326,-2.5191859143154796,-2.4902492711255135,-2.4921539027422663,0.028936643189966027,0.027032011573213222,-2.5
CLSVOF_LS_NATIVE,7,128,0,0,0,0.26953125,0.30078125,48.136358368332637,0.4977265434728535,-2.4501063724123546,-2.4864064450361854,-2.4914903714224272,-0.036300072623830726,-0.041383999010072614,-2.5
CLSVOF_LS_NATIVE,7,128,0,0,0,0.26953125,0.30859375,48.865461169851798,1.2463274438605432,-2.4261234767543884,-2.4829773367048151,-2.4868144152125282,-0.056853859950426688,-0.060690938458139776,-2.5
CLSVOF_LS_NATIVE,7,128,0,0,0,0.27734375,-0.30859375,311.94711748520751,1.9091024086607373,-2.4130805939572055,-2.4737839890751245,-2.46684187633269,-0.060703395117919001,-0.053761282375484498,-2.5
CLSVOF_LS_NATIVE,7,128,0,0,0,0.27734375,-0.30078125,312.67846941016722,1.1701637587575959,-2.4324746891619462,-2.4974398750365991,-2.4901462594721897,-0.064965185874652942,-0.057671570310243503,-2.5
CLSVOF_LS_NATIVE,7,128,0,0,0,0.27734375,-0.29296875,313.43064519525097,0.43976696386368569,-2.4634266959114721,-2.5003854231222133,-2.4957649896622689,-0.036958727210741227,-0.032338293750796776,-2.5
CLSVOF_LS_NATIVE,7,128,0,0,0,0.27734375,-0.28515625,314.20427644726067,0.28182464500774213,-2.520797510023554,-2.5004201724009647,-2.4977166898947001,0.020377337622589309,0.023080820128853929,-2.5
CLSVOF_LS_NATIVE,7,128,0,0,0,0.27734375,-0.27734375,314.99999999999994,0.99396848360150225,-2.5369398232895928,-2.519847489850886,-2.5072964869714895,0.017092333438706753,0.029643336318103231,-2.5
CLSVOF_LS_NATIVE,7,128,0,0,0,0.27734375,-0.26953125,315.81845546168859,1.6963654467825122,-2.5812657322617447,-2.5608594346464475,-2.5107067279770652,0.02040629761529722,0.070559004284679538,-2.5
CLSVOF_LS_NATIVE,7,128,0,0,0,0.27734375,0.26953125,44.181544538311428,1.6963654467825122,-2.5812657322617736,-2.4878602383798718,-2.5107067279770825,0.09340549388190178,0.070559004284691085,-2.5
CLSVOF_LS_NATIVE,7,128,0,0,0,0.27734375,0.27734375,45.000000000000043,0.99396848360150225,-2.5369398232895977,-2.4997090986585926,-2.5072964869714931,0.037230724631005074,0.029643336318104563,-2.5
CLSVOF_LS_NATIVE,7,128,0,0,0,0.27734375,0.28515625,45.795723552739325,0.28182464500774213,-2.5207975100235478,-2.4923942012568276,-2.4977166898946885,0.028403308766720148,0.023080820128859258,-2.5
CLSVOF_LS_NATIVE,7,128,0,0,0,0.27734375,0.29296875,46.569354804749032,0.43976696386368569,-2.4634266959114686,-2.4911808925371939,-2.4957649896622658,-0.027754196625725314,-0.03233829375079722,-2.5
CLSVOF_LS_NATIVE,7,128,0,0,0,0.27734375,0.30078125,47.321530589832776,1.1701637587575959,-2.4324746891619471,-2.4861909131477744,-2.4901462594721901,-0.053716223985827316,-0.057671570310243059,-2.5
CLSVOF_LS_NATIVE,7,128,0,0,0,0.27734375,0.30859375,48.052882514792472,1.9091024086607373,-2.4130805939572055,-2.4608233922337006,-2.46684187633269,-0.04774279827649508,-0.053761282375484498,-2.5
CLSVOF_LS_NATIVE,7,128,0,0,0,0.28515625,-0.30078125,313.47247455778705,1.8526516602131942,-2.4190389391387832,-2.4781788450406537,-2.4702027818098422,-0.05913990590187046,-0.051163842671059001,-2.5
CLSVOF_LS_NATIVE,7,128,0,0,0,0.28515625,-0.29296875,314.22577983507188,1.1320240871930818,-2.4345324042581131,-2.5011012168461586,-2.4937967953686084,-0.066568812588045478,-0.059264391110495307,-2.5
CLSVOF_LS_NATIVE,7,128,0,0,0,0.28515625,-0.28515625,314.99999999999994,0.42043084007885118,-2.4656771376270772,-2.5009078547325472,-2.4962870021985912,-0.035230717105469989,-0.030609864571514045,-2.5
CLSVOF_LS_NATIVE,7,128,0,0,0,0.28515625,-0.27734375,315.79572355273922,0.28182464500774213,-2.5207975100235531,-2.5010984516367127,-2.497716689894693,0.019699058386840385,0.023080820128860147,-2.5
CLSVOF_LS_NATIVE,7,128,0,0,0,0.28515625,-0.26953125,316.61353893288111,0.97408609581125472,-2.5370064984925866,-2.5175309571631086,-2.5082155532755648,0.019475541329478041,0.028790945217021857,-2.5
CLSVOF_LS_NATIVE,7,128,0,0,0,0.28515625,-0.26171875,317.45403167452702,1.6560079313361762,-2.5778033197797989,-2.558959046969596,-2.5096443856705086,0.018844272810202956,0.068158934109290303,-2.5
CLSVOF_LS_NATIVE,7,128,0,0,0,0.28515625,0.26171875,42.54596832547297,1.6560079313361762,-2.5778033197797989,-2.4852360357206313,-2.5096443856705051,0.092567284059167587,0.068158934109293856,-2.5
CLSVOF_LS_NATIVE,7,128,0,0,0,0.28515625,0.26953125,43.386461067118866,0.97408609581125472,-2.5370064984925791,-2.5006107442537902,-2.5082155532755674,0.036395754238788935,0.028790945217011643,-2.5
CLSVOF_LS_NATIVE,7,128,0,0,0,0.28515625,0.27734375,44.204276447260774,0.28182464500774213,-2.5207975100235478,-2.4921964733226121,-2.497716689894689,0.028601036700935722,0.023080820128858814,-2.5
CLSVOF_LS_NATIVE,7,128,0,0,0,0.28515625,0.28515625,45.000000000000043,0.42043084007885118,-2.4656771376270683,-2.4914270639254044,-2.4962870021985859,-0.025749926298336057,-0.030609864571517598,-2.5
CLSVOF_LS_NATIVE,7,128,0,0,0,0.28515625,0.29296875,45.77422016492811,1.1320240871930818,-2.4345324042581078,-2.4891919892696706,-2.493796795368608,-0.054659585011562761,-0.059264391110500192,-2.5
CLSVOF_LS_NATIVE,7,128,0,0,0,0.28515625,0.30078125,46.527525442212969,1.8526516602131942,-2.4190389391387952,-2.4645816323767207,-2.4702027818098422,-0.04554269323792548,-0.051163842671047011,-2.5
CLSVOF_LS_NATIVE,7,128,0,0,0,0.29296875,-0.29296875,314.99999999999994,1.8338209263985676,-2.4201006413377075,-2.4791763811781644,-2.4711229614621226,-0.059075739840456887,-0.051022320124415099,-2.5
CLSVOF_LS_NATIVE,7,128,0,0,0,0.29296875,-0.28515625,315.77422016492801,1.1320240871930818,-2.434532404258106,-2.5010234611510676,-2.493796795368608,-0.066491056892961531,-0.059264391110501968,-2.5
CLSVOF_LS_NATIVE,7,128,0,0,0,0.29296875,-0.27734375,316.56935480474897,0.43976696386368569,-2.463426695911469,-2.5007777947297343,-2.4957649896622662,-0.03735109881826526,-0.03233829375079722,-2.5
CLSVOF_LS_NATIVE,7,128,0,0,0,0.29296875,-0.26953125,317.38594403038877,0.24263765578832605,-2.5191859143155022,-2.4946762320952831,-2.4921539027422659,0.024509682220219098,0.027032011573236314,-2.5
CLSVOF_LS_NATIVE,7,128,0,0,0,0.29296875,-0.26171875,318.22452260651988,0.91448070902681744,-2.5292710673663255,-2.5157490092487711,-2.5119862532848383,0.013522058117554359,0.017284814081487188,-2.5
CLSVOF_LS_NATIVE,7,128,0,0,0,0.29296875,-0.25390625,319.08561677997483,1.5754066951374039,-2.5706272873932612,-2.5598338834005778,-2.5122836056285873,0.010793403992683359,0.05834368176467386,-2.5
CLSVOF_LS_NATIVE,7,128,0,0,0,0.29296875,0.25390625,40.914383220025165,1.5754066951374039,-2.5706272873932683,-2.4877196778860755,-2.5122836056285869,0.082907609507192781,0.05834368176468141,-2.5
CLSVOF_LS_NATIVE,7,128,0,0,0,0.29296875,0.26171875,41.775477393480138,0.91448070902681744,-2.5292710673663237,-2.5064628349796223,-2.5119862532848378,0.022808232386701377,0.017284814081485855,-2.5
CLSVOF_LS_NATIVE,7,128,0,0,0,0.29296875,0.26953125,42.614055969611236,0.242637655788326,-2.5191859143154796,-2.4876273974462189,-2.4921539027422663,0.0315585168692607,0.027032011573213222,-2.5
CLSVOF_LS_NATIVE,7,128,0,0,0,0.29296875,0.27734375,43.43064519525106,0.43976696386368569,-2.463426695911469,-2.4902900046978527,-2.4957649896622662,-0.026863308786383655,-0.03233829375079722,-2.5
CLSVOF_LS_NATIVE,7,128,0,0,0,0.29296875,0.28515625,44.225779835071982,1.1320240871930818,-2.4345324042581078,-2.4890251891299684,-2.493796795368608,-0.0544927848718606,-0.059264391110500192,-2.5
CLSVOF_LS_NATIVE,7,128,0,0,0,0.29296875,0.29296875,45.000000000000043,1.8338209263985676,-2.4201006413376951,-2.465327121360553,-2.4711229614621226,-0.045226480022857896,-0.051022320124427534,-2.5
CLSVOF_LS_NATIVE,7,128,0,0,0,0.30078125,-0.28515625,316.52752544221289,1.8526516602131942,-2.4190389391387965,-2.477892010098222,-2.4702027818098422,-0.058853070959425491,-0.051163842671045678,-2.5
CLSVOF_LS_NATIVE,7,128,0,0,0,0.30078125,-0.27734375,317.32153058983266,1.1701637587575959,-2.4324746891619498,-2.4966912447075069,-2.4901462594721897,-0.064216555545557163,-0.05767157031023995,-2.5
CLSVOF_LS_NATIVE,7,128,0,0,0,0.30078125,-0.26953125,318.13635836833254,0.4977265434728535,-2.450106372412348,-2.4956813619847917,-2.4914903714224268,-0.045574989572443769,-0.041383999010078831,-2.5
CLSVOF_LS_NATIVE,7,128,0,0,0,0.30078125,-0.26171875,318.9724959407506,0.164383904519702,-2.5070810465310998,-2.4980777719825245,-2.4917424466587463,0.0090032745485753018,0.01533859987235342,-2.5
CLSVOF_LS_NATIVE,7,128,0,0,0,0.30078125,-0.25390625,319.83041995828989,0.81539672007070818,-2.5484012276303138,-2.5243556837009153,-2.5250889702999686,0.024045543929398505,0.023312257330345254,-2.5
CLSVOF_LS_NATIVE,7,128,0,0,0,0.30078125,-0.24609375,320.71059313749959,1.4547438957436241,-2.5902875487511317,-2.5724153255240321,-2.5283041063464191,0.017872223227099582,0.061983442404712541,-2.5
CLSVOF_LS_NATIVE,7,128,0,0,0,0.30078125,0.24609375,39.2894068625004,1.4547438957436241,-2.5902875487511317,-2.5065758684262542,-2.5283041063464191,0.083711680324877413,0.061983442404712541,-2.5
CLSVOF_LS_NATIVE,7,128,0,0,0,0.30078125,0.25390625,40.169580041710098,0.81539672007070818,-2.5484012276303192,-2.5199772190302454,-2.5250889702999686,0.028424008600073769,0.023312257330350583,-2.5
CLSVOF_LS_NATIVE,7,128,0,0,0,0.30078125,0.26171875,41.027504059249381,0.164383904519702,-2.5070810465310949,-2.487426544572759,-2.4917424466587459,0.019654501958335846,0.015338599872348979,-2.5
CLSVOF_LS_NATIVE,7,128,0,0,0,0.30078125,0.26953125,41.863641631667463,0.4977265434728535,-2.4501063724123511,-2.4860231965259012,-2.4914903714224268,-0.035916824113550128,-0.041383999010075723,-2.5
CLSVOF_LS_NATIVE,7,128,0,0,0,0.30078125,0.27734375,42.678469410167324,1.1701637587575959,-2.4324746891619471,-2.4849795041857883,-2.4901462594721897,-0.052504815023841189,-0.057671570310242615,-2.5
CLSVOF_LS_NATIVE,7,128,0,0,0,0.30078125,0.28515625,43.472474557787116,1.8526516602131942,-2.4190389391387948,-2.4637122861144727,-2.4702027818098422,-0.04467334697567793,-0.051163842671047455,-2.5
CLSVOF_LS_NATIVE,7,128,0,0,0,0.30859375,-0.27734375,318.05288251479237,1.9091024086607373,-2.4130805939572211,-2.4726618412563646,-2.466841876332686,-0.059581247299143492,-0.053761282375464958,-2.5
CLSVOF_LS_NATIVE,7,128,0,0,0,0.30859375,-0.26953125,318.8654611698517,1.2463274438605432,-2.4261234767543791,-2.4926931627443913,-2.4868144152125247,-0.066569685990012228,-0.060690938458145549,-2.5
CLSVOF_LS_NATIVE,7,128,0,0,0,0.30859375,-0.26171875,319.69868051729941,0.59405273324495067,-2.4556350608076416,-2.5087303525574205,-2.506083090178453,-0.053095291749778895,-0.050448029370811387,-2.5
CLSVOF_LS_NATIVE,7,128,0,0,0,0.30859375,-0.25390625,320.55297103303678,0.047357774908055393,-2.5626877944529198,-2.527310810098526,-2.5168847990949419,0.035376984354393848,0.045802995357977938,-2.5
CLSVOF_LS_NATIVE,7,128,0,0,0,0.30859375,-0.24609375,321.42874774882984,0.67672014656564372,-2.5608141310353281,-2.5314581826694473,-2.5263309431584915,0.029355948365880735,0.034483187876836574,-2.5
CLSVOF_LS_NATIVE,7,128,0,0,0,0.30859375,-0.23828125,322.32640666016948,1.2939624198924935,-2.5549798055877884,-2.5482964746018819,-2.5077007140839269,0.0066833309859064549,0.047279091503861448,-2.5
CLSVOF_LS_NATIVE,7,128,0,0,0,0.30859375,-0.23046875,323.2463208144685,1.8989025294438766,-2.578855913555377,-2.5551252390661556,-2.5000744421647778,0.023730674489221393,0.078781471390599211,-2.5
CLSVOF_LS_NATIVE,7,128,0,0,0,0.30859375,0.23046875,36.753679185531503,1.8989025294438766,-2.5788559135553952,-2.4763428245597945,-2.5000744421647783,0.10251308899560074,0.078781471390616975,-2.5
CLSVOF_LS_NATIVE,7,128,0,0,0,0.30859375,0.23828125,37.673593339830489,1.2939624198924935,-2.5549798055878039,-2.4898293972133985,-2.5077007140839269,0.065150408374405444,0.047279091503876991,-2.5
CLSVOF_LS_NATIVE,7,128,0,0,0,0.30859375,0.24609375,38.571252251170186,0.67672014656564372,-2.5608141310353196,-2.5191212236166876,-2.5263309431584915,0.041692907418632075,0.034483187876828136,-2.5
CLSVOF_LS_NATIVE,7,128,0,0,0,0.30859375,0.25390625,39.447028966963238,0.047357774908055393,-2.5626877944529207,-2.5116855801172013,-2.5168847990949419,0.051002214335719387,0.045802995357978826,-2.5
CLSVOF_LS_NATIVE,7,128,0,0,0,0.30859375,0.26171875,40.301319482700606,0.59405273324495067,-2.4556350608076367,-2.50247098127954,-2.5060830901784525,-0.046835920471903325,-0.050448029370815828,-2.5
CLSVOF_LS_NATIVE,7,128,0,0,0,0.30859375,0.26953125,41.134538830148294,1.2463274438605432,-2.426123476754388,-2.4803493318022047,-2.4868144152125247,-0.05422585504781674,-0.060690938458136667,-2.5
CLSVOF_LS_NATIVE,7,128,0,0,0,0.30859375,0.27734375,41.94711748520762,1.9091024086607373,-2.4130805939572055,-2.4597227426518531,-2.466841876332686,-0.046642148694647556,-0.053761282375480501,-2.5
CLSVOF_LS_NATIVE,7,128,0,0,0,0.31640625,-0.26171875,320.40379136024967,1.3603346473071809,-2.4386483895585811,-2.5072908991905032,-2.5020128698485173,-0.068642509631922088,-0.063364480289936242,-2.5
CLSVOF_LS_NATIVE,7,128,0,0,0,0.31640625,-0.25390625,321.25403274391641,0.72874368072617235,-2.4940421241555653,-2.5332702641911822,-2.5300695456873279,-0.039228140035616921,-0.036027421531762638,-2.5
CLSVOF_LS_NATIVE,7,128,0,0,0,0.31640625,-0.24609375,322.12501634890174,0.10902561233214698,-2.5085083789976768,-2.5151041708374482,-2.5069040789788528,-0.0065957918397714366,0.0016043000188239454,-2.5
CLSVOF_LS_NATIVE,7,128,0,0,0,0.31640625,-0.23828125,323.0170930736553,0.49852701526127224,-2.5052018569496113,-2.4906826513354883,-2.4859098800938693,0.01451920561412301,0.019291976855742021,-2.5
CLSVOF_LS_NATIVE,7,128,0,0,0,0.31640625,-0.23046875,323.93059010041895,1.0937516076470712,-2.5098416032200657,-2.523709421520727,-2.4829589390769713,-0.013867818300661305,0.02688266414309437,-2.5
CLSVOF_LS_NATIVE,7,128,0,0,0,0.31640625,-0.22265625,324.86580694308435,1.6762879951518979,-2.5744236836730416,-2.5601217215531884,-2.5071172085804561,0.01430196211985324,0.067306475092585583,-2.5
CLSVOF_LS_NATIVE,7,128,0,0,0,0.31640625,0.22265625,35.13419305691567,1.6762879951518979,-2.5744236836730541,-2.4738779459255014,-2.5071172085804556,0.10054573774755271,0.067306475092598461,-2.5
CLSVOF_LS_NATIVE,7,128,0,0,0,0.31640625,0.23046875,36.069409899581039,1.0937516076470712,-2.5098416032200768,-2.465595971694782,-2.4829589390769717,0.044245631525294815,0.026882664143105028,-2.5
CLSVOF_LS_NATIVE,7,128,0,0,0,0.31640625,0.23828125,36.982906926344711,0.49852701526127224,-2.5052018569496108,-2.4770411379541519,-2.4859098800938688,0.028160718995458911,0.019291976855742021,-2.5
CLSVOF_LS_NATIVE,7,128,0,0,0,0.31640625,0.24609375,37.874983651098241,0.10902561233214698,-2.5085083789976816,-2.5017154259167986,-2.5069040789788524,0.006792953080883013,0.0016043000188292744,-2.5
CLSVOF_LS_NATIVE,7,128,0,0,0,0.31640625,0.25390625,38.745967256083567,0.72874368072617235,-2.4940421241555706,-2.5261707349434315,-2.5300695456873279,-0.03212861078786089,-0.036027421531757309,-2.5
CLSVOF_LS_NATIVE,7,128,0,0,0,0.31640625,0.26171875,39.59620863975033,1.3603346473071809,-2.4386483895585731,-2.4936308540777521,-2.5020128698485173,-0.054982464519178986,-0.063364480289944236,-2.5
CLSVOF_LS_NATIVE,7,128,0,0,0,0.32421875,-0.25390625,321.93434890126952,1.512162583147302,-2.449054321819701,-2.5009588971034518,-2.4964073798408388,-0.051904575283750809,-0.047353058021137873,-2.5
CLSVOF_LS_NATIVE,7,128,0,0,0,0.32421875,-0.24609375,322.80018788418164,0.90199694844956291,-2.4401101759609016,-2.5002223546569953,-2.4948230422122073,-0.060112178696093643,-0.05471286625130567,-2.5
CLSVOF_LS_NATIVE,7,128,0,0,0,0.32421875,-0.23828125,323.68635458123663,0.30390025963164957,-2.4349051628363521,-2.4857095888392626,-2.4758909291545619,-0.050804426002910574,-0.040985766318209826,-2.5
CLSVOF_LS_NATIVE,7,128,0,0,0,0.32421875,-0.23046875,324.5931342627303,0.28200148499032707,-2.4723359411916341,-2.4879477203207463,-2.4834580537572633,-0.015611779129112158,-0.011122112565629116,-2.5
CLSVOF_LS_NATIVE,7,128,0,0,0,0.32421875,-0.22265625,325.52078431387434,0.85515873627900163,-2.5696908687810645,-2.5376117974793049,-2.5371998712876698,0.032079071301759576,0.03249099749339468,-2.5
CLSVOF_LS_NATIVE,7,128,0,0,0,0.32421875,-0.21484375,326.46953033286684,1.4146085175101948,-2.6081908253648263,-2.580156668657243,-2.5334490802272951,0.028034156707583247,0.074741745137531179,-2.5
CLSVOF_LS_NATIVE,7,128,0,0,0,0.32421875,-0.20703125,327.43956201884652,1.9599779718735395,-2.5876232700539843,-2.5717825140814208,-2.5121562995672573,0.015840755972563514,0.075466970486727014,-2.5
CLSVOF_LS_NATIVE,7,128,0,0,0,0.32421875,0.20703125,32.560437981153484,1.9599779718735395,-2.5876232700539914,-2.4967215497410402,-2.5121562995672568,0.090901720312951184,0.075466970486734564,-2.5
CLSVOF_LS_NATIVE,7,128,0,0,0,0.32421875,0.21484375,33.530469667133133,1.4146085175101948,-2.6081908253648196,-2.5100203338948566,-2.5334490802272951,0.098170491469963039,0.074741745137524518,-2.5
CLSVOF_LS_NATIVE,7,128,0,0,0,0.32421875,0.22265625,34.479215686125677,0.85515873627900163,-2.5696908687810618,-2.5313256322567605,-2.5371998712876693,0.038365236524301238,0.032490997493392459,-2.5
CLSVOF_LS_NATIVE,7,128,0,0,0,0.32421875,0.23046875,35.406865737269698,0.28200148499032707,-2.4723359411916448,-2.4731038949226014,-2.483458053757261,-0.00076795373095661645,-0.011122112565616238,-2.5
CLSVOF_LS_NATIVE,7,128,0,0,0,0.32421875,0.23828125,36.313645418763379,0.30390025963164957,-2.4349051628363565,-2.4654880799682015,-2.4758909291545659,-0.030582917131845022,-0.040985766318209382,-2.5
CLSVOF_LS_NATIVE,7,128,0,0,0,0.32421875,0.24609375,37.199812115818339,0.90199694844956291,-2.440110175960907,-2.4840015778758877,-2.4948230422122144,-0.043891401914980754,-0.054712866251307446,-2.5
CLSVOF_LS_NATIVE,7,128,0,0,0,0.32421875,0.25390625,38.065651098730477,1.512162583147302,-2.4490543218196987,-2.4861910679443606,-2.4964073798408388,-0.03713674612466189,-0.047353058021140093,-2.5
CLSVOF_LS_NATIVE,7,128,0,0,0,0.33203125,-0.24609375,323.45502767717744,1.7015971122573454,-2.4094593968224163,-2.4688711262098053,-2.4641378227481647,-0.059411729387389034,-0.054678425925748453,-2.5
CLSVOF_LS_NATIVE,7,128,0,0,0,0.33203125,-0.23828125,324.33499846313822,1.1127045591043672,-2.404315332078105,-2.4848506851964363,-2.4764593163616935,-0.080535353118331265,-0.07214398428358848,-2.5
CLSVOF_LS_NATIVE,7,128,0,0,0,0.33203125,-0.23046875,325.2348027634232,0.53596720888317939,-2.4782499200831292,-2.5217392980337823,-2.5114626923955559,-0.043489377950653108,-0.033212772312426697,-2.5
CLSVOF_LS_NATIVE,7,128,0,0,0,0.33203125,-0.22265625,326.15465973892827,0.02795641488285459,-2.6030840319174917,-2.5469265037724442,-2.5317654443230015,0.056157528145047486,0.071318587594490168,-2.5
CLSVOF_LS_NATIVE,7,128,0,0,0,0.33203125,-0.21484375,327.09475707701205,0.57781700365933242,-2.537549901500717,-2.5200361786093652,-2.5113401197396179,0.01751372289135178,0.026209781761099116,-2.5
CLSVOF_LS_NATIVE,7,128,0,0,0,0.33203125,-0.20703125,328.05524722379658,1.1138834008868768,-2.5000154141089976,-2.5282874043802219,-2.4865289004455198,-0.02827199027122429,0.013486513663477862,-2.5
CLSVOF_LS_NATIVE,7,128,0,0,0,0.33203125,-0.19921875,329.03624346792645,1.636024831958456,-2.5830324830808666,-2.5655761221121685,-2.5084182432002056,0.017456360968698181,0.074614239880661071,-2.5
CLSVOF_LS_NATIVE,7,128,0,0,0,0.33203125,0.19921875,30.963756532073553,1.636024831958456,-2.5830324830808813,-2.4754726103503164,-2.508418243200206,0.10755987273056489,0.074614239880675282,-2.5
CLSVOF_LS_NATIVE,7,128,0,0,0,0.33203125,0.20703125,31.944752776203433,1.1138834008868768,-2.5000154141090043,-2.4681789619652994,-2.4865289004455193,0.031836452143704896,0.013486513663484967,-2.5
CLSVOF_LS_NATIVE,7,128,0,0,0,0.33203125,0.21484375,32.905242922987938,0.57781700365933242,-2.5375499015007184,-2.4934647129044123,-2.5113401197396206,0.044085188596306057,0.026209781761097783,-2.5
CLSVOF_LS_NATIVE,7,128,0,0,0,0.33203125,0.22265625,33.84534026107174,0.027956414882854594,-2.6030840319174979,-2.5155626705948144,-2.5317654443229998,0.087521361322683511,0.071318587594498162,-2.5
CLSVOF_LS_NATIVE,7,128,0,0,0,0.33203125,0.23046875,34.765197236576824,0.5359672088831795,-2.4782499200831012,-2.4952767157405158,-2.511462692395547,-0.017026795657414606,-0.033212772312445793,-2.5
CLSVOF_LS_NATIVE,7,128,0,0,0,0.33203125,0.23828125,35.665001536861801,1.1127045591043672,-2.4043153320781276,-2.4549733232847424,-2.4764593163617041,-0.050657991206614739,-0.07214398428357649,-2.5
CLSVOF_LS_NATIVE,7,128,0,0,0,0.33203125,0.24609375,36.544972322822588,1.7015971122573454,-2.40945939682243,-2.4425710094165192,-2.4641378227481776,-0.033111612594089124,-0.054678425925747565,-2.5
CLSVOF_LS_NATIVE,7,128,0,0,0,0.33984375,-0.23828125,324.96380418990714,1.927801432722241,-2.4061090679172912,-2.4771373864806145,-2.4691376219771946,-0.071028318563323367,-0.063028554059903374,-2.5
CLSVOF_LS_NATIVE,7,128,0,0,0,0.33984375,-0.23046875,325.85641334806223,1.3602329802052138,-2.4617266584151993,-2.5204352058597488,-2.5100939420454349,-0.058708547444549453,-0.048367283630235569,-2.5
CLSVOF_LS_NATIVE,7,128,0,0,0,0.33984375,-0.22265625,326.7682889320206,0.80572394738867337,-2.4901859158602897,-2.5348756331861679,-2.5227878698960438,-0.044689717325878231,-0.032601954035754055,-2.5
CLSVOF_LS_NATIVE,7,128,0,0,0,0.33984375,-0.21484375,327.69958448959733,0.26491284607511117,-2.4200798257767957,-2.4903852229509118,-2.4809144070185076,-0.070305397174116102,-0.060834581241711927,-2.5
CLSVOF_LS_NATIVE,7,128,0,0,0,0.33984375,-0.20703125,328.65041913475699,0.26248451005059564,-2.4735013303276854,-2.4901657104391366,-2.4816773388635536,-0.016664380111451216,-0.0081760085358681955,-2.5
CLSVOF_LS_NATIVE,7,128,0,0,0,0.33984375,-0.19921875,329.62087398863162,0.7758268173298587,-2.5827033026627619,-2.5265400859066416,-2.5178870059249139,0.056163216756120349,0.064816296737848056,-2.5
CLSVOF_LS_NATIVE,7,128,0,0,0,0.33984375,-0.19140625,330.61098853367963,1.2741070742653706,-2.549619741161691,-2.5531043871427337,-2.5089012847774019,-0.0034846459810427,0.040718456384289059,-2.5
CLSVOF_LS_NATIVE,7,128,0,0,0,0.33984375,-0.18359375,331.62075691389202,1.7573579695407924,-2.5807159137438842,-2.5658236790493216,-2.5105391251559261,0.014892234694562578,0.070176788587958061,-2.5
CLSVOF_LS_NATIVE,7,128,0,0,0,0.33984375,0.18359375,28.379243086107969,1.7573579695407924,-2.5807159137439082,-2.4887690889444256,-2.5105391251559266,0.091946824799482574,0.070176788587981598,-2.5
CLSVOF_LS_NATIVE,7,128,0,0,0,0.33984375,0.19140625,29.389011466320373,1.2741070742653706,-2.5496197411616799,-2.490603321660632,-2.5089012847774002,0.059016419501047856,0.040718456384279733,-2.5
CLSVOF_LS_NATIVE,7,128,0,0,0,0.33984375,0.19921875,30.379126011368374,0.7758268173298587,-2.5827033026627628,-2.5036232057779495,-2.5178870059249139,0.079080096884813322,0.064816296737848944,-2.5
CLSVOF_LS_NATIVE,7,128,0,0,0,0.33984375,0.20703125,31.349580865243038,0.26248451005059564,-2.4735013303276907,-2.464922791330955,-2.4816773388635536,0.0085785389967356629,-0.0081760085358628665,-2.5
CLSVOF_LS_NATIVE,7,128,0,0,0,0.33984375,0.21484375,32.300415510402665,0.26491284607511117,-2.4200798257767966,-2.4647290896823373,-2.4809144070185107,-0.044649263905540693,-0.060834581241714147,-2.5
CLSVOF_LS_NATIVE,7,128,0,0,0,0.33984375,0.22265625,33.23171106797939,0.80572394738867337,-2.4901859158602919,-2.4995230330871063,-2.5227878698960269,-0.0093371172268144065,-0.032601954035734959,-2.5
CLSVOF_LS_NATIVE,7,128,0,0,0,0.33984375,0.23046875,34.143586651937795,1.360232980205214,-2.46172665841523,-2.4868372605853835,-2.5100939420454114,-0.025110602170153484,-0.04836728363018139,-2.5
CLSVOF_LS_NATIVE,7,128,0,0,0,0.33984375,0.23828125,35.036195810092863,1.9278014327222415,-2.4061090679172232,-2.4438180595773904,-2.4691376219771954,-0.037708991660167168,-0.063028554059972208,-2.5
CLSVOF_LS_NATIVE,7,128,0,0,0,0.34765625,-0.22265625,327.36249241571426,1.6447986541514943,-2.4220659672191172,-2.4801859013610819,-2.4736670703296886,-0.058119934141964702,-0.051601103110571422,-2.5
CLSVOF_LS_NATIVE,7,128,0,0,0,0.34765625,-0.21484375,328.28486648490218,1.1126542969743805,-2.3886213747331499,-2.483707868905066,-2.4748990751133446,-0.095086494171916058,-0.086277700380194666,-2.5
CLSVOF_LS_NATIVE,7,128,0,0,0,0.34765625,-0.20703125,329.22596389875179,0.5938056286718626,-2.5026722785638316,-2.5123279076429128,-2.5034345663608781,-0.0096556290790812405,-0.00076228779704656802,-2.5
CLSVOF_LS_NATIVE,7,128,0,0,0,0.34765625,-0.19921875,330.18583726220129,0.089323252104229575,-2.5304839460342361,-2.5165060088312141,-2.5064163238185673,0.013977937203021984,0.024067622215668827,-2.5
CLSVOF_LS_NATIVE,7,128,0,0,0,0.34765625,-0.19140625,331.16449915225689,0.40027514595992614,-2.4652452252607664,-2.5053809118325767,-2.4955377994381478,-0.040135686571810325,-0.030292574177381404,-2.5
CLSVOF_LS_NATIVE,7,128,0,0,0,0.34765625,-0.18359375,332.16191880286527,0.87521593187543489,-2.5657198178689806,-2.5324212527186156,-2.5227137718314334,0.033298565150365,0.043006046037547208,-2.5
CLSVOF_LS_NATIVE,7,128,0,0,0,0.34765625,-0.17578125,333.17801879841846,1.334413722423182,-2.569368416938091,-2.5583923612519537,-2.5162798962895465,0.010976055686137354,0.053088520648544524,-2.5
CLSVOF_LS_NATIVE,7,128,0,0,0,0.34765625,-0.16796875,334.21267181718559,1.7776986747425194,-2.5891362408450269,-2.5616432417421446,-2.513553169736479,0.027492999102882276,0.075583071108547895,-2.5
CLSVOF_LS_NATIVE,7,128,0,0,0,0.34765625,0.16796875,25.787328182814399,1.777698674742519,-2.5891362408449141,-2.4999864294453573,-2.5135531697364764,0.0891498113995568,0.07558307110843776,-2.5
CLSVOF_LS_NATIVE,7,128,0,0,0,0.34765625,0.17578125,26.821981201581526,1.3344137224231816,-2.5693684169380502,-2.5003166202047664,-2.5162798962895438,0.069051796733283766,0.053088520648506332,-2.5
CLSVOF_LS_NATIVE,7,128,0,0,0,0.34765625,0.18359375,27.838081197134727,0.87521593187543489,-2.5657198178690312,-2.5108901813757374,-2.5227137718314392,0.054829636493293865,0.043006046037592061,-2.5
CLSVOF_LS_NATIVE,7,128,0,0,0,0.34765625,0.19140625,28.835500847743113,0.40027514595992614,-2.4652452252607593,-2.4789200790578612,-2.49553779943815,-0.013674853797101871,-0.03029257417739073,-2.5
CLSVOF_LS_NATIVE,7,128,0,0,0,0.34765625,0.19921875,29.814162737798707,0.089323252104229575,-2.530483946034229,-2.4939420396511931,-2.5064163238185677,0.036541906383035894,0.024067622215661277,-2.5
CLSVOF_LS_NATIVE,7,128,0,0,0,0.34765625,0.20703125,30.774036101248235,0.5938056286718626,-2.5026722785638311,-2.4891293825682403,-2.5034345663608786,0.013542895995590776,-0.00076228779704745619,-2.5
CLSVOF_LS_NATIVE,7,128,0,0,0,0.34765625,0.21484375,31.715133515097843,1.1126542969743805,-2.3886213747331349,-2.4532140970033502,-2.4748990751133584,-0.064592722270215397,-0.086277700380223532,-2.5
CLSVOF_LS_NATIVE,7,128,0,0,0,0.34765625,0.22265625,32.637507584285721,1.6447986541514943,-2.4220659672191811,-2.449935503687759,-2.4736670703296904,-0.027869536468577927,-0.05160110311050925,-2.5
CLSVOF_LS_NATIVE,7,128,0,0,0,0.35546875,-0.21484375,328.85141901380496,1.9654220045039745,-2.3970744927873757,-2.4684410012458944,-2.4643662549851948,-0.071366508458518663,-0.067291762197819072,-2.5
CLSVOF_LS_NATIVE,7,128,0,0,0,0.35546875,-0.20703125,329.78272604261565,1.4552146572973532,-2.4499115721341389,-2.4997591793124654,-2.4932709119637249,-0.049847607178326481,-0.043359339829585952,-2.5
CLSVOF_LS_NATIVE,7,128,0,0,0,0.35546875,-0.19921875,330.73200478510728,0.95926336852423821,-2.4424531746088762,-2.5051486426499281,-2.4972839853022126,-0.062695468041051861,-0.054830810693336396,-2.5
CLSVOF_LS_NATIVE,7,128,0,0,0,0.35546875,-0.19140625,331.69924423399357,0.47779602556314521,-2.4485498791259146,-2.506679236240144,-2.4980107782255132,-0.058129357114229396,-0.04946089909959861,-2.5
CLSVOF_LS_NATIVE,7,128,0,0,0,0.35546875,-0.18359375,332.6843920265577,0.010983821918747834,-2.5728075999965245,-2.5131463510208585,-2.5098983382640432,0.059661248975666048,0.062909261732481347,-2.5
CLSVOF_LS_NATIVE,7,128,0,0,0,0.35546875,-0.17578125,333.68735150521115,0.43988954324046975,-2.484950031843121,-2.5149318911835521,-2.5050523830734677,-0.029981859340431072,-0.020102351230346649,-2.5
CLSVOF_LS_NATIVE,7,128,0,0,0,0.35546875,-0.16796875,334.70797884297872,0.87530397114479841,-2.5597136033885715,-2.5284443989393703,-2.5185749263046584,0.031269204449201116,0.041138677083913056,-2.5
CLSVOF_LS_NATIVE,7,128,0,0,0,0.35546875,-0.16015625,335.74608027568337,1.2943363332979863,-2.5530725031056232,-2.5467926447675664,-2.5106218269698379,0.0062798583380567763,0.042450676135785237,-2.5
CLSVOF_LS_NATIVE,7,128,0,0,0,0.35546875,-0.15234375,336.80140948635182,1.6968709349589617,-2.5985525729701218,-2.5543767643634547,-2.5144733786776765,0.044175808606667033,0.084079194292445258,-2.5
CLSVOF_LS_NATIVE,7,128,0,0,0,0.35546875,0.15234375,23.19859051364821,1.6968709349589617,-2.5985525729700978,-2.5053515986582737,-2.5144733786776801,0.093200974311824059,0.084079194292417725,-2.5
CLSVOF_LS_NATIVE,7,128,0,0,0,0.35546875,0.16015625,24.253919724316617,1.2943363332979863,-2.5530725031056272,-2.4958066424861918,-2.5106218269698397,0.057265860619435394,0.042450676135787457,-2.5
CLSVOF_LS_NATIVE,7,128,0,0,0,0.35546875,0.16796875,25.292021157021306,0.87530397114479841,-2.5597136033885994,-2.5078167784888938,-2.51857492630465,0.051896824899705596,0.041138677083949471,-2.5
CLSVOF_LS_NATIVE,7,128,0,0,0,0.35546875,0.17578125,26.312648494788863,0.43988954324046975,-2.4849500318431272,-2.489685418504298,-2.5050523830734623,-0.0047353866611707929,-0.020102351230335103,-2.5
CLSVOF_LS_NATIVE,7,128,0,0,0,0.35546875,0.18359375,27.315607973442283,0.010983821918747826,-2.5728075999965108,-2.500661854744946,-2.5098983382640414,0.072145745251564808,0.062909261732469357,-2.5
CLSVOF_LS_NATIVE,7,128,0,0,0,0.35546875,0.19140625,28.300755766006407,0.47779602556314521,-2.448549879125907,-2.4846840627093991,-2.4980107782255119,-0.036134183583492074,-0.049460899099604827,-2.5
CLSVOF_LS_NATIVE,7,128,0,0,0,0.35546875,0.19921875,29.267995214892728,0.95926336852423821,-2.4424531746088753,-2.4778891940577643,-2.4972839853022104,-0.035436019448888967,-0.054830810693335064,-2.5
CLSVOF_LS_NATIVE,7,128,0,0,0,0.35546875,0.20703125,30.217273957384357,1.4552146572973532,-2.449911572134138,-2.4720654722674746,-2.4932709119637249,-0.022153900133336624,-0.04335933982958684,-2.5
CLSVOF_LS_NATIVE,7,128,0,0,0,0.35546875,0.21484375,31.148580986195046,1.9654220045039745,-2.3970744927873788,-2.4398655063536347,-2.4643662549852059,-0.04279101356625592,-0.067291762197827065,-2.5
CLSVOF_LS_NATIVE,7,128,0,0,0,0.36328125,-0.19921875,331.2602047083119,1.8335500587273756,-2.4102141910402537,-2.4726613036619614,-2.4700925904182709,-0.062447112621707657,-0.0598783993780172,-2.5
CLSVOF_LS_NATIVE,7,128,0,0,0,0.36328125,-0.19140625,332.21607358779067,1.3601875882028853,-2.4292244713853153,-2.4963724967024685,-2.4911357790861097,-0.067148025317153248,-0.061911307700794449,-2.5
CLSVOF_LS_NATIVE,7,128,0,0,0,0.36328125,-0.18359375,333.18904569965127,0.90155937976191181,-2.4774293365314817,-2.5138920494635908,-2.5058840711971886,-0.03646271293210912,-0.028454734665706916,-2.5
CLSVOF_LS_NATIVE,7,128,0,0,0,0.36328125,-0.17578125,334.17900802581067,0.45839394207437018,-2.4380621436179588,-2.5065211474580815,-2.4983789655382678,-0.068459003840122712,-0.060316821920308961,-2.5
CLSVOF_LS_NATIVE,7,128,0,0,0,0.36328125,-0.16796875,335.18580300946485,0.030549749005389839,-2.5454013587908988,-2.5131537356839955,-2.5024791021409678,0.032247623106903323,0.04292225664993099,-2.5
CLSVOF_LS_NATIVE,7,128,0,0,0,0.36328125,-0.16015625,336.20922613422277,0.3808414156413511,-2.494346773422103,-2.5144521494712184,-2.5051952665114587,-0.020105376049115442,-0.01084849308935576,-2.5
CLSVOF_LS_NATIVE,7,128,0,0,0,0.36328125,-0.15234375,337.24902365721232,0.77603128530138432,-2.5573363774558855,-2.5146433613788921,-2.5053149673005182,0.042693016076993384,0.05202141015536732,-2.5
CLSVOF_LS_NATIVE,7,128,0,0,0,0.36328125,-0.14453125,338.30489053920309,1.1542151004471755,-2.5386928725102313,-2.5226335290987745,-2.4978646628256467,0.016059343411456872,0.040828209684584671,-2.5
CLSVOF_LS_NATIVE,7,128,0,0,0,0.36328125,-0.13671875,339.37646861667474,1.5152894104139802,-2.5649184882491176,-2.5329646128816421,-2.5034800390846641,0.031953875367475515,0.061438449164453512,-2.5
CLSVOF_LS_NATIVE,7,128,0,0,0,0.36328125,-0.12890625,340.46334506187162,1.8588044501436798,-2.6037840825897121,-2.5465748183795238,-2.513993559705018,0.057209264210188238,0.089790522884694024,-2.5
CLSVOF_LS_NATIVE,7,128,0,0,0,0.36328125,0.12890625,19.536654938128404,1.8588044501436798,-2.6037840825897121,-2.5221511260137595,-2.513993559705018,0.081632956575952598,0.089790522884694024,-2.5
CLSVOF_LS_NATIVE,7,128,0,0,0,0.36328125,0.13671875,20.62353138332525,1.5152894104139802,-2.5649184882491269,-2.4952807045892857,-2.5034800390846641,0.06963778365984119,0.061438449164462838,-2.5
CLSVOF_LS_NATIVE,7,128,0,0,0,0.36328125,0.14453125,21.69510946079691,1.1542151004471755,-2.5386928725102238,-2.4861955755482814,-2.4978646628256467,0.052497296961942386,0.040828209684577121,-2.5
CLSVOF_LS_NATIVE,7,128,0,0,0,0.36328125,0.15234375,22.750976342787656,0.77603128530138432,-2.5573363774558904,-2.495457565379005,-2.5053149673005182,0.061878812076885392,0.052021410155372205,-2.5
CLSVOF_LS_NATIVE,7,128,0,0,0,0.36328125,0.16015625,23.790773865777226,0.3808414156413511,-2.4943467734221065,-2.491943048382586,-2.5051952665114592,0.0024037250395205767,-0.010848493089352651,-2.5
CLSVOF_LS_NATIVE,7,128,0,0,0,0.36328125,0.16796875,24.81419699053518,0.030549749005389853,-2.5454013587909028,-2.4921982081447513,-2.5024791021409722,0.053203150646151443,0.042922256649930546,-2.5
CLSVOF_LS_NATIVE,7,128,0,0,0,0.36328125,0.17578125,25.820991974189308,0.45839394207437018,-2.4380621436179259,-2.4859188652793853,-2.4983789655382735,-0.047856721661459378,-0.060316821920347596,-2.5
CLSVOF_LS_NATIVE,7,128,0,0,0,0.36328125,0.18359375,26.810954300348715,0.90155937976191158,-2.4774293365315354,-2.4875961155291391,-2.5058840711971913,-0.010166778997603654,-0.028454734665655845,-2.5
CLSVOF_LS_NATIVE,7,128,0,0,0,0.36328125,0.19140625,27.783926412209315,1.3601875882028853,-2.4292244713852846,-2.4709254823804345,-2.4911357790861106,-0.04170101099514989,-0.061911307700825979,-2.5
CLSVOF_LS_NATIVE,7,128,0,0,0,0.36328125,0.19921875,28.739795291688072,1.8335500587273756,-2.4102141910402555,-2.4472741128509239,-2.4700925904182687,-0.037059921810668417,-0.059878399378013203,-2.5
CLSVOF_LS_NATIVE,7,128,0,0,0,0.37109375,-0.18359375,333.67670173219005,1.7957724954827643,-2.4244706016775939,-2.4743245267700873,-2.474299169459361,-0.049853925092493423,-0.049828567781767141,-2.5
CLSVOF_LS_NATIVE,7,128,0,0,0,0.37109375,-0.17578125,334.65382405805326,1.3601874625929582,-2.4144210484652215,-2.4882732086578185,-2.4856964088403002,-0.073852160192596994,-0.071275360375078645,-2.5
CLSVOF_LS_NATIVE,7,128,0,0,0,0.37109375,-0.16796875,335.64699082497032,0.93990916522916146,-2.477409399776584,-2.5082686002741381,-2.5028869146244639,-0.030859200497554085,-0.025477514847879856,-2.5
CLSVOF_LS_NATIVE,7,128,0,0,0,0.37109375,-0.16015625,336.65598903842249,0.5357284114961246,-2.4627456951751698,-2.5052673861078349,-2.4982693566314205,-0.042521690932665113,-0.035523661456250633,-2.5
CLSVOF_LS_NATIVE,7,128,0,0,0,0.37109375,-0.15234375,337.68055960702492,0.14771570583249902,-2.4844354860966478,-2.4978740824833237,-2.4895012754209227,-0.013438596386675883,-0.0050657893242749275,-2.5
CLSVOF_LS_NATIVE,7,128,0,0,0,0.37109375,-0.14453125,338.7203955723046,0.2236692761407981,-2.4991014017605502,-2.4973921565498287,-2.4938507746611194,0.0017092452107214662,0.0052506270994308046,-2.5
CLSVOF_LS_NATIVE,7,128,0,0,0,0.37109375,-0.13671875,339.77514056883189,0.57809321408152037,-2.5263405687704665,-2.5101062001882894,-2.5012887199947018,0.016234368582177083,0.025051848775764718,-2.5
CLSVOF_LS_NATIVE,7,128,0,0,0,0.37109375,-0.12890625,340.84438755456029,0.91517600165820834,-2.5608603701771946,-2.5293608697440559,-2.5225969923484044,0.03149950043313865,0.03826337782879019,-2.5
CLSVOF_LS_NATIVE,7,128,0,0,0,0.37109375,-0.12109375,341.92767785104047,1.2343897490163567,-2.5625283697391628,-2.5195203517891684,-2.5045656108500376,0.043008017949994315,0.057962758889125165,-2.5
CLSVOF_LS_NATIVE,7,128,0,0,0,0.37109375,-0.11328125,343.02450053207025,1.5355210963638919,-2.5631387937520578,-2.5245714675281699,-2.5034110368641533,0.038567326223887921,0.059727756887904437,-2.5
CLSVOF_LS_NATIVE,7,128,0,0,0,0.37109375,-0.10546875,344.13429219722616,1.8183621081941548,-2.6057930548298018,-2.538352574909716,-2.5117937717046415,0.067440479920085838,0.093999283125160371,-2.5
CLSVOF_LS_NATIVE,7,128,0,0,0,0.37109375,0.10546875,15.865707802773843,1.8183621081941548,-2.60579305482988,-2.5206039142297278,-2.5117937717046406,0.085189140600152147,0.093999283125239419,-2.5
CLSVOF_LS_NATIVE,7,128,0,0,0,0.37109375,0.11328125,16.975499467929762,1.5355210963638919,-2.5631387937520578,-2.499740806793822,-2.5034110368641613,0.06339798695823573,0.059727756887896444,-2.5
CLSVOF_LS_NATIVE,7,128,0,0,0,0.37109375,0.12109375,18.072322148959515,1.2343897490163567,-2.5625283697391459,-2.496867766060948,-2.5045656108500376,0.065660603678197926,0.05796275888910829,-2.5
CLSVOF_LS_NATIVE,7,128,0,0,0,0.37109375,0.12890625,19.155612445439687,0.91517600165820834,-2.5608603701772075,-2.5161845566747827,-2.5225969923484044,0.044675813502424777,0.038263377828803069,-2.5
CLSVOF_LS_NATIVE,7,128,0,0,0,0.37109375,0.13671875,20.224859431168099,0.57809321408152037,-2.5263405687704634,-2.4928991233139053,-2.5012887199947014,0.033441445456558139,0.025051848775762053,-2.5
CLSVOF_LS_NATIVE,7,128,0,0,0,0.37109375,0.14453125,21.279604427695428,0.2236692761407981,-2.4991014017605497,-2.4854277469624542,-2.4938507746611189,0.013673654798095569,0.0052506270994308046,-2.5
CLSVOF_LS_NATIVE,7,128,0,0,0,0.37109375,0.15234375,22.319440392975107,0.14771570583249902,-2.4844354860966447,-2.4809008739226326,-2.4895012754209231,0.0035346121740120751,-0.0050657893242784802,-2.5
CLSVOF_LS_NATIVE,7,128,0,0,0,0.37109375,0.16015625,23.344010961577528,0.5357284114961246,-2.4627456951751703,-2.4874625668684516,-2.4982693566314151,-0.024716871693281295,-0.035523661456244859,-2.5
CLSVOF_LS_NATIVE,7,128,0,0,0,0.37109375,0.16796875,24.353009175029662,0.93990916522916146,-2.477409399776525,-2.4863983720380576,-2.5028869146244679,-0.0089889722615326129,-0.025477514847942917,-2.5
CLSVOF_LS_NATIVE,7,128,0,0,0,0.37109375,0.17578125,25.346175941946719,1.3601874625929578,-2.4144210484653161,-2.4664402818044628,-2.4856964088403108,-0.052019233339146709,-0.071275360374994712,-2.5
CLSVOF_LS_NATIVE,7,128,0,0,0,0.37109375,0.18359375,26.323298267809918,1.7957724954827643,-2.4244706016775628,-2.4523686128073265,-2.4742991694593655,-0.027898011129763756,-0.049828567781802668,-2.5
CLSVOF_LS_NATIVE,7,128,0,0,0,0.37890625,-0.16796875,336.09233950582745,1.8523285553257451,-2.4273383402809903,-2.4715692830797256,-2.4745824294502983,-0.044230942798735295,-0.047244089169308001,-2.5
CLSVOF_LS_NATIVE,7,128,0,0,0,0.37890625,-0.16015625,337.08717160322834,1.4552108596727811,-2.4134510952463297,-2.4742552774320039,-2.4754962331878447,-0.060804182185674183,-0.062045137941515005,-2.5
CLSVOF_LS_NATIVE,7,128,0,0,0,0.37890625,-0.15234375,338.0968219181608,1.0740599023588289,-2.4254346736009751,-2.4876060464842653,-2.4868790692973954,-0.062171372883290221,-0.061444395696420351,-2.5
CLSVOF_LS_NATIVE,7,128,0,0,0,0.37890625,-0.14453125,339.12098311944254,0.70918742705297932,-2.4975916968144167,-2.510697254057479,-2.5046615341995055,-0.013105557243062282,-0.0070698373850888174,-2.5
CLSVOF_LS_NATIVE,7,128,0,0,0,0.37890625,-0.13671875,340.15930191603161,0.36135893951161396,-2.4662985720626773,-2.5071692295771335,-2.501397452247399,-0.040870657514456177,-0.035098880184721626,-2.5
CLSVOF_LS_NATIVE,7,128,0,0,0,0.37890625,-0.12890625,341.21137801783152,0.030484943756687682,-2.5116527486695093,-2.5096091073343127,-2.5009813602278568,0.0020436413351965221,0.010671388441652496,-2.5
CLSVOF_LS_NATIVE,7,128,0,0,0,0.37890625,-0.12109375,342.27676338311369,0.28278392083214726,-2.5201310897483253,-2.5110171928360749,-2.505221193630387,0.0091138969122503966,0.014909896117938359,-2.5
CLSVOF_LS_NATIVE,7,128,0,0,0,0.37890625,-0.11328125,343.35496178532406,0.57818845842440902,-2.5169206411390843,-2.5074295843473462,-2.5003051955017916,0.0094910567917381172,0.01661544563729267,-2.5
CLSVOF_LS_NATIVE,7,128,0,0,0,0.37890625,-0.10546875,344.4454287299256,0.8555949614201831,-2.5563798610417074,-2.5201512465392213,-2.5147064736502771,0.036228614502486156,0.041673387391430339,-2.5
CLSVOF_LS_NATIVE,7,128,0,0,0,0.37890625,-0.09765625,345.54757174890699,1.11446352190875,-2.5460132729452436,-2.5002126093001418,-2.4938910085992481,0.045800663645101825,0.052122264345995539,-2.5
CLSVOF_LS_NATIVE,7,128,0,0,0,0.37890625,-0.08984375,346.6607510966366,1.3546833470992647,-2.5439083233127593,-2.5019067840569571,-2.4959107994729393,0.042001539255802189,0.047997523839820033,-2.5
CLSVOF_LS_NATIVE,7,128,0,0,0,0.37890625,-0.08203125,347.78428086586911,1.5760983328227873,-2.6041233863292148,-2.5260827006993671,-2.5137386092093097,0.078040685629847673,0.090384777119905113,-2.5
CLSVOF_LS_NATIVE,7,128,0,0,0,0.37890625,-0.07421875,348.91743053697036,1.7780638587887736,-2.602812750380969,-2.5384178690656753,-2.5204289931470005,0.064394881315293695,0.082383757233968513,-2.5
CLSVOF_LS_NATIVE,7,128,0,0,0,0.37890625,-0.06640625,350.05942696688697,1.9604479645868798,-2.5932365339072021,-2.5380631266580993,-2.516788190171527,0.055173407249102802,0.076448343735675106,-2.5
CLSVOF_LS_NATIVE,7,128,0,0,0,0.37890625,0.06640625,9.9405730331130364,1.9604479645868798,-2.5932365339072345,-2.5282037960742931,-2.5167881901715266,0.06503273783294139,0.076448343735707969,-2.5
CLSVOF_LS_NATIVE,7,128,0,0,0,0.37890625,0.07421875,11.082569463029662,1.7780638587887736,-2.602812750380969,-2.5263669517778009,-2.5204289931469961,0.076445798603168136,0.082383757233972954,-2.5
CLSVOF_LS_NATIVE,7,128,0,0,0,0.37890625,0.08203125,12.215719134130868,1.5760983328227873,-2.6041233863292148,-2.5131115156799435,-2.5137386092093119,0.091011870649271298,0.090384777119902893,-2.5
CLSVOF_LS_NATIVE,7,128,0,0,0,0.37890625,0.08984375,13.339248903363417,1.3546833470992647,-2.5439083233127655,-2.4907800010522037,-2.4959107994729508,0.053128322260561855,0.047997523839814704,-2.5
CLSVOF_LS_NATIVE,7,128,0,0,0,0.37890625,0.09765625,14.452428251092995,1.11446352190875,-2.5460132729452614,-2.4884697825094073,-2.4938910085992489,0.05754349043585405,0.052122264346012415,-2.5
CLSVOF_LS_NATIVE,7,128,0,0,0,0.37890625,0.10546875,15.554571270074421,0.8555949614201831,-2.5563798610417003,-2.5100823140939408,-2.5147064736502749,0.04629754694775956,0.041673387391425454,-2.5
CLSVOF_LS_NATIVE,7,128,0,0,0,0.37890625,0.11328125,16.64503821467596,0.57818845842440902,-2.516920641139091,-2.494472040161154,-2.5003051955017956,0.022448600977936994,0.016615445637295334,-2.5
CLSVOF_LS_NATIVE,7,128,0,0,0,0.37890625,0.12109375,17.723236616886332,0.28278392083214726,-2.5201310897483191,-2.496114943320682,-2.505221193630387,0.024016146427637164,0.014909896117932142,-2.5
CLSVOF_LS_NATIVE,7,128,0,0,0,0.37890625,0.12890625,18.788621982168493,0.030484943756687682,-2.5116527486695071,-2.4948532538110015,-2.5009813602278568,0.016799494858505515,0.010671388441650276,-2.5
CLSVOF_LS_NATIVE,7,128,0,0,0,0.37890625,0.13671875,19.840698083968366,0.36135893951161396,-2.4662985720626787,-2.4927515766884527,-2.501397452247399,-0.026453004625774046,-0.035098880184720294,-2.5
CLSVOF_LS_NATIVE,7,128,0,0,0,0.37890625,0.14453125,20.87901688055744,0.70918742705297932,-2.4975916968144185,-2.4929698921907884,-2.504661534199506,0.0046218046236301547,-0.0070698373850874852,-2.5
CLSVOF_LS_NATIVE,7,128,0,0,0,0.37890625,0.15234375,21.903178081839179,1.0740599023588289,-2.4254346736009844,-2.4722138254233763,-2.4868790692973954,-0.046779151822391896,-0.061444395696411025,-2.5
CLSVOF_LS_NATIVE,7,128,0,0,0,0.37890625,0.16015625,22.91282839677168,1.4552108596727811,-2.4134510952463306,-2.4580747312761866,-2.4754962331878421,-0.044623636029855973,-0.062045137941511452,-2.5
CLSVOF_LS_NATIVE,7,128,0,0,0,0.37890625,0.16796875,23.907660494172525,1.8523285553257451,-2.4273383402809774,-2.4544132698122749,-2.4745824294502961,-0.027074929531297531,-0.047244089169318659,-2.5
CLSVOF_LS_NATIVE,7,128,0,0,0,0.38671875,-0.14453125,339.50740523012968,1.6445135698001543,-2.4550918654828537,-2.4787491597016453,-2.4844902218484179,-0.023657294218791591,-0.029398356365564204,-2.5
CLSVOF_LS_NATIVE,7,128,0,0,0,0.38671875,-0.13671875,340.52969799053301,1.3029941941732908,-2.4104184311101884,-2.4791024477755959,-2.4840130847181521,-0.068684016665407466,-0.073594653607963689,-2.5
CLSVOF_LS_NATIVE,7,128,0,0,0,0.38671875,-0.12890625,341.56505117707798,0.97814618740015069,-2.4523579209704356,-2.49423815608223,-2.4955878650390213,-0.041880235111794395,-0.043229944068585713,-2.5
CLSVOF_LS_NATIVE,7,128,0,0,0,0.38671875,-0.12109375,342.61302782308445,0.67053970171835287,-2.4936188296807513,-2.5103393497649007,-2.5081413597617908,-0.016720520084149371,-0.014522530081039431,-2.5
CLSVOF_LS_NATIVE,7,128,0,0,0,0.38671875,-0.11328125,343.673146489435,0.38069055721892014,-2.4675706095106795,-2.5019186506968452,-2.4979611764477712,-0.034348041186165634,-0.030390566937091634,-2.5
CLSVOF_LS_NATIVE,7,128,0,0,0,0.38671875,-0.10546875,344.7448812969422,0.10854090726821454,-2.4923814937943169,-2.4986840862489892,-2.4933167013022492,-0.0063025924546722401,-0.00093520750793230079,-2.5
CLSVOF_LS_NATIVE,7,128,0,0,0,0.38671875,-0.09765625,345.82766229986805,0.14547899765411645,-2.5068336868970906,-2.4916504732025713,-2.4936132062862804,0.01518321369451936,0.01322048061081027,-2.5
CLSVOF_LS_NATIVE,7,128,0,0,0,0.38671875,-0.08984375,346.92087621993318,0.38108772384433159,-2.4979764006055074,-2.5006437303674987,-2.4968400353295208,-0.0026673297619912439,0.001136365275986595,-2.5
CLSVOF_LS_NATIVE,7,128,0,0,0,0.38671875,-0.08203125,348.02386755579664,0.59821843380298256,-2.5588997145567181,-2.5143511996557835,-2.5103632213303895,0.044548514900934588,0.048536493226328581,-2.5
CLSVOF_LS_NATIVE,7,128,0,0,0,0.38671875,-0.07421875,349.13594007791227,0.79620876213393588,-2.5450154107460432,-2.5171976896801058,-2.5153308798574514,0.027817721065937384,0.029684530888591798,-2.5
CLSVOF_LS_NATIVE,7,128,0,0,0,0.38671875,-0.06640625,350.25635871296282,0.97501987964057601,-2.5393160258324134,-2.5073538662371178,-2.5050532696915333,0.031962159595295692,0.034262756140880146,-2.5
CLSVOF_LS_NATIVE,7,128,0,0,0,0.38671875,-0.05859375,351.38435181583588,1.1345541583954859,-2.5496347350825994,-2.4964794620867758,-2.4950871060695938,0.053155272995823566,0.054547629013005583,-2.5
CLSVOF_LS_NATIVE,7,128,0,0,0,0.38671875,-0.05078125,352.51911382047632,1.2746084418574637,-2.5615994408460994,-2.5051994685106092,-2.5033548474045886,0.056399972335490212,0.058244593441510784,-2.5
CLSVOF_LS_NATIVE,7,128,0,0,0,0.38671875,-0.04296875,353.65980825409008,1.3949837401997012,-2.5849560962195128,-2.5026404365114234,-2.5005589841512386,0.082315659708089406,0.084397112068274271,-2.5
CLSVOF_LS_NATIVE,7,128,0,0,0,0.38671875,-0.03515625,354.80557109226521,1.4954126838520621,-2.5285427794130815,-2.5013255959617333,-2.4978983665051619,0.027217183451348159,0.030644412907919527,-2.5
CLSVOF_LS_NATIVE,7,128,0,0,0,0.38671875,-0.02734375,355.95551442581888,1.576256392732774,-2.6136309357309435,-2.5194625165145372,-2.515018733156372,0.094168419216406285,0.098612202574571484,-2.5
CLSVOF_LS_NATIVE,7,128,0,0,0,0.38671875,-0.01953125,357.10873040377942,1.6367771505474173,-2.5864382511462818,-2.5256996062807797,-2.5205488761869255,0.060738644865502067,0.065889374959356317,-2.5
CLSVOF_LS_NATIVE,7,128,0,0,0,0.38671875,-0.01171875,358.2642954110716,1.6771413859823152,-2.5834779346141938,-2.5195866706630392,-2.5139812601210743,0.063891263951154631,0.069496674493119581,-2.5
CLSVOF_LS_NATIVE,7,128,0,0,0,0.38671875,-0.00390625,359.42127443439222,1.6973386950966887,-2.5852306777323126,-2.5196710906704194,-2.5140308833547227,0.065559587061893243,0.071199794377589942,-2.5
CLSVOF_LS_NATIVE,7,128,0,0,0,0.38671875,0.00390625,0.57872556560776267,1.6973386950966887,-2.5852306777323126,-2.5191919826079912,-2.5140308833547227,0.066038695124321478,0.071199794377589942,-2.5
CLSVOF_LS_NATIVE,7,128,0,0,0,0.38671875,0.01171875,1.7357045889283906,1.6771413859823152,-2.5834779346141938,-2.5181745898543224,-2.5139812601210743,0.065303344759871429,0.069496674493119581,-2.5
CLSVOF_LS_NATIVE,7,128,0,0,0,0.38671875,0.01953125,2.891269596220567,1.6367771505474173,-2.5864382511462818,-2.5234716711405323,-2.5205488761869259,0.062966580005749506,0.065889374959355873,-2.5
CLSVOF_LS_NATIVE,7,128,0,0,0,0.38671875,0.02734375,4.044485574181107,1.576256392732774,-2.6136309357309435,-2.5150369626128821,-2.5150187331563707,0.098593973118061395,0.098612202574572816,-2.5
CLSVOF_LS_NATIVE,7,128,0,0,0,0.38671875,0.03515625,5.1944289077348111,1.4954126838520621,-2.5285427794130815,-2.4947927613908258,-2.4978983665051588,0.033750018022255635,0.030644412907922636,-2.5
CLSVOF_LS_NATIVE,7,128,0,0,0,0.38671875,0.04296875,6.340191745909916,1.3949837401997012,-2.5849560962195128,-2.4960674633950051,-2.5005589841512377,0.088888632824507763,0.08439711206827516,-2.5
CLSVOF_LS_NATIVE,7,128,0,0,0,0.38671875,0.05078125,7.480886179523683,1.2746084418574637,-2.5615994408460994,-2.4973806929236853,-2.5033548474045886,0.06421874792241411,0.058244593441510784,-2.5
CLSVOF_LS_NATIVE,7,128,0,0,0,0.38671875,0.05859375,8.6156481841641224,1.1345541583954859,-2.5496347350826007,-2.4889246052749727,-2.4950871060695934,0.060710129807628022,0.054547629013007359,-2.5
CLSVOF_LS_NATIVE,7,128,0,0,0,0.38671875,0.06640625,9.7436412870371711,0.97501987964057601,-2.539316025832397,-2.500822295601973,-2.5050532696915311,0.038493730230424017,0.034262756140865935,-2.5
CLSVOF_LS_NATIVE,7,128,0,0,0,0.38671875,0.07421875,10.864059922087735,0.79620876213393588,-2.5450154107460428,-2.5122794691657613,-2.5153308798574514,0.03273594158028148,0.029684530888591354,-2.5
CLSVOF_LS_NATIVE,7,128,0,0,0,0.38671875,0.08203125,11.976132444203367,0.59821843380298256,-2.5588997145567278,-2.5069767493152915,-2.5103632213303886,0.051922965241436358,0.048536493226339239,-2.5
CLSVOF_LS_NATIVE,7,128,0,0,0,0.38671875,0.08984375,13.079123780066833,0.38108772384433159,-2.4979764006054972,-2.4921272563218699,-2.4968400353295213,0.0058491442836272611,0.0011363652759759368,-2.5
CLSVOF_LS_NATIVE,7,128,0,0,0,0.38671875,0.09765625,14.172337700131976,0.14547899765411654,-2.5068336868971093,-2.4854511659241529,-2.493613206286283,0.021382520972956343,0.013220480610826257,-2.5
CLSVOF_LS_NATIVE,7,128,0,0,0,0.38671875,0.10546875,15.255118703057793,0.10854090726821454,-2.4923814937943072,-2.4883605336893782,-2.4933167013022488,0.0040209601049290278,-0.00093520750794162666,-2.5
CLSVOF_LS_NATIVE,7,128,0,0,0,0.38671875,0.11328125,16.326853510565023,0.38069055721892014,-2.4675706095106804,-2.4910203304045018,-2.4979611764477694,-0.023449720893821357,-0.03039056693708897,-2.5
CLSVOF_LS_NATIVE,7,128,0,0,0,0.38671875,0.12109375,17.386972176915545,0.67053970171835287,-2.4936188296807571,-2.4998925230655757,-2.5081413597617908,-0.006273693384818646,-0.014522530081033658,-2.5
CLSVOF_LS_NATIVE,7,128,0,0,0,0.38671875,0.12890625,18.434948822922028,0.97814618740015069,-2.4523579209704232,-2.4843813958805292,-2.4955878650390213,-0.032023474910106042,-0.043229944068598147,-2.5
CLSVOF_LS_NATIVE,7,128,0,0,0,0.38671875,0.13671875,19.470302009466977,1.3029941941732908,-2.4104184311101853,-2.4697883479336697,-2.4840130847181512,-0.05936991682348447,-0.07359465360796591,-2.5
CLSVOF_LS_NATIVE,7,128,0,0,0,0.38671875,0.14453125,20.492594769870308,1.6445135698001543,-2.4550918654828524,-2.46798887803455,-2.4844902218484179,-0.012897012551697618,-0.029398356365565537,-2.5
CLSVOF_LS_NATIVE,7,128,0,0,0,0.39453125,-0.12890625,341.9060934559368,1.9275728886940564,-2.4089523616192876,-2.4668042278671747,-2.4728524034511628,-0.057851866247887074,-0.063900041831875143,-2.5
CLSVOF_LS_NATIVE,7,128,0,0,0,0.39453125,-0.12109375,342.9371428265386,1.6255333006775492,-2.4542545652414667,-2.4791814532569454,-2.4868451091426556,-0.02492688801547871,-0.032590543901188873,-2.5
CLSVOF_LS_NATIVE,7,128,0,0,0,0.39453125,-0.11328125,343.97970769792875,1.3410423626265917,-2.410966168493939,-2.4705465450457753,-2.4798492518101396,-0.059580376551836345,-0.068883083316200633,-2.5
CLSVOF_LS_NATIVE,7,128,0,0,0,0.39453125,-0.10546875,345.03328043599515,1.0739176307376763,-2.4366183442616753,-2.480311099699736,-2.4874214511323514,-0.043692755438060615,-0.050803106870676018,-2.5
CLSVOF_LS_NATIVE,7,128,0,0,0,0.39453125,-0.09765625,346.09731288577944,0.82455019648168726,-2.4852839994279705,-2.4989045586899481,-2.5001531879485821,-0.013620559261977583,-0.014869188520611587,-2.5
CLSVOF_LS_NATIVE,7,128,0,0,0,0.39453125,-0.08984375,347.17121712854458,0.59347656234660562,-2.4405680917657682,-2.4995440799636413,-2.4986793286923028,-0.058975988197873086,-0.058111236926534637,-2.5
CLSVOF_LS_NATIVE,7,128,0,0,0,0.39453125,-0.08203125,348.25436657471204,0.38047049630528246,-2.510247203467673,-2.5066429509973887,-2.5062102674856499,0.003604252470284397,0.0040369359820231487,-2.5
CLSVOF_LS_NATIVE,7,128,0,0,0,0.39453125,-0.07421875,349.34609740006152,0.18626996727528375,-2.489665881187622,-2.5029394794776825,-2.5013798691946256,-0.013273598290060473,-0.011713988007003628,-2.5
CLSVOF_LS_NATIVE,7,128,0,0,0,0.39453125,-0.06640625,350.44571032759825,0.01086258228305704,-2.488385609859646,-2.4886736921116714,-2.4911014957205255,-0.00028808225202547888,-0.0027158858608795633,-2.5
CLSVOF_LS_NATIVE,7,128,0,0,0,0.39453125,-0.05859375,351.55247275209155,0.1456305356610389,-2.5030356120275616,-2.4912137687846068,-2.4945978433063938,0.011821843242954877,0.0084377687211678598,-2.5
CLSVOF_LS_NATIVE,7,128,0,0,0,0.39453125,-0.05078125,352.66562119858327,0.28298259919475571,-2.5147472535291411,-2.5054733542240601,-2.507146791212417,0.0092738993050809349,0.0076004623167240659,-2.5
CLSVOF_LS_NATIVE,7,128,0,0,0,0.39453125,-0.04296875,353.78436410029735,0.40100679431259123,-2.5459934786594642,-2.5030577681115775,-2.5006306344153622,0.042935710547886696,0.045362844244102085,-2.5
CLSVOF_LS_NATIVE,7,128,0,0,0,0.39453125,-0.03515625,354.90788487550105,0.49937860198492517,-2.4732363657563035,-2.4919179534761389,-2.4898528051136761,-0.018681587719835413,-0.01661643935737267,-2.5
CLSVOF_LS_NATIVE,7,128,0,0,0,0.39453125,-0.02734375,356.03534527714385,0.57859842886612289,-2.5616937298120144,-2.5065116696099969,-2.5042411871445274,0.055182060202017436,0.057452542667487005,-2.5
CLSVOF_LS_NATIVE,7,128,0,0,0,0.39453125,-0.01953125,357.16588898369349,0.63790189861601931,-2.5328674897721579,-2.5117854930501569,-2.5094178001745311,0.021081996722001062,0.023449689597626833,-2.5
CLSVOF_LS_NATIVE,7,128,0,0,0,0.39453125,-0.01171875,358.29864539467388,0.67746458118821395,-2.532414716757788,-2.5037445450199765,-2.5012964862249674,0.028670171737811501,0.03111823053282059,-2.5
CLSVOF_LS_NATIVE,7,128,0,0,0,0.39453125,-0.00390625,359.43273359014205,0.69725825059193169,-2.5335340141655993,-2.5030118903681542,-2.5006808281044748,0.030522123797445122,0.032853186061124529,-2.5
CLSVOF_LS_NATIVE,7,128,0,0,0,0.39453125,0.00390625,0.56726640985793497,0.69725825059193169,-2.5335340141655989,-2.5026586026144995,-2.5006808281044748,0.030875411551099408,0.032853186061124084,-2.5
CLSVOF_LS_NATIVE,7,128,0,0,0,0.39453125,0.01171875,1.7013546053261255,0.67746458118821395,-2.5324147167577875,-2.5026479595883235,-2.5012964862249674,0.029766757169463975,0.031118230532820146,-2.5
CLSVOF_LS_NATIVE,7,128,0,0,0,0.39453125,0.01953125,2.8341110163065162,0.63790189861601931,-2.5328674897721579,-2.5100617897238369,-2.5094178001745324,0.022805700048321054,0.0234496895976255,-2.5
CLSVOF_LS_NATIVE,7,128,0,0,0,0.39453125,0.02734375,3.9646547228561269,0.57859842886612289,-2.5616937298120206,-2.504062181676435,-2.5042411871445256,0.057631548135585575,0.057452542667494999,-2.5
CLSVOF_LS_NATIVE,7,128,0,0,0,0.39453125,0.03515625,5.0921151244989673,0.49937860198492517,-2.4732363657563035,-2.4886454561585647,-2.4898528051136735,-0.015409090402261238,-0.016616439357370005,-2.5
CLSVOF_LS_NATIVE,7,128,0,0,0,0.39453125,0.04296875,6.2156358997026624,0.40100679431259123,-2.5459934786594718,-2.4995543964607014,-2.5006306344153635,0.046439082198770354,0.045362844244108302,-2.5
CLSVOF_LS_NATIVE,7,128,0,0,0,0.39453125,0.05078125,7.3343788014167117,0.28298259919475571,-2.5147472535291393,-2.5015684757582219,-2.5071467912124143,0.01317877777091736,0.0076004623167249541,-2.5
CLSVOF_LS_NATIVE,7,128,0,0,0,0.39453125,0.05859375,8.4475272479084751,0.14563053566103892,-2.5030356120275665,-2.4871982882215695,-2.4945978433063893,0.015837323805997006,0.0084377687211771857,-2.5
CLSVOF_LS_NATIVE,7,128,0,0,0,0.39453125,0.06640625,9.5542896724017758,0.010862582283057032,-2.4883856098596526,-2.491049089261542,-2.4911014957205264,-0.0026634794018893793,-0.0027158858608737901,-2.5
CLSVOF_LS_NATIVE,7,128,0,0,0,0.39453125,0.07421875,10.653902599938498,0.18626996727528378,-2.4896658811876131,-2.4972622300525948,-2.5013798691946332,-0.0075963488649817279,-0.01171398800702006,-2.5
CLSVOF_LS_NATIVE,7,128,0,0,0,0.39453125,0.08203125,11.745633425287963,0.38047049630528246,-2.5102472034676695,-2.5006253580577757,-2.5062102674856455,0.0096218454098937478,0.0040369359820240369,-2.5
CLSVOF_LS_NATIVE,7,128,0,0,0,0.39453125,0.08984375,12.828782871455433,0.59347656234660562,-2.4405680917657584,-2.4930470420839095,-2.4986793286923001,-0.052478950318151085,-0.058111236926541743,-2.5
CLSVOF_LS_NATIVE,7,128,0,0,0,0.39453125,0.09765625,13.902687114220567,0.82455019648168726,-2.4852839994279723,-2.4910916584038132,-2.5001531879485843,-0.0058076589758409014,-0.014869188520612031,-2.5
CLSVOF_LS_NATIVE,7,128,0,0,0,0.39453125,0.10546875,14.966719564004876,1.0739176307376763,-2.4366183442616762,-2.476837713964132,-2.4874214511323518,-0.040219369702455765,-0.050803106870675574,-2.5
CLSVOF_LS_NATIVE,7,128,0,0,0,0.39453125,0.11328125,16.020292302071237,1.3410423626265917,-2.4109661684939425,-2.4670072555570552,-2.4798492518101387,-0.056041087063112727,-0.068883083316196192,-2.5
CLSVOF_LS_NATIVE,7,128,0,0,0,0.39453125,0.12109375,17.062857173461413,1.6255333006775492,-2.4542545652414653,-2.4718211784194146,-2.4868451091426556,-0.017566613177949275,-0.032590543901190205,-2.5
CLSVOF_LS_NATIVE,7,128,0,0,0,0.39453125,0.12890625,18.093906544063177,1.9275728886940564,-2.4089523616193156,-2.4559242687576051,-2.4728524034511628,-0.04697190713828947,-0.063900041831847165,-2.5
CLSVOF_LS_NATIVE,7,128,0,0,0,0.40234375,-0.09765625,346.35708522400989,1.7956454148649923,-2.4444877678965637,-2.4683806809043709,-2.4777250755175819,-0.023892913007807159,-0.033237307621018175,-2.5
CLSVOF_LS_NATIVE,7,128,0,0,0,0.40234375,-0.08984375,347.41230661835118,1.56891539687778,-2.3952156938635643,-2.4657612366181247,-2.4759049295950755,-0.070545542754560486,-0.080689235731511211,-2.5
CLSVOF_LS_NATIVE,7,128,0,0,0,0.40234375,-0.08203125,348.47627829610263,1.3599624887983441,-2.4483477175317683,-2.4746622432586789,-2.4852254313654898,-0.02631452572691062,-0.036877713833721515,-2.5
CLSVOF_LS_NATIVE,7,128,0,0,0,0.40234375,-0.07421875,349.54836705601127,1.1693734783645358,-2.4407387994123741,-2.4805092710228931,-2.4902930927068061,-0.039770471610518943,-0.04955429329443195,-2.5
CLSVOF_LS_NATIVE,7,128,0,0,0,0.40234375,-0.06640625,350.62790729142091,0.99723614986252718,-2.439767175199667,-2.4771982571081788,-2.487062347638707,-0.037431081908511743,-0.047295172439040023,-2.5
CLSVOF_LS_NATIVE,7,128,0,0,0,0.40234375,-0.05859375,351.71420297604624,0.84365866989157645,-2.4608225788780307,-2.4904482626156996,-2.4961342706828171,-0.02962568373766894,-0.035311691804786438,-2.5
CLSVOF_LS_NATIVE,7,128,0,0,0,0.40234375,-0.05078125,352.80652994470444,0.70891036443009081,-2.4697189125071151,-2.509051122575289,-2.5112802222548818,-0.03933221006817389,-0.041561309747766728,-2.5
CLSVOF_LS_NATIVE,7,128,0,0,0,0.40234375,-0.04296875,353.90413845540417,0.59315139581447118,-2.5066006421576881,-2.5063187996739202,-2.5067609229112291,0.00028184248376783572,-0.00016028075354102,-2.5
CLSVOF_LS_NATIVE,7,128,0,0,0,0.40234375,-0.03515625,355.00625601417659,0.49675054838555327,-2.4255688066987995,-2.4902762816448871,-2.4910007926360187,-0.06470747494608764,-0.065431985937219217,-2.5
CLSVOF_LS_NATIVE,7,128,0,0,0,0.40234375,-0.02734375,356.11209043916693,0.41913857757497136,-2.5045948370656217,-2.5006276733841544,-2.5014070798581454,0.0039671636814673228,0.0031877572074763272,-2.5
CLSVOF_LS_NATIVE,7,128,0,0,0,0.40234375,-0.01953125,357.22083313592793,0.36100192324574237,-2.4815893279646253,-2.5066553592367695,-2.5079461546536645,-0.02506603127214424,-0.02635682668903927,-2.5
CLSVOF_LS_NATIVE,7,128,0,0,0,0.40234375,-0.01171875,358.3316625517067,0.32220820571024689,-2.4849035181252961,-2.4977876064877362,-2.5012758828317221,-0.012884088362440149,-0.016372364706426001,-2.5
CLSVOF_LS_NATIVE,7,128,0,0,0,0.40234375,-0.00390625,359.44374777291932,0.30281170096783683,-2.4828728376827049,-2.4962353296990196,-2.4996414993179656,-0.013362492016314675,-0.016768661635260695,-2.5
CLSVOF_LS_NATIVE,7,128,0,0,0,0.40234375,0.00390625,0.55625222708067301,0.30281170096783683,-2.4828728376827049,-2.4959002380504556,-2.4996414993179656,-0.01302740036775063,-0.016768661635260695,-2.5
CLSVOF_LS_NATIVE,7,128,0,0,0,0.40234375,0.01171875,1.6683374482933093,0.32220820571024689,-2.4849035181252961,-2.4967750963055897,-2.5012758828317221,-0.011871578180293607,-0.016372364706426001,-2.5
CLSVOF_LS_NATIVE,7,128,0,0,0,0.40234375,0.01953125,2.7791668640720832,0.36100192324574237,-2.4815893279646244,-2.5048475687681124,-2.5079461546536672,-0.023258240803488039,-0.026356826689042823,-2.5
CLSVOF_LS_NATIVE,7,128,0,0,0,0.40234375,0.02734375,3.8879095608330756,0.41913857757497136,-2.5045948370656355,-2.4980426922556092,-2.5014070798581436,0.0065521448100263058,0.0031877572074918703,-2.5
CLSVOF_LS_NATIVE,7,128,0,0,0,0.40234375,0.03515625,4.9937439858233974,0.49675054838555338,-2.4255688066987631,-2.487382266866466,-2.4910007926360191,-0.061813460167702949,-0.065431985937256076,-2.5
CLSVOF_LS_NATIVE,7,128,0,0,0,0.40234375,0.04296875,6.0958615445958229,0.59315139581447107,-2.5066006421577383,-2.5028704704406666,-2.5067609229112353,0.0037301717170716842,-0.00016028075349705517,-2.5
CLSVOF_LS_NATIVE,7,128,0,0,0,0.40234375,0.05078125,7.1934700552955455,0.70891036443009081,-2.4697189125071004,-2.5064771891652855,-2.5112802222548827,-0.036758276658185096,-0.041561309747782271,-2.5
CLSVOF_LS_NATIVE,7,128,0,0,0,0.40234375,0.05859375,8.2857970239537568,0.84365866989157645,-2.4608225788780311,-2.489758710328748,-2.4961342706828127,-0.028936131450716829,-0.035311691804781553,-2.5
CLSVOF_LS_NATIVE,7,128,0,0,0,0.40234375,0.06640625,9.3720927085790962,0.99723614986252718,-2.4397671751996395,-2.478496362925342,-2.4870623476387079,-0.038729187725702552,-0.047295172439068445,-2.5
CLSVOF_LS_NATIVE,7,128,0,0,0,0.40234375,0.07421875,10.451632943988708,1.1693734783645355,-2.4407387994124177,-2.4782729853641112,-2.4902930927068141,-0.037534185951693555,-0.049554293294396423,-2.5
CLSVOF_LS_NATIVE,7,128,0,0,0,0.40234375,0.08203125,11.523721703897342,1.3599624887983441,-2.448347717531739,-2.4723798753988433,-2.4852254313654871,-0.024032157867104331,-0.03687771383374816,-2.5
CLSVOF_LS_NATIVE,7,128,0,0,0,0.40234375,0.08984375,12.587693381648803,1.56891539687778,-2.3952156938635651,-2.4620214919834371,-2.4759049295950732,-0.066805798119871973,-0.080689235731508102,-2.5
CLSVOF_LS_NATIVE,7,128,0,0,0,0.40234375,0.09765625,13.642914775990082,1.7956454148649923,-2.4444877678965637,-2.4625253300925642,-2.4777250755175824,-0.018037562196000501,-0.033237307621018619,-2.5
CLSVOF_LS_NATIVE,7,128,0,0,0,0.41015625,-0.06640625,350.80334410837111,1.9839731656178292,-2.3995539279908553,-2.4528054147802263,-2.4628066301220759,-0.053251486789370972,-0.063252702131220584,-2.5
CLSVOF_LS_NATIVE,7,128,0,0,0,0.41015625,-0.05859375,351.86989764584399,1.8332623301062219,-2.4166555497349047,-2.4624747834369862,-2.4718140070878394,-0.045819233702081519,-0.055158457352934676,-2.5
CLSVOF_LS_NATIVE,7,128,0,0,0,0.41015625,-0.05078125,352.94215335011893,1.7010457428827623,-2.4274362027361351,-2.4779329928290701,-2.4864795764277954,-0.050496790092934951,-0.059043373691660239,-2.5
CLSVOF_LS_NATIVE,7,128,0,0,0,0.41015625,-0.04296875,354.01940047523652,1.5874998036027048,-2.4593466105921005,-2.4748311085593078,-2.4835572702793463,-0.0154844979672073,-0.024210659687245784,-2.5
CLSVOF_LS_NATIVE,7,128,0,0,0,0.41015625,-0.03515625,355.10090754621223,1.4929613577840002,-2.380147321468367,-2.4589390403011278,-2.4688076601139137,-0.078791718832760704,-0.088660338645546677,-2.5
CLSVOF_LS_NATIVE,7,128,0,0,0,0.41015625,-0.02734375,356.18592516570965,1.4168715778888066,-2.4486100321807545,-2.4682101255751672,-2.4786174379304486,-0.01960009339441271,-0.030007405749694183,-2.5
CLSVOF_LS_NATIVE,7,128,0,0,0,0.41015625,-0.01953125,357.27368900609372,1.3598243361594748,-2.4351851372643298,-2.4775062698961876,-2.48874932537356,-0.042321132631857772,-0.053564188109230138,-2.5
CLSVOF_LS_NATIVE,7,128,0,0,0,0.41015625,-0.01171875,358.3634229583833,1.3217587438324978,-2.4425124512428127,-2.4739964390083156,-2.4857384624249699,-0.031483987765502874,-0.043226011182157187,-2.5
CLSVOF_LS_NATIVE,7,128,0,0,0,0.41015625,-0.00390625,359.45434240658426,1.3027579387893538,-2.4325130605802974,-2.4709742684866822,-2.4825247782098785,-0.038461207906384853,-0.050011717629581121,-2.5
CLSVOF_LS_NATIVE,7,128,0,0,0,0.41015625,0.00390625,0.54565759341572106,1.3027579387893538,-2.4325130605802974,-2.4711199045466374,-2.482524778209878,-0.038606843966340065,-0.050011717629580676,-2.5
CLSVOF_LS_NATIVE,7,128,0,0,0,0.41015625,0.01171875,1.63657704161672,1.3217587438324978,-2.4425124512428127,-2.4742865020319824,-2.4857384624249699,-0.031774050789169728,-0.043226011182157187,-2.5
CLSVOF_LS_NATIVE,7,128,0,0,0,0.41015625,0.01953125,2.7263109939062686,1.3598243361594748,-2.4351851372643298,-2.4772406994482532,-2.4887493253735609,-0.042055562183923367,-0.053564188109231026,-2.5
CLSVOF_LS_NATIVE,7,128,0,0,0,0.41015625,0.02734375,3.8140748342903583,1.4168715778888066,-2.4486100321807553,-2.4671091813067942,-2.4786174379304469,-0.018499149126038894,-0.030007405749691518,-2.5
CLSVOF_LS_NATIVE,7,128,0,0,0,0.41015625,0.03515625,4.8990924537877696,1.4929613577840002,-2.3801473214683679,-2.4571057339426483,-2.4688076601139115,-0.076958412474280369,-0.088660338645543568,-2.5
CLSVOF_LS_NATIVE,7,128,0,0,0,0.41015625,0.04296875,5.9805995247634547,1.5874998036027048,-2.4593466105921,-2.4712207575623104,-2.4835572702793476,-0.011874146970210386,-0.02421065968724756,-2.5
CLSVOF_LS_NATIVE,7,128,0,0,0,0.41015625,0.05078125,7.0578466498810828,1.7010457428827623,-2.427436202736136,-2.4733897801516869,-2.4864795764277958,-0.045953577415550839,-0.059043373691659795,-2.5
CLSVOF_LS_NATIVE,7,128,0,0,0,0.41015625,0.05859375,8.1301023541559889,1.8332623301062219,-2.4166555497349065,-2.4581859444222438,-2.4718140070878385,-0.041530394687337324,-0.055158457352932011,-2.5
CLSVOF_LS_NATIVE,7,128,0,0,0,0.41015625,0.06640625,9.1966558916289092,1.9839731656178292,-2.3995539279908531,-2.4484503908553377,-2.4628066301220755,-0.048896462864484569,-0.06325270213122236,-2.5
CLSVOF_LS_NATIVE,7,128,5000,1.9479603535224503,0.024851608881778831,-0.41015625,-0.06640625,189.19665589162875,1.9922974758314014,-2.4062787150520961,-2.4659842449393281,-2.4650890379026018,-0.05970552988723199,-0.058810322850505692,-2.5
CLSVOF_LS_NATIVE,7,128,5000,1.9479603535224503,0.024851608881778831,-0.41015625,-0.05859375,188.13010235415581,1.8416501197305328,-2.4166543086907843,-2.4731930174323944,-2.4716458033626787,-0.056538708741610044,-0.054991494671894348,-2.5
CLSVOF_LS_NATIVE,7,128,5000,1.9479603535224503,0.024851608881778831,-0.41015625,-0.05078125,187.0578466498809,1.7095060609056405,-2.4175631509411488,-2.4765882627147491,-2.4747561934992648,-0.059025111773600258,-0.05719304255811597,-2.5
CLSVOF_LS_NATIVE,7,128,5000,1.9479603535224503,0.024851608881778831,-0.41015625,-0.04296875,185.98059952476328,1.5959637362807537,-2.4275913456599856,-2.4785317510504896,-2.4765631942359132,-0.05094040539050404,-0.048971848575927623,-2.5
CLSVOF_LS_NATIVE,7,128,5000,1.9479603535224503,0.024851608881778831,-0.41015625,-0.03515625,184.89909245378757,1.5011805560641986,-2.4214691016667356,-2.4803419374647744,-2.4783215346154517,-0.058872835798038814,-0.056852432948716114,-2.5
CLSVOF_LS_NATIVE,7,128,5000,1.9479603535224503,0.024851608881778831,-0.41015625,-0.02734375,183.81407483429018,1.4251773156468133,-2.4376564597328114,-2.4845703662980014,-2.4824889557081198,-0.046913906565190011,-0.044832495975308362,-2.5
CLSVOF_LS_NATIVE,7,128,5000,1.9479603535224503,0.024851608881778831,-0.41015625,-0.01953125,182.72631099390608,1.3681354904580552,-2.4347596334807826,-2.4866453419427366,-2.4844681373670277,-0.05188570846195395,-0.049708503886245037,-2.5
CLSVOF_LS_NATIVE,7,128,5000,1.9479603535224503,0.024851608881778831,-0.41015625,-0.01171875,181.63657704161656,1.330072195238184,-2.4366947180491776,-2.4863019162166524,-2.4843187467835737,-0.049607198167474831,-0.047624028734396084,-2.5
CLSVOF_LS_NATIVE,7,128,5000,1.9479603535224503,0.024851608881778831,-0.41015625,-0.00390625,180.54565759341554,1.3110300709658713,-2.4376141605017843,-2.4865807381107983,-2.4849386978996577,-0.048966577609014017,-0.047324537397873456,-2.5
CLSVOF_LS_NATIVE,7,128,5000,1.9479603535224503,0.024851608881778831,-0.41015625,0.00390625,179.45434240658446,1.311030071559766,-2.4376141608677364,-2.4864332610635804,-2.4849386982748709,-0.048819100195844012,-0.047324537407134493,-2.5
CLSVOF_LS_NATIVE,7,128,5000,1.9479603535224503,0.024851608881778831,-0.41015625,0.01171875,178.36342295838344,1.3300721970222849,-2.4366947190636257,-2.4857630390362533,-2.4843187478607516,-0.049068319972627616,-0.047624028797125906,-2.5
CLSVOF_LS_NATIVE,7,128,5000,1.9479603535224503,0.024851608881778831,-0.41015625,0.01953125,177.27368900609392,1.3681354934389498,-2.4347596350728975,-2.4857969879935156,-2.4844681384652265,-0.051037352920618062,-0.049708503392329018,-2.5
CLSVOF_LS_NATIVE,7,128,5000,1.9479603535224503,0.024851608881778831,-0.41015625,0.02734375,176.18592516570982,1.4251773198347255,-2.4376564592783461,-2.4830780969098685,-2.4824889578344771,-0.045421637631522405,-0.044832498556131029,-2.5
CLSVOF_LS_NATIVE,7,128,5000,1.9479603535224503,0.024851608881778831,-0.41015625,0.03515625,175.10090754621243,1.501180561451694,-2.4214691088155305,-2.4779348018387486,-2.4783215384062283,-0.056465693023218133,-0.056852429590697806,-2.5
CLSVOF_LS_NATIVE,7,128,5000,1.9479603535224503,0.024851608881778831,-0.41015625,0.04296875,174.01940047523672,1.5959637429193172,-2.4275913463649905,-2.4757358417644788,-2.4765631970194653,-0.048144495399488285,-0.048971850654474736,-2.5
CLSVOF_LS_NATIVE,7,128,5000,1.9479603535224503,0.024851608881778831,-0.41015625,0.05078125,172.9421533501191,1.7095060687965098,-2.4175631524475492,-2.473624556680071,-2.4747561958878217,-0.056061404232521816,-0.05719304344027254,-2.5
CLSVOF_LS_NATIVE,7,128,5000,1.9479603535224503,0.024851608881778831,-0.41015625,0.05859375,171.86989764584419,1.8416501288794269,-2.4166543132310441,-2.470004664753922,-2.4716458069564919,-0.053350351522877926,-0.054991493725447871,-2.5
CLSVOF_LS_NATIVE,7,128,5000,1.9479603535224503,0.024851608881778831,-0.41015625,0.06640625,170.80334410837125,1.9922974862665299,-2.4062787175971678,-2.4631469152421914,-2.4650890412108342,-0.056868197645023599,-0.058810323613666338,-2.5
CLSVOF_LS_NATIVE,7,128,5000,1.9479603535224503,0.024851608881778831,-0.40234375,-0.09765625,193.64291477598991,1.8039201491052956,-2.4252467947940937,-2.478883968851981,-2.4741216559857011,-0.053637174057887371,-0.048874861191607444,-2.5
CLSVOF_LS_NATIVE,7,128,5000,1.9479603535224503,0.024851608881778831,-0.40234375,-0.08984375,192.58769338164862,1.5770651968361722,-2.4047944843092033,-2.4805784618088826,-2.4760636309199486,-0.075783977499679356,-0.071269146610745349,-2.5
CLSVOF_LS_NATIVE,7,128,5000,1.9479603535224503,0.024851608881778831,-0.40234375,-0.08203125,191.52372170389714,1.3681009941481668,-2.4513015612779578,-2.4917166571081046,-2.4864935609289498,-0.040415095830146797,-0.035191999650991956,-2.5
CLSVOF_LS_NATIVE,7,128,5000,1.9479603535224503,0.024851608881778831,-0.40234375,-0.07421875,190.45163294398853,1.1775352429284702,-2.4393042267631238,-2.4981682612135581,-2.4922430867038456,-0.05886403445043431,-0.052938859940721894,-2.5
CLSVOF_LS_NATIVE,7,128,5000,1.9479603535224503,0.024851608881778831,-0.40234375,-0.06640625,189.37209270857895,1.0053945560407012,-2.4497927635111423,-2.4918663547987308,-2.4922237269316057,-0.042073591287588474,-0.042430963420463375,-2.5
CLSVOF_LS_NATIVE,7,128,5000,1.9479603535224503,0.024851608881778831,-0.40234375,-0.05859375,188.28579702395356,0.85188567237936008,-2.4632848531615865,-2.4974449002042514,-2.4984644438515664,-0.034160047042664843,-0.035179590689979889,-2.5
CLSVOF_LS_NATIVE,7,128,5000,1.9479603535224503,0.024851608881778831,-0.40234375,-0.05078125,187.19347005529536,0.71722116762865207,-2.4639751223142605,-2.5031309262338937,-2.5015204352353568,-0.039155803919633136,-0.037545312921096308,-2.5
CLSVOF_LS_NATIVE,7,128,5000,1.9479603535224503,0.024851608881778831,-0.40234375,-0.04296875,186.09586154459566,0.60150320555209447,-2.4723710611620344,-2.5035826756132269,-2.5016951545471029,-0.031211614451192471,-0.029324093385068473,-2.5
CLSVOF_LS_NATIVE,7,128,5000,1.9479603535224503,0.024851608881778831,-0.40234375,-0.03515625,184.99374398582324,0.50488207293938248,-2.4732464088355472,-2.5027106868217954,-2.5013362830943855,-0.029464277986248177,-0.028089874258838243,-2.5
CLSVOF_LS_NATIVE,7,128,5000,1.9479603535224503,0.024851608881778831,-0.40234375,-0.02734375,183.8879095608329,0.42743802380549401,-2.4811064756936103,-2.5030126649036148,-2.5018868867071298,-0.021906189210004534,-0.020780411013519462,-2.5
CLSVOF_LS_NATIVE,7,128,5000,1.9479603535224503,0.024851608881778831,-0.40234375,-0.01953125,182.77916686407187,0.36929015614518246,-2.4821903824665799,-2.5027889958487348,-2.5020054209516331,-0.020598613382154962,-0.019815038485053282,-2.5
CLSVOF_LS_NATIVE,7,128,5000,1.9479603535224503,0.024851608881778831,-0.40234375,-0.01171875,181.6683374482931,0.33048863397221784,-2.4839699503807671,-2.5017440772799358,-2.5012032037046326,-0.017774126899168685,-0.017233253323865494,-2.5
CLSVOF_LS_NATIVE,7,128,5000,1.9479603535224503,0.024851608881778831,-0.40234375,-0.00390625,180.55625222708048,0.31107661497504302,-2.4849740524120687,-2.5011164721486585,-2.5013996336045903,-0.016142419736589808,-0.016425581192521577,-2.5
CLSVOF_LS_NATIVE,7,128,5000,1.9479603535224503,0.024851608881778831,-0.40234375,0.00390625,179.44374777291952,0.31107661558055821,-2.4849740527866584,-2.5011259797256598,-2.5013996340123219,-0.01615192693900136,-0.01642558122566351,-2.5
CLSVOF_LS_NATIVE,7,128,5000,1.9479603535224503,0.024851608881778831,-0.40234375,0.01171875,178.3316625517069,0.33048863579122739,-2.4839699514713574,-2.5022202959284758,-2.501203204820504,-0.018250344457118484,-0.017233253349146604,-2.5
CLSVOF_LS_NATIVE,7,128,5000,1.9479603535224503,0.024851608881778831,-0.40234375,0.01953125,177.22083313592813,0.36929015918481306,-2.4821903840791109,-2.5012253395460387,-2.5020054225469952,-0.019034955466927794,-0.019815038467884349,-2.5
CLSVOF_LS_NATIVE,7,128,5000,1.9479603535224503,0.024851608881778831,-0.40234375,0.02734375,176.1120904391671,0.42743802807599235,-2.4811064771283911,-2.5013734021728595,-2.5018868890809203,-0.020266925044468476,-0.020780411952529221,-2.5
CLSVOF_LS_NATIVE,7,128,5000,1.9479603535224503,0.024851608881778831,-0.40234375,0.03515625,175.00625601417676,0.50488207844779243,-2.4732464128344462,-2.5011216369745508,-2.5013362863449498,-0.027875224140104571,-0.028089873510503516,-2.5
CLSVOF_LS_NATIVE,7,128,5000,1.9479603535224503,0.024851608881778831,-0.40234375,0.04296875,173.90413845540434,0.60150321232510962,-2.4723710633431737,-2.5021014009832561,-2.5016951575335376,-0.029730337640082372,-0.029324094190363859,-2.5
CLSVOF_LS_NATIVE,7,128,5000,1.9479603535224503,0.024851608881778831,-0.40234375,0.05078125,172.80652994470464,0.71722117567909238,-2.4639751241956032,-2.5015314315573915,-2.5015204385094538,-0.037556307361788388,-0.037545314313850664,-2.5
CLSVOF_LS_NATIVE,7,128,5000,1.9479603535224503,0.024851608881778831,-0.40234375,0.05859375,171.71420297604644,0.85188568171455914,-2.4632848581181035,-2.4983593426733171,-2.4984644473535655,-0.035074484555213559,-0.03517958923546205,-2.5
CLSVOF_LS_NATIVE,7,128,5000,1.9479603535224503,0.024851608881778831,-0.40234375,0.06640625,170.62790729142105,1.0053945666911928,-2.4497927657383132,-2.4950389428022461,-2.492223730242948,-0.045246177063932969,-0.042430964504634794,-2.5
CLSVOF_LS_NATIVE,7,128,5000,1.9479603535224503,0.024851608881778831,-0.40234375,0.07421875,169.54836705601147,1.1775352549032874,-2.4393042292950167,-2.493380432188248,-2.4922430898460251,-0.05407620289323134,-0.052938860551008382,-2.5
CLSVOF_LS_NATIVE,7,128,5000,1.9479603535224503,0.024851608881778831,-0.40234375,0.08203125,168.47627829610286,1.3681010074571891,-2.4513015647242886,-2.4858981525080637,-2.486493564253534,-0.034596587783775057,-0.035191999529245344,-2.5
CLSVOF_LS_NATIVE,7,128,5000,1.9479603535224503,0.024851608881778831,-0.40234375,0.08984375,167.41230661835138,1.577065211495196,-2.4047944866040694,-2.4740767481381489,-2.4760636341421511,-0.06928226153407957,-0.071269147538081778,-2.5
CLSVOF_LS_NATIVE,7,128,5000,1.9479603535224503,0.024851608881778831,-0.40234375,0.09765625,166.35708522401009,1.8039201651199033,-2.4252467979370085,-2.4715042800309863,-2.474121659447301,-0.046257482093977842,-0.048874861510292522,-2.5
CLSVOF_LS_NATIVE,7,128,5000,1.9479603535224503,0.024851608881778831,-0.39453125,-0.12890625,198.093906544063,1.9358835044678238,-2.4155147579828631,-2.4805221045670423,-2.47104969150719,-0.065007346584179171,-0.055534933524326924,-2.5
CLSVOF_LS_NATIVE,7,128,5000,1.9479603535224503,0.024851608881778831,-0.39453125,-0.12109375,197.06285717346123,1.6338830696965723,-2.4137851047934529,-2.4849011262888081,-2.4762541608506199,-0.071116021495355231,-0.062469056057167016,-2.5
CLSVOF_LS_NATIVE,7,128,5000,1.9479603535224503,0.024851608881778831,-0.39453125,-0.11328125,196.02029230207103,1.3491140859125554,-2.4388178892555632,-2.492029563297927,-2.4838281895817329,-0.053211674042363821,-0.045010300326169705,-2.5
CLSVOF_LS_NATIVE,7,128,5000,1.9479603535224503,0.024851608881778831,-0.39453125,-0.10546875,194.96671956400471,1.0819629141350355,-2.4436592241903234,-2.4985961440850777,-2.4940043145856534,-0.054936919894754244,-0.050345090395329972,-2.5
CLSVOF_LS_NATIVE,7,128,5000,1.9479603535224503,0.024851608881778831,-0.39453125,-0.09765625,193.90268711422041,0.8326235843353853,-2.4787268255370813,-2.5012150859011637,-2.5017736974193236,-0.022488260364082358,-0.023046871882242304,-2.5
CLSVOF_LS_NATIVE,7,128,5000,1.9479603535224503,0.024851608881778831,-0.39453125,-0.08984375,192.82878287145522,0.60152805349298333,-2.456771253502374,-2.5033082607609156,-2.500187373754502,-0.046537007258541596,-0.043416120252127932,-2.5
CLSVOF_LS_NATIVE,7,128,5000,1.9479603535224503,0.024851608881778831,-0.39453125,-0.08203125,191.74563342528776,0.3886736190508146,-2.4853716134815729,-2.502035138851741,-2.4998320461615502,-0.016663525370168131,-0.01446043267997732,-2.5
CLSVOF_LS_NATIVE,7,128,5000,1.9479603535224503,0.024851608881778831,-0.39453125,-0.07421875,190.65390259993831,0.19444451922733863,-2.490375796972558,-2.4984023827265371,-2.4986048389323843,-0.0080265857539791874,-0.008229041959826322,-2.5
CLSVOF_LS_NATIVE,7,128,5000,1.9479603535224503,0.024851608881778831,-0.39453125,-0.06640625,189.55428967240158,0.018999364630723325,-2.4986095852727814,-2.4990697758151423,-2.4984542003302179,-0.0004601905423609054,0.00015538494256350788,-2.5
CLSVOF_LS_NATIVE,7,128,5000,1.9479603535224503,0.024851608881778831,-0.39453125,-0.05859375,188.44752724790828,0.13746512726763316,-2.5068985833099404,-2.5000224249267897,-2.4992425389522386,0.0068761583831506989,0.0076560443577018411,-2.5
CLSVOF_LS_NATIVE,7,128,5000,1.9479603535224503,0.024851608881778831,-0.39453125,-0.05078125,187.33437880141651,0.27476855248359133,-2.5152602414998562,-2.5033520719975351,-2.5018913179208706,0.011908169502321098,0.013368923578985559,-2.5
CLSVOF_LS_NATIVE,7,128,5000,1.9479603535224503,0.024851608881778831,-0.39453125,-0.04296875,186.21563589970248,0.39274317044533325,-2.5190866497993047,-2.5005325759324579,-2.5008534500067445,0.018554073866846821,0.018233199792560217,-2.5
CLSVOF_LS_NATIVE,7,128,5000,1.9479603535224503,0.024851608881778831,-0.39453125,-0.03515625,185.09211512449878,0.49126911685272473,-2.5263947559105344,-2.5000384613122892,-2.5006173901773945,0.026356294598245178,0.025777365733139934,-2.5
CLSVOF_LS_NATIVE,7,128,5000,1.9479603535224503,0.024851608881778831,-0.39453125,-0.02734375,183.96465472285595,0.57021156448061561,-2.5266333020100924,-2.4993267245861484,-2.5005035349677853,0.027306577423944045,0.026129767042307073,-2.5
CLSVOF_LS_NATIVE,7,128,5000,1.9479603535224503,0.024851608881778831,-0.39453125,-0.01953125,182.83411101630631,0.62950783509913144,-2.5311225769245334,-2.4993046898749585,-2.5009262025656707,0.031817887049574889,0.030196374358862688,-2.5
CLSVOF_LS_NATIVE,7,128,5000,1.9479603535224503,0.024851608881778831,-0.39453125,-0.01171875,181.70135460532595,0.66907821623315333,-2.5332540383533719,-2.4996689976022126,-2.5016212208887678,0.033585040751159312,0.031632817464604113,-2.5
CLSVOF_LS_NATIVE,7,128,5000,1.9479603535224503,0.024851608881778831,-0.39453125,-0.00390625,180.56726640985772,0.68887508791364882,-2.5342494651131582,-2.4997279007122093,-2.5018169611030752,0.03452156440094889,0.032432504010083019,-2.5
CLSVOF_LS_NATIVE,7,128,5000,1.9479603535224503,0.024851608881778831,-0.39453125,0.00390625,179.43273359014228,0.68887508729606817,-2.5342494655065901,-2.4996759530712294,-2.5018169614984469,0.034573512435360776,0.032432504008143237,-2.5
CLSVOF_LS_NATIVE,7,128,5000,1.9479603535224503,0.024851608881778831,-0.39453125,0.01171875,178.29864539467405,0.66907821437782766,-2.5332540394713017,-2.4995201767120374,-2.5016212220411993,0.033733862759264266,0.031632817430102378,-2.5
CLSVOF_LS_NATIVE,7,128,5000,1.9479603535224503,0.024851608881778831,-0.39453125,0.01953125,177.16588898369369,0.62950783199879767,-2.5311225787015541,-2.4991165934736013,-2.500926204481007,0.032005985227952838,0.030196374220547106,-2.5
CLSVOF_LS_NATIVE,7,128,5000,1.9479603535224503,0.024851608881778831,-0.39453125,0.02734375,176.03534527714405,0.5702115601238974,-2.526633304851174,-2.4990833529888796,-2.5005035373028295,0.027549951862294364,0.026129767548344507,-2.5
CLSVOF_LS_NATIVE,7,128,5000,1.9479603535224503,0.024851608881778831,-0.39453125,0.03515625,174.90788487550122,0.49126911122153955,-2.526394757256591,-2.4996277846992783,-2.5006173927619963,0.026766972557312751,0.025777364494594668,-2.5
CLSVOF_LS_NATIVE,7,128,5000,1.9479603535224503,0.024851608881778831,-0.39453125,0.04296875,173.78436410029752,0.39274316353399419,-2.5190866535557368,-2.4992935312330435,-2.5008534533802083,0.019793122322693257,0.018233200175528541,-2.5
CLSVOF_LS_NATIVE,7,128,5000,1.9479603535224503,0.024851608881778831,-0.39453125,0.05078125,172.66562119858349,0.27476854426762193,-2.515260244976111,-2.5024397019464542,-2.5018913213060308,0.01282054302965685,0.013368923670080246,-2.5
CLSVOF_LS_NATIVE,7,128,5000,1.9479603535224503,0.024851608881778831,-0.39453125,0.05859375,171.55247275209172,0.13746511772756301,-2.5068985859566273,-2.4987344890087391,-2.4992425416669528,0.0081640969478882219,0.0076560442896744796,-2.5
CLSVOF_LS_NATIVE,7,128,5000,1.9479603535224503,0.024851608881778831,-0.39453125,0.06640625,170.44571032759842,0.018999375507533833,-2.498609588024209,-2.4980102129016655,-2.4984542032426771,0.00059937512254348846,0.0001553847815318754,-2.5
CLSVOF_LS_NATIVE,7,128,5000,1.9479603535224503,0.024851608881778831,-0.39453125,0.07421875,169.34609740006169,0.1944445314539168,-2.4903758002336467,-2.4984585717205468,-2.498604842658672,-0.0080827714869000644,-0.0082290424250253125,-2.5
CLSVOF_LS_NATIVE,7,128,5000,1.9479603535224503,0.024851608881778831,-0.39453125,0.08203125,168.25436657471224,0.38867363264151206,-2.4853716167955682,-2.4992743334056478,-2.4998320498914666,-0.01390271661007958,-0.014460433095898395,-2.5
CLSVOF_LS_NATIVE,7,128,5000,1.9479603535224503,0.024851608881778831,-0.39453125,0.08984375,167.17121712854478,0.6015280684621499,-2.4567712557906582,-2.4998008744806142,-2.5001873774287708,-0.043029618689955917,-0.043416121638112593,-2.5
CLSVOF_LS_NATIVE,7,128,5000,1.9479603535224503,0.024851608881778831,-0.39453125,0.09765625,166.09731288577959,0.83262360068759145,-2.4787268295903346,-2.4995489682673595,-2.5017737005640273,-0.020822138677024871,-0.023046870973692624,-2.5
CLSVOF_LS_NATIVE,7,128,5000,1.9479603535224503,0.024851608881778831,-0.39453125,0.10546875,165.03328043599529,1.0819629318871211,-2.4436592264593524,-2.4962558360419385,-2.4940043174681774,-0.052596609582586051,-0.050345091008825005,-2.5
CLSVOF_LS_NATIVE,7,128,5000,1.9479603535224503,0.024851608881778831,-0.39453125,0.11328125,163.97970769792897,1.3491141050669639,-2.4388178897163746,-2.4831659553588539,-2.4838281925726045,-0.044348065642479284,-0.045010302856229867,-2.5
CLSVOF_LS_NATIVE,7,128,5000,1.9479603535224503,0.024851608881778831,-0.39453125,0.12109375,162.93714282653877,1.6338830902400023,-2.4137851103226091,-2.4736096719833878,-2.4762541641970097,-0.059824561660778652,-0.062469053874400604,-2.5
CLSVOF_LS_NATIVE,7,128,5000,1.9479603535224503,0.024851608881778831,-0.39453125,0.12890625,161.906093455937,1.9358835264294116,-2.4155147563693453,-2.4677864733582151,-2.4710496944525202,-0.052271716988869787,-0.05553493808317489,-2.5
CLSVOF_LS_NATIVE,7,128,5000,1.9479603535224503,0.024851608881778831,-0.38671875,-0.14453125,200.49259476987012,1.6527862671167728,-2.4176980232473535,-2.4885422703034616,-2.479067111952268,-0.070844247056108145,-0.061369088704914532,-2.5
CLSVOF_LS_NATIVE,7,128,5000,1.9479603535224503,0.024851608881778831,-0.38671875,-0.13671875,199.47030200946679,1.3110740602349509,-2.4295462073369096,-2.491661605052867,-2.483180229640475,-0.062115397715957421,-0.053634022303565398,-2.5
CLSVOF_LS_NATIVE,7,128,5000,1.9479603535224503,0.024851608881778831,-0.38671875,-0.12890625,198.43494882292185,0.986242209952508,-2.4568311390192625,-2.4956066427187071,-2.4942854676431594,-0.038775503699444602,-0.03745432862389686,-2.5
CLSVOF_LS_NATIVE,7,128,5000,1.9479603535224503,0.024851608881778831,-0.38671875,-0.12109375,197.38697217691538,0.67868432831645498,-2.4705168874982215,-2.5062016092837962,-2.5008530126089825,-0.035684721785574691,-0.030336125110761003,-2.5
CLSVOF_LS_NATIVE,7,128,5000,1.9479603535224503,0.024851608881778831,-0.38671875,-0.11328125,196.32685351056483,0.38870588029708042,-2.4790425851745068,-2.5038969286220345,-2.499162724782555,-0.024854343447527683,-0.020120139608048149,-2.5
CLSVOF_LS_NATIVE,7,128,5000,1.9479603535224503,0.024851608881778831,-0.38671875,-0.10546875,195.2551187030576,0.11656930301987656,-2.4905630823219638,-2.496436975464325,-2.4964737306505018,-0.0058738931423611973,-0.0059106483285380484,-2.5
CLSVOF_LS_NATIVE,7,128,5000,1.9479603535224503,0.024851608881778831,-0.38671875,-0.09765625,194.17233770013181,0.1374446056460206,-2.5038769267164409,-2.4997703852765829,-2.4992317609472137,0.0041065414398580025,0.0046451657692272441,-2.5
CLSVOF_LS_NATIVE,7,128,5000,1.9479603535224503,0.024851608881778831,-0.38671875,-0.08984375,193.07912378006662,0.37307409036104477,-2.529664960625944,-2.5027582025827444,-2.5031052101455531,0.026906758043199641,0.026559750480390942,-2.5
CLSVOF_LS_NATIVE,7,128,5000,1.9479603535224503,0.024851608881778831,-0.38671875,-0.08203125,191.97613244420319,0.5899473414622034,-2.5229893178892535,-2.4982129828329058,-2.4995034913611125,0.024776335056347687,0.023485826528141018,-2.5
CLSVOF_LS_NATIVE,7,128,5000,1.9479603535224503,0.024851608881778831,-0.38671875,-0.07421875,190.86405992208753,0.78794978071621113,-2.5355782678254286,-2.5031367422987607,-2.5047863142094391,0.032441525526667903,0.03079195361598952,-2.5
CLSVOF_LS_NATIVE,7,128,5000,1.9479603535224503,0.024851608881778831,-0.38671875,-0.06640625,189.74364128703698,0.96685191738999343,-2.5511019616511215,-2.5147758894279804,-2.5107541786824279,0.036326072223141104,0.040347782968693569,-2.5
CLSVOF_LS_NATIVE,7,128,5000,1.9479603535224503,0.024851608881778831,-0.38671875,-0.05859375,188.61564818416394,1.1263982952955143,-2.5559546784720211,-2.5020042833253862,-2.5012687220514391,0.053950395146634911,0.054685956420581938,-2.5
CLSVOF_LS_NATIVE,7,128,5000,1.9479603535224503,0.024851608881778831,-0.38671875,-0.05078125,187.48088617952351,1.2664264202148308,-2.5653819205462312,-2.5042889756040259,-2.5026671703491745,0.061092944942205296,0.062714750197056635,-2.5
CLSVOF_LS_NATIVE,7,128,5000,1.9479603535224503,0.024851608881778831,-0.38671875,-0.04296875,186.34019174590972,1.3867529860913417,-2.5687808201715221,-2.5060987231947771,-2.5048705241002276,0.062682096976744983,0.063910296071294503,-2.5
CLSVOF_LS_NATIVE,7,128,5000,1.9479603535224503,0.024851608881778831,-0.38671875,-0.03515625,185.19442890773462,1.4872571353582718,-2.5801327916751093,-2.5070525817460054,-2.50850513981832,0.073080209929103912,0.071627651856789321,-2.5
CLSVOF_LS_NATIVE,7,128,5000,1.9479603535224503,0.024851608881778831,-0.38671875,-0.02734375,184.0444855741809,1.5677685435498183,-2.5756782588039702,-2.5014842390121439,-2.5096266736357995,0.074194019791826271,0.066051585168170668,-2.5
CLSVOF_LS_NATIVE,7,128,5000,1.9479603535224503,0.024851608881778831,-0.38671875,-0.01953125,182.89126959622038,1.6282573452680189,-2.5817459680509707,-2.4975828419850137,-2.5110590905000949,0.084163126065956995,0.070686877550875771,-2.5
CLSVOF_LS_NATIVE,7,128,5000,1.9479603535224503,0.024851608881778831,-0.38671875,-0.01171875,181.73570458892823,1.6686276836706515,-2.584546989122106,-2.4989658242231707,-2.5136496412567242,0.085581164898935302,0.070897347865381821,-2.5
CLSVOF_LS_NATIVE,7,128,5000,1.9479603535224503,0.024851608881778831,-0.38671875,-0.00390625,180.57872556560758,1.68882485365324,-2.5855022220939379,-2.5009987321220564,-2.5146107939900579,0.084503489971881507,0.070891428103879939,-2.5
CLSVOF_LS_NATIVE,7,128,5000,1.9479603535224503,0.024851608881778831,-0.38671875,0.00390625,179.42127443439242,1.6888248530231154,-2.5855022224995392,-2.5018705201857085,-2.5146107943631724,0.083631702313830658,0.070891428136366841,-2.5
CLSVOF_LS_NATIVE,7,128,5000,1.9479603535224503,0.024851608881778831,-0.38671875,0.01171875,178.26429541107177,1.6686276817776255,-2.5845469902672304,-2.5015761463793047,-2.5136496423775831,0.082970843887925749,0.0708973478896473,-2.5
CLSVOF_LS_NATIVE,7,128,5000,1.9479603535224503,0.024851608881778831,-0.38671875,0.01953125,177.10873040377962,1.6282573421046973,-2.5817459700893823,-2.4980528415744585,-2.5110590925456098,0.083693128514923831,0.070686877543772564,-2.5
CLSVOF_LS_NATIVE,7,128,5000,1.9479603535224503,0.024851608881778831,-0.38671875,0.02734375,175.9555144258191,1.5677685391029368,-2.5756782622906811,-2.4941857287765097,-2.5096266758624886,0.081492533514171406,0.066051586428192532,-2.5
CLSVOF_LS_NATIVE,7,128,5000,1.9479603535224503,0.024851608881778831,-0.38671875,0.03515625,174.80557109226538,1.4872571296045294,-2.5801327917658514,-2.4899959804272429,-2.5085051419617024,0.090136811338608513,0.071627649804149041,-2.5
CLSVOF_LS_NATIVE,7,128,5000,1.9479603535224503,0.024851608881778831,-0.38671875,0.04296875,173.65980825409028,1.3867529790351993,-2.5687808249087785,-2.4849865839874372,-2.5048705273318346,0.083794240921341245,0.063910297576943886,-2.5
CLSVOF_LS_NATIVE,7,128,5000,1.9479603535224503,0.024851608881778831,-0.38671875,0.05078125,172.51911382047649,1.266426411825192,-2.5653819239240163,-2.4870955705701046,-2.5026671738641495,0.078286353353911764,0.062714750059866819,-2.5
CLSVOF_LS_NATIVE,7,128,5000,1.9479603535224503,0.024851608881778831,-0.38671875,0.05859375,171.38435181583606,1.1263982855532435,-2.5559546805999287,-2.4923832877065788,-2.5012687252059078,0.063571392893349898,0.05468595539402088,-2.5
CLSVOF_LS_NATIVE,7,128,5000,1.9479603535224503,0.024851608881778831,-0.38671875,0.06640625,170.25635871296302,0.96685190628686069,-2.5511019662206498,-2.5082991965418642,-2.5107541838730265,0.042802769678785602,0.040347782347623262,-2.5
CLSVOF_LS_NATIVE,7,128,5000,1.9479603535224503,0.024851608881778831,-0.38671875,0.07421875,169.13594007791247,0.78794976822672169,-2.5355782704782039,-2.5051265679568648,-2.5047863165564714,0.030451702521339108,0.030791953921732507,-2.5
CLSVOF_LS_NATIVE,7,128,5000,1.9479603535224503,0.024851608881778831,-0.38671875,0.08203125,168.02386755579681,0.58994732757794488,-2.5229893210136849,-2.4965557723256699,-2.4995034948907415,0.026433548688014952,0.023485826122943365,-2.5
CLSVOF_LS_NATIVE,7,128,5000,1.9479603535224503,0.024851608881778831,-0.38671875,0.08984375,166.92087621993338,0.37307407507008011,-2.5296649638978232,-2.5000257659903165,-2.5031052143492603,0.029639197907506798,0.026559749548562994,-2.5
CLSVOF_LS_NATIVE,7,128,5000,1.9479603535224503,0.024851608881778831,-0.38671875,0.09765625,165.82766229986819,0.13744458893709244,-2.5038769300699375,-2.4961701466888129,-2.4992317632568994,0.0077067833811246267,0.0046451668130380597,-2.5
CLSVOF_LS_NATIVE,7,128,5000,1.9479603535224503,0.024851608881778831,-0.38671875,0.10546875,164.7448812969424,0.11656932115817518,-2.4905630843791502,-2.4963458201565119,-2.4964737339591467,-0.0057827357773616583,-0.0059106495799965408,-2.5
CLSVOF_LS_NATIVE,7,128,5000,1.9479603535224503,0.024851608881778831,-0.38671875,0.11328125,163.67314648943517,0.38870589986519422,-2.4790425858349701,-2.4974360207626143,-2.4991627288614078,-0.018393434927644225,-0.02012014302643772,-2.5
CLSVOF_LS_NATIVE,7,128,5000,1.9479603535224503,0.024851608881778831,-0.38671875,0.12109375,162.61302782308462,0.67868434929619248,-2.4705168966586712,-2.4984640704208312,-2.5008530167382497,-0.027947173762159938,-0.030336120079578421,-2.5
CLSVOF_LS_NATIVE,7,128,5000,1.9479603535224503,0.024851608881778831,-0.38671875,0.12890625,161.56505117707815,0.98624223239529807,-2.4568311350014214,-2.4938970685639652,-2.4942854703910453,-0.03706593356254384,-0.037454335389623949,-2.5
CLSVOF_LS_NATIVE,7,128,5000,1.9479603535224503,0.024851608881778831,-0.38671875,0.13671875,160.52969799053321,1.3110740840845938,-2.4295462137132637,-2.4822455485310564,-2.4831802327361294,-0.052699334817792653,-0.053634019022865687,-2.5
CLSVOF_LS_NATIVE,7,128,5000,1.9479603535224503,0.024851608881778831,-0.38671875,0.14453125,159.50740523012988,1.6527862924085908,-2.417698023283485,-2.4767773261720145,-2.4790671173979879,-0.059079302888529472,-0.061369094114502865,-2.5
CLSVOF_LS_NATIVE,7,128,5000,1.9479603535224503,0.024851608881778831,-0.37890625,-0.16796875,203.90766049417235,1.8605471806472362,-2.4166542079347839,-2.4792490745738993,-2.4692841846650007,-0.062594866639115398,-0.052629976730216743,-2.5
CLSVOF_LS_NATIVE,7,128,5000,1.9479603535224503,0.024851608881778831,-0.37890625,-0.16015625,202.91282839677149,1.4632190791194633,-2.4203751356245666,-2.4901271982038669,-2.4811942161321419,-0.069752062579300222,-0.060819080507575229,-2.5
CLSVOF_LS_NATIVE,7,128,5000,1.9479603535224503,0.024851608881778831,-0.37890625,-0.15234375,201.90317808183897,1.0819299087096876,-2.4542087268913058,-2.5001827246839401,-2.4957908120065957,-0.045973997792634336,-0.041582085115289935,-2.5
CLSVOF_LS_NATIVE,7,128,5000,1.9479603535224503,0.024851608881778831,-0.37890625,-0.14453125,200.87901688055726,0.71715568731683532,-2.4852658604753679,-2.5128795905762997,-2.5059971236039313,-0.027613730100931821,-0.020731263128563437,-2.5
CLSVOF_LS_NATIVE,7,128,5000,1.9479603535224503,0.024851608881778831,-0.37890625,-0.13671875,199.84069808396819,0.3693224787264105,-2.4697901117438512,-2.5066586907545303,-2.4991995281053105,-0.036868579010679081,-0.029409416361459328,-2.5
CLSVOF_LS_NATIVE,7,128,5000,1.9479603535224503,0.024851608881778831,-0.37890625,-0.12890625,198.78862198216831,0.038536269904273619,-2.4973863266381575,-2.4997181762161151,-2.4967894448106689,-0.0023318495779576232,0.00059688182748862673,-2.5
CLSVOF_LS_NATIVE,7,128,5000,1.9479603535224503,0.024851608881778831,-0.37890625,-0.12109375,197.72323661688614,0.27475299372886863,-2.5153195626170182,-2.5033996251999522,-2.5014590739089551,0.011919937417065984,0.013860488708063112,-2.5
CLSVOF_LS_NATIVE,7,128,5000,1.9479603535224503,0.024851608881778831,-0.37890625,-0.11328125,196.64503821467579,0.57021174368675365,-2.5262410813628131,-2.5021683268649375,-2.5020792683982758,0.024072754497875604,0.024161812964537344,-2.5
CLSVOF_LS_NATIVE,7,128,5000,1.9479603535224503,0.024851608881778831,-0.37890625,-0.10546875,195.55457127007421,0.84755913906684865,-2.5490777039203074,-2.5109870031242947,-2.512682176917012,0.038090700796012733,0.036395527003295403,-2.5
CLSVOF_LS_NATIVE,7,128,5000,1.9479603535224503,0.024851608881778831,-0.37890625,-0.09765625,194.45242825109281,1.1064121530753175,-2.5440888302745996,-2.4988422957192169,-2.4990154870454271,0.045246534555382745,0.045073343229172558,-2.5
CLSVOF_LS_NATIVE,7,128,5000,1.9479603535224503,0.024851608881778831,-0.37890625,-0.08984375,193.33924890336323,1.346632401968362,-2.5837139129769091,-2.507630911803405,-2.5053329265888484,0.076083001173504083,0.078380986388060681,-2.5
CLSVOF_LS_NATIVE,7,128,5000,1.9479603535224503,0.024851608881778831,-0.37890625,-0.08203125,192.21571913413069,1.5677288909024021,-2.5719485209969313,-2.5063959542267726,-2.5045573950354107,0.065552566770158638,0.067391125961520526,-2.5
CLSVOF_LS_NATIVE,7,128,5000,1.9479603535224503,0.024851608881778831,-0.37890625,-0.07421875,191.08256946302944,1.7696334559122129,-2.5823040729178106,-2.5013862821270267,-2.5069442407292071,0.080917790790783872,0.075359832188603537,-2.5
CLSVOF_LS_NATIVE,7,128,5000,1.9479603535224503,0.024851608881778831,-0.37890625,-0.06640625,189.94057303311288,1.9521123163605043,-2.601664196600193,-2.5071619535299794,-2.5176782434747054,0.094502243070213598,0.083985953125487622,-2.5
CLSVOF_LS_NATIVE,7,128,5000,1.9479603535224503,0.024851608881778831,-0.37890625,0.06640625,170.05942696688712,1.9521123050152243,-2.6016642011826154,-2.5003970707736349,-2.5176782469095151,0.1012671304089805,0.083985954273100294,-2.5
CLSVOF_LS_NATIVE,7,128,5000,1.9479603535224503,0.024851608881778831,-0.37890625,0.07421875,168.91743053697056,1.7696334431483889,-2.5823040755144504,-2.4853629370144654,-2.5069442441215957,0.09694113849998498,0.075359831392854737,-2.5
CLSVOF_LS_NATIVE,7,128,5000,1.9479603535224503,0.024851608881778831,-0.37890625,0.08203125,167.78428086586931,1.5677288767121071,-2.5719485243327935,-2.4782527090643924,-2.5045573984241045,0.093695815268401095,0.067391125908689009,-2.5
CLSVOF_LS_NATIVE,7,128,5000,1.9479603535224503,0.024851608881778831,-0.37890625,0.08984375,166.66075109663677,1.3466323863391614,-2.5837139162606726,-2.4892434136277011,-2.5053329301238074,0.09447050263297152,0.078380986136865172,-2.5
CLSVOF_LS_NATIVE,7,128,5000,1.9479603535224503,0.024851608881778831,-0.37890625,0.09765625,165.54757174890719,1.106412135996284,-2.5440888330678151,-2.4902189315244465,-2.4990154904136026,0.05386990154336857,0.045073342654212478,-2.5
CLSVOF_LS_NATIVE,7,128,5000,1.9479603535224503,0.024851608881778831,-0.37890625,0.10546875,164.44542872992579,0.84755912053168869,-2.5490777071544568,-2.5109417705020665,-2.5126821786588152,0.038135936652390345,0.036395528495641649,-2.5
CLSVOF_LS_NATIVE,7,128,5000,1.9479603535224503,0.024851608881778831,-0.37890625,0.11328125,163.35496178532421,0.57021172368742179,-2.5262410860694584,-2.4975848808063219,-2.5020792721940284,0.028656205263136503,0.024161813875430038,-2.5
CLSVOF_LS_NATIVE,7,128,5000,1.9479603535224503,0.024851608881778831,-0.37890625,0.12109375,162.27676338311386,0.27475297225070688,-2.5153195623149438,-2.4980281131947151,-2.5014590756917454,0.01729144912022873,0.013860486623198387,-2.5
CLSVOF_LS_NATIVE,7,128,5000,1.9479603535224503,0.024851608881778831,-0.37890625,0.12890625,161.21137801783169,0.038536292843018967,-2.4973863284240334,-2.4948231273785106,-2.4967894487726032,0.0025632010455227672,0.00059687965143018218,-2.5
CLSVOF_LS_NATIVE,7,128,5000,1.9479603535224503,0.024851608881778831,-0.37890625,0.13671875,160.15930191603181,0.36932250311947318,-2.4697901157670064,-2.4963806344712598,-2.4991995324632494,-0.026590518704253441,-0.029409416696243085,-2.5
CLSVOF_LS_NATIVE,7,128,5000,1.9479603535224503,0.024851608881778831,-0.37890625,0.14453125,159.12098311944274,0.71715571316950022,-2.4852658639791634,-2.5007931184293621,-2.5059971301865342,-0.015527254450198757,-0.020731266207370869,-2.5
CLSVOF_LS_NATIVE,7,128,5000,1.9479603535224503,0.024851608881778831,-0.37890625,0.15234375,158.09682191816103,1.0819299360252221,-2.4542087344078203,-2.4967253413227031,-2.495790813874085,-0.042516606914882793,-0.041582079466264688,-2.5
CLSVOF_LS_NATIVE,7,128,5000,1.9479603535224503,0.024851608881778831,-0.37890625,0.16015625,157.08717160322851,1.4632191079555783,-2.4203751183099049,-2.4801138411007293,-2.4811942188378615,-0.059738722790824372,-0.060819100527956582,-2.5
CLSVOF_LS_NATIVE,7,128,5000,1.9479603535224503,0.024851608881778831,-0.37890625,0.16796875,156.09233950582765,1.860547210838545,-2.4166542352355775,-2.467671739127943,-2.469284191739916,-0.051017503892365479,-0.052629956504338438,-2.5
CLSVOF_LS_NATIVE,7,128,5000,1.9479603535224503,0.024851608881778831,-0.37109375,-0.18359375,206.32329826780975,1.8039453729219321,-2.4358292216133841,-2.4860641145482729,-2.4762550510744323,-0.050234892934888808,-0.040425829461048224,-2.5
CLSVOF_LS_NATIVE,7,128,5000,1.9479603535224503,0.024851608881778831,-0.37109375,-0.17578125,205.34617594194654,1.3681801683464048,-2.4301966753248729,-2.4980244749397675,-2.4894906146178668,-0.067827799614894602,-0.059293939292993869,-2.5
CLSVOF_LS_NATIVE,7,128,5000,1.9479603535224503,0.024851608881778831,-0.37109375,-0.16796875,204.35300917502948,0.94790203836612053,-2.4567711287747915,-2.502976488834106,-2.4962255422661928,-0.046205360059314415,-0.039454413491401219,-2.5
CLSVOF_LS_NATIVE,7,128,5000,1.9479603535224503,0.024851608881778831,-0.37109375,-0.16015625,203.34401096157734,0.54356209991781934,-2.4773098900106363,-2.5102651631258599,-2.5005314228299329,-0.032955273115223616,-0.02322153281929662,-2.5
CLSVOF_LS_NATIVE,7,128,5000,1.9479603535224503,0.024851608881778831,-0.37109375,-0.15234375,202.31944039297491,0.15554693461434035,-2.4833805661126718,-2.5010919338759194,-2.4970147522998096,-0.017711367763247665,-0.013634186187137853,-2.5
CLSVOF_LS_NATIVE,7,128,5000,1.9479603535224503,0.024851608881778831,-0.37109375,-0.14453125,201.27960442769526,0.2158398133969146,-2.5065393145993453,-2.5046575710110632,-2.5006825741859862,0.001881743588282081,0.0058567404133591516,-2.5
CLSVOF_LS_NATIVE,7,128,5000,1.9479603535224503,0.024851608881778831,-0.37109375,-0.13671875,200.22485943116791,0.5702292755080236,-2.535589951589003,-2.5068687182914648,-2.5039616792760282,0.028721233297538173,0.031628272312974826,-2.5
CLSVOF_LS_NATIVE,7,128,5000,1.9479603535224503,0.024851608881778831,-0.37109375,-0.12890625,199.15561244543952,0.90717982782829276,-2.5444886553337058,-2.5210533608004795,-2.517903047196731,0.023435294533226347,0.026585608136974859,-2.5
CLSVOF_LS_NATIVE,7,128,5000,1.9479603535224503,0.024851608881778831,-0.37109375,-0.12109375,198.07232214895933,1.2263777842212824,-2.5593835158992952,-2.5014344555058181,-2.5016497096704575,0.057949060393477136,0.057733806228837725,-2.5
CLSVOF_LS_NATIVE,7,128,5000,1.9479603535224503,0.024851608881778831,-0.37109375,-0.11328125,196.97549946792958,1.5275075479435802,-2.5804129342127151,-2.5077915940383515,-2.5069149486880984,0.072621340174363613,0.073497985524616727,-2.5
CLSVOF_LS_NATIVE,7,128,5000,1.9479603535224503,0.024851608881778831,-0.37109375,-0.10546875,195.86570780277364,1.8101938302252354,-2.5950829229719408,-2.5086366374165534,-2.5099307291936013,0.086446285555387359,0.085152193778339491,-2.5
CLSVOF_LS_NATIVE,7,128,5000,1.9479603535224503,0.024851608881778831,-0.37109375,0.10546875,164.13429219722636,1.8101938112722984,-2.5950829262081752,-2.4757563134927789,-2.509930732877049,0.11932661271539624,0.085152193331126114,-2.5
CLSVOF_LS_NATIVE,7,128,5000,1.9479603535224503,0.024851608881778831,-0.37109375,0.11328125,163.02450053207042,1.5275075274941754,-2.5804129372271016,-2.4847041556466056,-2.5069149520338634,0.095708781580496005,0.073497985193238247,-2.5
CLSVOF_LS_NATIVE,7,128,5000,1.9479603535224503,0.024851608881778831,-0.37109375,0.12109375,161.92767785104067,1.2263777622685879,-2.559383515993626,-2.4878353438643099,-2.5016497129658992,0.071548172129316079,0.057733803027726793,-2.5
CLSVOF_LS_NATIVE,7,128,5000,1.9479603535224503,0.024851608881778831,-0.37109375,0.12890625,160.84438755456048,0.90717980439314816,-2.5444886631153487,-2.5155743062175491,-2.5179030531968758,0.028914356897799642,0.026585609918472919,-2.5
CLSVOF_LS_NATIVE,7,128,5000,1.9479603535224503,0.024851608881778831,-0.37109375,0.13671875,159.77514056883209,0.57022925055700091,-2.5355899517092708,-2.4987423446079822,-2.5039616829184772,0.036847607101288649,0.031628268790793612,-2.5
CLSVOF_LS_NATIVE,7,128,5000,1.9479603535224503,0.024851608881778831,-0.37109375,0.14453125,158.72039557230474,0.21583978695908798,-2.5065393182702267,-2.4963946198216189,-2.5006825778384796,0.01014469844860777,0.0058567404317471095,-2.5
CLSVOF_LS_NATIVE,7,128,5000,1.9479603535224503,0.024851608881778831,-0.37109375,0.15234375,157.68055960702509,0.15554696254862674,-2.4833805649257279,-2.4957792703592032,-2.4970147548802664,-0.012398705433475321,-0.013634189954538467,-2.5
CLSVOF_LS_NATIVE,7,128,5000,1.9479603535224503,0.024851608881778831,-0.37109375,0.16015625,156.65598903842266,0.54356212932483039,-2.4773098928974089,-2.4972534318863575,-2.5005314286194373,-0.019943538988948628,-0.023221535722028452,-2.5
CLSVOF_LS_NATIVE,7,128,5000,1.9479603535224503,0.024851608881778831,-0.37109375,0.16796875,155.64699082497052,0.94790206921584952,-2.4567711507517802,-2.4940701450585347,-2.4962255471499111,-0.03729899430675454,-0.039454396398130864,-2.5
CLSVOF_LS_NATIVE,7,128,5000,1.9479603535224503,0.024851608881778831,-0.37109375,0.17578125,154.65382405805346,1.3681802008042894,-2.4301966489057918,-2.4891758270005591,-2.489490614939617,-0.058979178094767271,-0.059293966033825196,-2.5
CLSVOF_LS_NATIVE,7,128,5000,1.9479603535224503,0.024851608881778831,-0.37109375,0.18359375,153.67670173219025,1.8039454067436542,-2.4358292464572804,-2.4756467693635971,-2.4762550569432888,-0.039817522906316682,-0.040425810486008462,-2.5
CLSVOF_LS_NATIVE,7,128,5000,1.9479603535224503,0.024851608881778831,-0.36328125,-0.19921875,208.73979529168787,1.8416719275041622,-2.4425654441583506,-2.4872128719166291,-2.4765973346482917,-0.044647427758278457,-0.034031890489941041,-2.5
CLSVOF_LS_NATIVE,7,128,5000,1.9479603535224503,0.024851608881778831,-0.36328125,-0.19140625,207.78392641220913,1.3682613845095792,-2.4045545502189989,-2.4913519226964871,-2.4827420794008153,-0.086797372477488199,-0.078187529181816373,-2.5
CLSVOF_LS_NATIVE,7,128,5000,1.9479603535224503,0.024851608881778831,-0.36328125,-0.18359375,206.81095430034853,0.90949807636635105,-2.4718830751756977,-2.506883371458879,-2.4977796467796907,-0.035000296283181243,-0.025896571603992946,-2.5
CLSVOF_LS_NATIVE,7,128,5000,1.9479603535224503,0.024851608881778831,-0.36328125,-0.17578125,205.8209919741891,0.46619286838560514,-2.4741138188749794,-2.5135065803124448,-2.5033379854168842,-0.039392761437465396,-0.02922416654190485,-2.5
CLSVOF_LS_NATIVE,7,128,5000,1.9479603535224503,0.024851608881778831,-0.36328125,-0.16796875,204.81419699053498,0.038533029922561531,-2.4969230618429528,-2.5041091917304725,-2.4982141095359562,-0.0071861298875197654,-0.0012910476930034775,-2.5
CLSVOF_LS_NATIVE,7,128,5000,1.9479603535224503,0.024851608881778831,-0.36328125,-0.16015625,203.79077386577703,0.37304860158417719,-2.5143144524787306,-2.5090914095914254,-2.5038942843309617,0.0052230428873052404,0.010420168147768916,-2.5
CLSVOF_LS_NATIVE,7,128,5000,1.9479603535224503,0.024851608881778831,-0.36328125,-0.15234375,202.75097634278748,0.76819424909224987,-2.5503123450640133,-2.5102301158842395,-2.5065795826653376,0.040082229179773776,0.043732762398675629,-2.5
CLSVOF_LS_NATIVE,7,128,5000,1.9479603535224503,0.024851608881778831,-0.36328125,-0.14453125,201.69510946079671,1.1463771148031079,-2.5463722882510673,-2.5014317671724489,-2.5025521154316381,0.044940521078618456,0.043820172819429182,-2.5
CLSVOF_LS_NATIVE,7,128,5000,1.9479603535224503,0.024851608881778831,-0.36328125,-0.13671875,200.62353138332506,1.5074079168647787,-2.5875353643954084,-2.5113266410551542,-2.5111469341333601,0.076208723340254192,0.076388430262048335,-2.5
CLSVOF_LS_NATIVE,7,128,5000,1.9479603535224503,0.024851608881778831,-0.36328125,-0.12890625,199.53665493812821,1.8507131008586104,-2.5935280808694436,-2.510885741383051,-2.5119960860198178,0.082642339486392657,0.081531994849625811,-2.5
CLSVOF_LS_NATIVE,7,128,5000,1.9479603535224503,0.024851608881778831,-0.36328125,0.12890625,160.46334506187179,1.8507130768814513,-2.5935280861564718,-2.4780385356646182,-2.5119960901504608,0.11548955049185361,0.08153199600601102,-2.5
CLSVOF_LS_NATIVE,7,128,5000,1.9479603535224503,0.024851608881778831,-0.36328125,0.13671875,159.37646861667494,1.5074078913373359,-2.5875353627126136,-2.4873072140205519,-2.5111469367536343,0.10022814869206176,0.076388425958979322,-2.5
CLSVOF_LS_NATIVE,7,128,5000,1.9479603535224503,0.024851608881778831,-0.36328125,0.14453125,158.30489053920329,1.146377087763724,-2.546372291629917,-2.490038104857101,-2.5025521183259336,0.056334186772815986,0.043820173303983356,-2.5
CLSVOF_LS_NATIVE,7,128,5000,1.9479603535224503,0.024851608881778831,-0.36328125,0.15234375,157.24902365721252,0.76819422053610464,-2.5503123495856901,-2.5022192954579108,-2.5065795844436374,0.048093054127779311,0.04373276514205271,-2.5
CLSVOF_LS_NATIVE,7,128,5000,1.9479603535224503,0.024851608881778831,-0.36328125,0.16015625,156.20922613422297,0.37304857150100829,-2.5143144559434245,-2.4997038096029809,-2.5038942907002544,0.014610646340443623,0.010420165243170132,-2.5
CLSVOF_LS_NATIVE,7,128,5000,1.9479603535224503,0.024851608881778831,-0.36328125,0.16796875,155.18580300946502,0.038533061527402795,-2.4969230589710687,-2.4956710403297082,-2.4982141112099896,0.0012520186413604861,-0.0012910522389208978,-2.5
CLSVOF_LS_NATIVE,7,128,5000,1.9479603535224503,0.024851608881778831,-0.36328125,0.17578125,154.1790080258109,0.46619290148489739,-2.4741138258289324,-2.499327816511804,-2.503337989480146,-0.025213990682871668,-0.029224163651213608,-2.5
CLSVOF_LS_NATIVE,7,128,5000,1.9479603535224503,0.024851608881778831,-0.36328125,0.18359375,153.18904569965147,0.90949811096878774,-2.4718830825046889,-2.4949434248419449,-2.4977796520979085,-0.023060342337255957,-0.02589656959321962,-2.5
CLSVOF_LS_NATIVE,7,128,5000,1.9479603535224503,0.024851608881778831,-0.36328125,0.19140625,152.21607358779087,1.368261420640728,-2.4045545471926597,-2.4826949617934524,-2.4827420811795911,-0.078140414600792685,-0.078187533986931346,-2.5
CLSVOF_LS_NATIVE,7,128,5000,1.9479603535224503,0.024851608881778831,-0.36328125,0.19921875,151.26020470831213,1.8416719651252871,-2.4425654408612103,-2.476008253211595,-2.4765973369077896,-0.03344281235038471,-0.034031896046579302,-2.5
CLSVOF_LS_NATIVE,7,128,5000,1.9479603535224503,0.024851608881778831,-0.35546875,-0.21484375,211.14858098619487,1.9735196746058421,-2.4129867981892534,-2.4820695084733648,-2.4717569301263307,-0.069082710284111393,-0.058770131937077252,-2.5
CLSVOF_LS_NATIVE,7,128,5000,1.9479603535224503,0.024851608881778831,-0.35546875,-0.20703125,210.21727395738418,1.4633140409079128,-2.3907358984515756,-2.4841430856909543,-2.4766597616295374,-0.093407187239378686,-0.085923863177961746,-2.5
CLSVOF_LS_NATIVE,7,128,5000,1.9479603535224503,0.024851608881778831,-0.35546875,-0.19921875,209.26799521489255,0.96698209246245315,-2.4881592680626223,-2.5083096670164355,-2.5007278223808282,-0.020150398953813209,-0.012568554318205916,-2.5
CLSVOF_LS_NATIVE,7,128,5000,1.9479603535224503,0.024851608881778831,-0.35546875,-0.19140625,208.3007557660062,0.48554126416272897,-2.4691779649107204,-2.5124261727449846,-2.5020198188717657,-0.043248207834264196,-0.032841853961045331,-2.5
CLSVOF_LS_NATIVE,7,128,5000,1.9479603535224503,0.024851608881778831,-0.35546875,-0.18359375,207.3156079734421,0.019001535086675708,-2.4948485030428569,-2.5045704128259825,-2.4965503981733908,-0.009721909783125593,-0.0017018951305338703,-2.5
CLSVOF_LS_NATIVE,7,128,5000,1.9479603535224503,0.024851608881778831,-0.35546875,-0.17578125,206.31264849478868,0.4321352380794119,-2.5237876676205393,-2.5116939233674938,-2.5042961620489597,0.012093744253045546,0.019491505571579637,-2.5
CLSVOF_LS_NATIVE,7,128,5000,1.9479603535224503,0.024851608881778831,-0.35546875,-0.16796875,205.29202115702111,0.86742838020475521,-2.5435597423032781,-2.5242270014775263,-2.5179701477940886,0.01933274082575176,0.025589594509189517,-2.5
CLSVOF_LS_NATIVE,7,128,5000,1.9479603535224503,0.024851608881778831,-0.35546875,-0.16015625,204.25391972431643,1.2864703610082613,-2.5655197296417143,-2.505914992560025,-2.5077303916278986,0.05960473708168923,0.057789338013815694,-2.5
CLSVOF_LS_NATIVE,7,128,5000,1.9479603535224503,0.024851608881778831,-0.35546875,-0.15234375,203.19859051364804,1.6888384182396701,-2.5889160598647618,-2.512011750000045,-2.5120895446327967,0.076904309864716858,0.076826515231965153,-2.5
CLSVOF_LS_NATIVE,7,128,5000,1.9479603535224503,0.024851608881778831,-0.35546875,0.15234375,156.80140948635196,1.6888383890314536,-2.5889160629130568,-2.4830783964029903,-2.5120895488666841,0.10583766651006643,0.07682651404637264,-2.5
CLSVOF_LS_NATIVE,7,128,5000,1.9479603535224503,0.024851608881778831,-0.35546875,0.16015625,155.74608027568357,1.2864703302538347,-2.5655197326118584,-2.4902226560465417,-2.5077303954826946,0.075297076565316701,0.057789337129163787,-2.5
CLSVOF_LS_NATIVE,7,128,5000,1.9479603535224503,0.024851608881778831,-0.35546875,0.16796875,154.70797884297889,0.86742834790618906,-2.5435597481367784,-2.514772268836833,-2.517970149580973,0.028787479299945407,0.025589598555805448,-2.5
CLSVOF_LS_NATIVE,7,128,5000,1.9479603535224503,0.024851608881778831,-0.35546875,0.17578125,153.68735150521132,0.43213520421968976,-2.5237876684166483,-2.4993371551642269,-2.5042961672375141,0.024450513252421313,0.019491501179134119,-2.5
CLSVOF_LS_NATIVE,7,128,5000,1.9479603535224503,0.024851608881778831,-0.35546875,0.18359375,152.6843920265579,0.019001570485157385,-2.4948485036076069,-2.4932854219788108,-2.4965504025613625,0.001563081628796148,-0.0017018989537556095,-2.5
CLSVOF_LS_NATIVE,7,128,5000,1.9479603535224503,0.024851608881778831,-0.35546875,0.19140625,151.6992442339938,0.4855413010763443,-2.4691779712936479,-2.4980085616272945,-2.5020198230389932,-0.028830590333646544,-0.032841851745345263,-2.5
CLSVOF_LS_NATIVE,7,128,5000,1.9479603535224503,0.024851608881778831,-0.35546875,0.19921875,150.73200478510745,0.96698213089825391,-2.4881592696272525,-2.5000708944444403,-2.5007278269076325,-0.011911624817187771,-0.012568557280379977,-2.5
CLSVOF_LS_NATIVE,7,128,5000,1.9479603535224503,0.024851608881778831,-0.35546875,0.20703125,149.78272604261582,1.4633140808152474,-2.3907359077067412,-2.477783016078952,-2.4766597670936061,-0.087047108372210857,-0.085923859386864976,-2.5
CLSVOF_LS_NATIVE,7,128,5000,1.9479603535224503,0.024851608881778831,-0.35546875,0.21484375,148.85141901380513,1.9735197160231148,-2.4129867989045022,-2.4720185490722626,-2.4717569367741534,-0.059031750167760411,-0.05877013786965124,-2.5
CLSVOF_LS_NATIVE,7,128,5000,1.9479603535224503,0.024851608881778831,-0.34765625,-0.22265625,212.63750758428554,1.6526880965127619,-2.4355106685098624,-2.4948704280270917,-2.4871054282864953,-0.059359759517229271,-0.051594759776632859,-2.5
CLSVOF_LS_NATIVE,7,128,5000,1.9479603535224503,0.024851608881778831,-0.34765625,-0.21484375,211.71513351509768,1.1201029186544655,-2.4741426807036215,-2.5102391483403741,-2.504595072015888,-0.036096467636752561,-0.030452391312266514,-2.5
CLSVOF_LS_NATIVE,7,128,5000,1.9479603535224503,0.024851608881778831,-0.34765625,-0.20703125,210.77403610124804,0.60149987122153259,-2.4661157058776721,-2.5092335721043275,-2.4982559617913869,-0.043117866226655366,-0.032140255913714721,-2.5
CLSVOF_LS_NATIVE,7,128,5000,1.9479603535224503,0.024851608881778831,-0.34765625,-0.19921875,209.81416273779851,0.09706345096846912,-2.4845542103460003,-2.5027348881144658,-2.4975272882555268,-0.018180677768465436,-0.012973077909526509,-2.5
CLSVOF_LS_NATIVE,7,128,5000,1.9479603535224503,0.024851608881778831,-0.34765625,-0.19140625,208.83550084774291,0.39274956077928386,-2.5241368089673055,-2.5132944301305717,-2.5056872844751141,0.010842378836733779,0.018449524492191394,-2.5
CLSVOF_LS_NATIVE,7,128,5000,1.9479603535224503,0.024851608881778831,-0.34765625,-0.18359375,207.83808119713453,0.86741611636577798,-2.538158644862504,-2.5251741326227046,-2.5173140758270307,0.012984512239799351,0.02084456903547327,-2.5
CLSVOF_LS_NATIVE,7,128,5000,1.9479603535224503,0.024851608881778831,-0.34765625,-0.17578125,206.82198120158137,1.3265632614037044,-2.5714288622366648,-2.5058707523401464,-2.5095489979147589,0.065558109896518335,0.061879864321905842,-2.5
CLSVOF_LS_NATIVE,7,128,5000,1.9479603535224503,0.024851608881778831,-0.34765625,-0.16796875,205.78732818281421,1.7696870361433872,-2.5895432274517285,-2.5143077487694754,-2.514112742093916,0.07523547868225311,0.075430485357812493,-2.5
CLSVOF_LS_NATIVE,7,128,5000,1.9479603535224503,0.024851608881778831,-0.34765625,0.16796875,154.21267181718579,1.769687003107985,-2.5895432303066204,-2.4829232436166029,-2.5141127468241287,0.10661998669001749,0.075430483482491706,-2.5
CLSVOF_LS_NATIVE,7,128,5000,1.9479603535224503,0.024851608881778831,-0.34765625,0.17578125,153.17801879841863,1.3265632268005625,-2.5714288668556247,-2.4896675474737986,-2.509549003022387,0.08176131938182607,0.061879863833237625,-2.5
CLSVOF_LS_NATIVE,7,128,5000,1.9479603535224503,0.024851608881778831,-0.34765625,0.18359375,152.16191880286547,0.86741608019287997,-2.5381586542267414,-2.5145896339110236,-2.5173140793594708,0.023569020315717726,0.020844574867270538,-2.5
CLSVOF_LS_NATIVE,7,128,5000,1.9479603535224503,0.024851608881778831,-0.34765625,0.19140625,151.16449915225709,0.39274952300814259,-2.524136809180872,-2.5021074756072479,-2.5056872900514247,0.022029333573624132,0.018449519129447367,-2.5
CLSVOF_LS_NATIVE,7,128,5000,1.9479603535224503,0.024851608881778831,-0.34765625,0.19921875,150.18583726220149,0.097063490290526744,-2.4845542122426632,-2.4965413308882214,-2.4975272938081456,-0.011987118645558237,-0.012973081565482492,-2.5
CLSVOF_LS_NATIVE,7,128,5000,1.9479603535224503,0.024851608881778831,-0.34765625,0.20703125,149.22596389875196,0.60149991205960029,-2.4661157118775279,-2.4937264759149156,-2.4982559672096292,-0.027610764037387714,-0.032140255332101297,-2.5
CLSVOF_LS_NATIVE,7,128,5000,1.9479603535224503,0.024851608881778831,-0.34765625,0.21484375,148.28486648490232,1.1201029610177509,-2.4741426812773071,-2.5062764641924273,-2.5045950776999306,-0.032133782915120257,-0.03045239642262354,-2.5
CLSVOF_LS_NATIVE,7,128,5000,1.9479603535224503,0.024851608881778831,-0.34765625,0.22265625,147.36249241571446,1.6526881403658791,-2.4355106820963424,-2.4889288512553103,-2.4871054320343893,-0.05341816915896791,-0.051594749938046913,-2.5
CLSVOF_LS_NATIVE,7,128,5000,1.9479603535224503,0.024851608881778831,-0.33984375,-0.23828125,215.03619581009269,1.9358738200767103,-2.4037468061790839,-2.4776529147436372,-2.4690785212485418,-0.073906108564553374,-0.065331715069457896,-2.5
CLSVOF_LS_NATIVE,7,128,5000,1.9479603535224503,0.024851608881778831,-0.33984375,-0.23046875,214.14358665193762,1.3682103084388662,-2.4111416581774461,-2.4836987204300351,-2.4783532670310091,-0.072557062252589066,-0.067211608853563032,-2.5
CLSVOF_LS_NATIVE,7,128,5000,1.9479603535224503,0.024851608881778831,-0.33984375,-0.22265625,213.23171106797923,0.81343305978393721,-2.4683268422865914,-2.5125135895447888,-2.5040407418553459,-0.044186747258197379,-0.035713899568754481,-2.5
CLSVOF_LS_NATIVE,7,128,5000,1.9479603535224503,0.024851608881778831,-0.33984375,-0.21484375,212.30041551040247,0.27224736104362557,-2.4797955713814588,-2.5176020386532221,-2.5106347063974068,-0.037806467271763289,-0.030839135015948038,-2.5
CLSVOF_LS_NATIVE,7,128,5000,1.9479603535224503,0.024851608881778831,-0.33984375,-0.20703125,211.34958086524287,0.25512241806541969,-2.5136729882930511,-2.5114022807569159,-2.5030139545063586,0.0022707075361352302,0.010659033786692529,-2.5
CLSVOF_LS_NATIVE,7,128,5000,1.9479603535224503,0.024851608881778831,-0.33984375,-0.19921875,210.37912601136819,0.76817735078709404,-2.5352884473253048,-2.5172812082820419,-2.5090781971155689,0.018007239043262846,0.026210250209735886,-2.5
CLSVOF_LS_NATIVE,7,128,5000,1.9479603535224503,0.024851608881778831,-0.33984375,-0.19140625,209.3890114663202,1.266480304820891,-2.5760485770401154,-2.5064752148614318,-2.5103547830420831,0.069573362178683595,0.065693793998032213,-2.5
CLSVOF_LS_NATIVE,7,128,5000,1.9479603535224503,0.024851608881778831,-0.33984375,-0.18359375,208.37924308610781,1.7494617547292577,-2.5860338513647401,-2.5145675001330119,-2.5142215168927429,0.071466351231728176,0.071812334471997197,-2.5
CLSVOF_LS_NATIVE,7,128,5000,1.9479603535224503,0.024851608881778831,-0.33984375,0.18359375,151.62075691389219,1.7494617177127028,-2.5860338580251145,-2.4834007492087578,-2.5142215229826075,0.10263310881635679,0.071812335042507058,-2.5
CLSVOF_LS_NATIVE,7,128,5000,1.9479603535224503,0.024851608881778831,-0.33984375,0.19140625,150.6109885336798,1.2664802661818646,-2.5760485782855755,-2.4920396870979804,-2.5103547873725631,0.084008891187595136,0.065693790913012418,-2.5
CLSVOF_LS_NATIVE,7,128,5000,1.9479603535224503,0.024851608881778831,-0.33984375,0.19921875,149.62087398863181,0.76817731056412375,-2.5352884541888945,-2.5049111680053158,-2.5090781987603785,0.030377286183578711,0.026210255428515961,-2.5
CLSVOF_LS_NATIVE,7,128,5000,1.9479603535224503,0.024851608881778831,-0.33984375,0.20703125,148.65041913475713,0.25512237625936757,-2.5136729881734969,-2.4996329141869218,-2.503013956026348,0.014040073986575141,0.010659032147148917,-2.5
CLSVOF_LS_NATIVE,7,128,5000,1.9479603535224503,0.024851608881778831,-0.33984375,0.21484375,147.69958448959753,0.27224740438121287,-2.4797955755653218,-2.5083332218842886,-2.5106347153640018,-0.028537646318966825,-0.030839139798680026,-2.5
CLSVOF_LS_NATIVE,7,128,5000,1.9479603535224503,0.024851608881778831,-0.33984375,0.22265625,146.76828893202077,0.81343310465997576,-2.4683268428181533,-2.5032312106311982,-2.5040407412826413,-0.034904367813044956,-0.035713898464488025,-2.5
CLSVOF_LS_NATIVE,7,128,5000,1.9479603535224503,0.024851608881778831,-0.33984375,0.23046875,145.85641334806238,1.3682103548870648,-2.411141640982541,-2.4750215535358606,-2.478353261714044,-0.063879912553319596,-0.067211620731502997,-2.5
CLSVOF_LS_NATIVE,7,128,5000,1.9479603535224503,0.024851608881778831,-0.33984375,0.23828125,144.96380418990731,1.935873867953865,-2.4037468045097432,-2.4664453687362666,-2.4690785167620684,-0.062698564226523423,-0.065331712252325147,-2.5
CLSVOF_LS_NATIVE,7,128,5000,1.9479603535224503,0.024851608881778831,-0.33203125,-0.24609375,216.54497232282242,1.7093555295498948,-2.4446659228960841,-2.4937968210490955,-2.49058170589523,-0.049130898153011415,-0.045915782999145893,-2.5
CLSVOF_LS_NATIVE,7,128,5000,1.9479603535224503,0.024851608881778831,-0.33203125,-0.23828125,215.66500153686161,1.1201146730416207,-2.46389662113241,-2.5043087181657779,-2.5031511980941303,-0.0404120970333679,-0.0392545769617203,-2.5
CLSVOF_LS_NATIVE,7,128,5000,1.9479603535224503,0.024851608881778831,-0.33203125,-0.23046875,214.76519723657663,0.54356135852472154,-2.4657410738232626,-2.50777569664446,-2.4979183808119378,-0.042034622821197409,-0.032177306988675269,-2.5
CLSVOF_LS_NATIVE,7,128,5000,1.9479603535224503,0.024851608881778831,-0.33203125,-0.22265625,213.84534026107153,0.020061034836120182,-2.4944830647656229,-2.4934729407128491,-2.4900362361334576,0.0010101240527737865,0.0044468286321652783,-2.5
CLSVOF_LS_NATIVE,7,128,5000,1.9479603535224503,0.024851608881778831,-0.33203125,-0.21484375,212.90524292298775,0.57022639953606979,-2.5285797123101461,-2.5139102036306857,-2.505047925492077,0.014669508679460375,0.023531786818069111,-2.5
CLSVOF_LS_NATIVE,7,128,5000,1.9479603535224503,0.024851608881778831,-0.33203125,-0.20703125,211.94475277620325,1.1065111815402033,-2.5723517720059852,-2.5037929058826438,-2.510597792837086,0.068558866123341389,0.061753979168899242,-2.5
CLSVOF_LS_NATIVE,7,128,5000,1.9479603535224503,0.024851608881778831,-0.33203125,-0.19921875,210.96375653207338,1.6282900977114965,-2.582925938220197,-2.5122435935973257,-2.5147301122604278,0.070682344622871263,0.068195825959769252,-2.5
CLSVOF_LS_NATIVE,7,128,5000,1.9479603535224503,0.024851608881778831,-0.33203125,0.19921875,149.03624346792662,1.628290056523187,-2.582925941984878,-2.4872886401578018,-2.5147301167050822,0.095637301827076193,0.068195825279795841,-2.5
CLSVOF_LS_NATIVE,7,128,5000,1.9479603535224503,0.024851608881778831,-0.33203125,0.20703125,148.05524722379675,1.1065111387384194,-2.5723517712149198,-2.4959495497228641,-2.5105977957393515,0.076402221492055666,0.061753975475568268,-2.5
CLSVOF_LS_NATIVE,7,128,5000,1.9479603535224503,0.024851608881778831,-0.33203125,0.21484375,147.09475707701225,0.57022635517750808,-2.5285797137056396,-2.5004477178368125,-2.505047927646384,0.028131995868827087,0.023531786059255655,-2.5
CLSVOF_LS_NATIVE,7,128,5000,1.9479603535224503,0.024851608881778831,-0.33203125,0.22265625,146.15465973892847,0.020060988956981191,-2.4944830643673406,-2.4830750506066677,-2.4900362360152788,0.011408013760672908,0.0044468283520617824,-2.5
CLSVOF_LS_NATIVE,7,128,5000,1.9479603535224503,0.024851608881778831,-0.33203125,0.23046875,145.23480276342337,0.54356140590756763,-2.4657410751441362,-2.4928031126384567,-2.4979183788928481,-0.027062037494320457,-0.032177303748711861,-2.5
CLSVOF_LS_NATIVE,7,128,5000,1.9479603535224503,0.024851608881778831,-0.33203125,0.23828125,144.33499846313839,1.120114721900646,-2.4638966191462623,-2.5016213262208673,-2.5031511957694557,-0.037724707074604957,-0.039254576623193316,-2.5
CLSVOF_LS_NATIVE,7,128,5000,1.9479603535224503,0.024851608881778831,-0.33203125,0.24609375,143.45502767717758,1.7093555798201736,-2.4446659181180119,-2.4901345718238632,-2.490581705582529,-0.045468653705851292,-0.045915787464517077,-2.5
CLSVOF_LS_NATIVE,7,128,5000,1.9479603535224503,0.024851608881778831,-0.32421875,-0.25390625,218.06565109873029,1.5202061212117799,-2.4063450435028568,-2.4741949546178854,-2.4767137415421221,-0.067849911115028583,-0.070368698039265265,-2.5
CLSVOF_LS_NATIVE,7,128,5000,1.9479603535224503,0.024851608881778831,-0.32421875,-0.24609375,217.19981211581816,0.90940038576723847,-2.4872904637912936,-2.5127140828749912,-2.5086824505359329,-0.025423619083697613,-0.021391986744639269,-2.5
CLSVOF_LS_NATIVE,7,128,5000,1.9479603535224503,0.024851608881778831,-0.32421875,-0.23828125,216.3136454187632,0.31110234193288944,-2.4738557567221102,-2.5185387494178366,-2.5155759276508656,-0.044682992695726398,-0.041720170928755351,-2.5
CLSVOF_LS_NATIVE,7,128,5000,1.9479603535224503,0.024851608881778831,-0.32421875,-0.23046875,215.4068657372695,0.27475510734118264,-2.5155714343167408,-2.5112304481464465,-2.5046221793673373,0.0043409861702943253,0.010949254949403464,-2.5
CLSVOF_LS_NATIVE,7,128,5000,1.9479603535224503,0.024851608881778831,-0.32421875,-0.22265625,214.47921568612549,0.84752979526597672,-2.5349155904709266,-2.5210973263928174,-2.5124483043663002,0.013818264078109266,0.022467286104626449,-2.5
CLSVOF_LS_NATIVE,7,128,5000,1.9479603535224503,0.024851608881778831,-0.32421875,-0.21484375,213.53046966713296,1.4067544604532056,-2.5540741690069959,-2.4968172980503374,-2.5040131824511325,0.057256870956658545,0.05006098655586344,-2.5
CLSVOF_LS_NATIVE,7,128,5000,1.9479603535224503,0.024851608881778831,-0.32421875,-0.20703125,212.56043798115331,1.952105077978656,-2.6085869446136458,-2.5101792274561996,-2.5162453822402218,0.098407717157446228,0.092341562373424058,-2.5
CLSVOF_LS_NATIVE,7,128,5000,1.9479603535224503,0.024851608881778831,-0.32421875,0.20703125,147.43956201884669,1.9521050341580877,-2.6085869486820528,-2.4804941596218999,-2.5162453842545816,0.12809278906015287,0.092341564427471212,-2.5
CLSVOF_LS_NATIVE,7,128,5000,1.9479603535224503,0.024851608881778831,-0.32421875,0.21484375,146.46953033286704,1.4067544150192051,-2.5540741653695114,-2.480968958854235,-2.504013182637788,0.073105206515276411,0.050060982731723325,-2.5
CLSVOF_LS_NATIVE,7,128,5000,1.9479603535224503,0.024851608881778831,-0.32421875,0.22265625,145.52078431387451,0.84752974829118866,-2.5349155856201429,-2.5117041164374156,-2.5124483000473274,0.023211469182727207,0.02246728557281541,-2.5
CLSVOF_LS_NATIVE,7,128,5000,1.9479603535224503,0.024851608881778831,-0.32421875,0.23046875,144.5931342627305,0.27475505888602453,-2.5155714321444802,-2.5022331204705477,-2.5046221751522113,0.013338311673932512,0.010949256992268896,-2.5
CLSVOF_LS_NATIVE,7,128,5000,1.9479603535224503,0.024851608881778831,-0.32421875,0.23828125,143.6863545812368,0.31110239184202498,-2.4738557538264945,-2.5080963937735832,-2.5155759263929474,-0.034240639947088702,-0.041720172566452884,-2.5
CLSVOF_LS_NATIVE,7,128,5000,1.9479603535224503,0.024851608881778831,-0.32421875,0.24609375,142.80018788418184,0.90940043706892271,-2.487290462937136,-2.5042932190252349,-2.5086824500323628,-0.01700275608809898,-0.021391987095226828,-2.5
CLSVOF_LS_NATIVE,7,128,5000,1.9479603535224503,0.024851608881778831,-0.32421875,0.25390625,141.93434890126971,1.5202061738514285,-2.406345049799528,-2.4761409564927739,-2.4767137420179495,-0.069795906693245868,-0.070368692218421458,-2.5
CLSVOF_LS_NATIVE,7,128,5000,1.9479603535224503,0.024851608881778831,-0.31640625,-0.26171875,219.59620863975013,1.3681749716763119,-2.4332709023431791,-2.4781350800944972,-2.4830315839778883,-0.044864177751318124,-0.049760681634709147,-2.5
CLSVOF_LS_NATIVE,7,128,5000,1.9479603535224503,0.024851608881778831,-0.31640625,-0.25390625,218.74596725608339,0.73656223852722802,-2.4469000272452837,-2.5057173989638324,-2.4972255291773733,-0.058817371718548728,-0.050325501932089622,-2.5
CLSVOF_LS_NATIVE,7,128,5000,1.9479603535224503,0.024851608881778831,-0.31640625,-0.24609375,217.87498365109803,0.11656531012046728,-2.4905439009432442,-2.498746024280063,-2.4969934030257517,-0.0082021233368188007,-0.0064495020825074967,-2.5
CLSVOF_LS_NATIVE,7,128,5000,1.9479603535224503,0.024851608881778831,-0.31640625,-0.23828125,216.98290692634453,0.49126911082994473,-2.5238270819846838,-2.518821941219322,-2.5108035593781777,0.0050051407653617375,0.013023522606506077,-2.5
CLSVOF_LS_NATIVE,7,128,5000,1.9479603535224503,0.024851608881778831,-0.31640625,-0.23046875,216.06940989958085,1.0866036519116002,-2.5747024151735727,-2.5047032004019756,-2.5154227391403188,0.069999214771597096,0.059279676033253903,-2.5
CLSVOF_LS_NATIVE,7,128,5000,1.9479603535224503,0.024851608881778831,-0.31640625,-0.22265625,215.13419305691551,1.6686737851597424,-2.5934995452633314,-2.5096403981534361,-2.5125910159431939,0.083859147109895282,0.080908529320137479,-2.5
CLSVOF_LS_NATIVE,7,128,5000,1.9479603535224503,0.024851608881778831,-0.31640625,0.22265625,144.86580694308449,1.6686737370946629,-2.5934995394511988,-2.486277875358625,-2.5125910154447815,0.10722166409257383,0.080908524006417348,-2.5
CLSVOF_LS_NATIVE,7,128,5000,1.9479603535224503,0.024851608881778831,-0.31640625,0.23046875,143.93059010041915,1.0866036023636803,-2.5747024161318466,-2.5031453944864559,-2.5154227395715063,0.071557021645390684,0.059279676560340278,-2.5
CLSVOF_LS_NATIVE,7,128,5000,1.9479603535224503,0.024851608881778831,-0.31640625,0.23828125,143.01709307365547,0.4912690598133716,-2.5238270776015264,-2.5004624894763716,-2.5108035591462254,0.023364588125154739,0.01302351845530092,-2.5
CLSVOF_LS_NATIVE,7,128,5000,1.9479603535224503,0.024851608881778831,-0.31640625,0.24609375,142.12501634890197,0.11656536254145267,-2.4905438938636952,-2.4886731514785283,-2.4969934026001193,0.0018707423851669347,-0.0064495087364240256,-2.5
CLSVOF_LS_NATIVE,7,128,5000,1.9479603535224503,0.024851608881778831,-0.31640625,0.25390625,141.25403274391661,0.7365622922683116,-2.4469000272844355,-2.4882923802408641,-2.4972255281183564,-0.041392352956428624,-0.050325500833920955,-2.5
CLSVOF_LS_NATIVE,7,128,5000,1.9479603535224503,0.024851608881778831,-0.31640625,0.26171875,140.40379136024987,1.3681750267732549,-2.4332708856056753,-2.4833957684218122,-2.4830315735524087,-0.050124882816136918,-0.049760687946733384,-2.5
CLSVOF_LS_NATIVE,7,128,5000,1.9479603535224503,0.024851608881778831,-0.30859375,-0.27734375,221.94711748520743,1.9168716118059417,-2.4151665085740048,-2.4750644509078938,-2.4765368553373834,-0.059897942333889009,-0.061370346763378603,-2.5
CLSVOF_LS_NATIVE,7,128,5000,1.9479603535224503,0.024851608881778831,-0.30859375,-0.26953125,221.1345388301481,1.2537453929734603,-2.4575629398219396,-2.4936157345399383,-2.4964608305182159,-0.036052794717998715,-0.038897890696276249,-2.5
CLSVOF_LS_NATIVE,7,128,5000,1.9479603535224503,0.024851608881778831,-0.30859375,-0.26171875,220.30131948270042,0.60153877488657004,-2.461893231653598,-2.5142382456553145,-2.5011198808185702,-0.052345014001716539,-0.039226649164972205,-2.5
CLSVOF_LS_NATIVE,7,128,5000,1.9479603535224503,0.024851608881778831,-0.30859375,-0.25390625,219.44702896696305,0.039607064966496776,-2.5069738704310431,-2.4922233639422506,-2.4886656195402246,0.014750506488792503,0.018308250890818556,-2.5
CLSVOF_LS_NATIVE,7,128,5000,1.9479603535224503,0.024851608881778831,-0.30859375,-0.24609375,218.57125225116999,0.66907113151380548,-2.5246527472846494,-2.5119761423499898,-2.5029282170414517,0.012676604934659608,0.021724530243197648,-2.5
CLSVOF_LS_NATIVE,7,128,5000,1.9479603535224503,0.024851608881778831,-0.30859375,-0.23828125,217.67359333983032,1.286529647086885,-2.5696464162741295,-2.5044327098316876,-2.5120759154091603,0.065213706442441843,0.057570500864969176,-2.5
CLSVOF_LS_NATIVE,7,128,5000,1.9479603535224503,0.024851608881778831,-0.30859375,-0.23046875,216.75367918553133,1.8913824485287647,-2.6209895458259269,-2.5218600248391585,-2.5238265345944502,0.099129520986768416,0.097163011231476748,-2.5
CLSVOF_LS_NATIVE,7,128,5000,1.9479603535224503,0.024851608881778831,-0.30859375,0.23046875,143.24632081446867,1.8913823978732216,-2.620989545426605,-2.4943504041217652,-2.5238265356361982,0.12663914130483978,0.097163009790406818,-2.5
CLSVOF_LS_NATIVE,7,128,5000,1.9479603535224503,0.024851608881778831,-0.30859375,0.23828125,142.32640666016968,1.2865295949617686,-2.5696464132650108,-2.4901211681653637,-2.5120759141211062,0.079525245099647091,0.057570499143904552,-2.5
CLSVOF_LS_NATIVE,7,128,5000,1.9479603535224503,0.024851608881778831,-0.30859375,0.24609375,141.42874774883001,0.6690710779877086,-2.524652745997146,-2.4933645101903252,-2.5029282139697613,0.031288235806820719,0.021724532027384669,-2.5
CLSVOF_LS_NATIVE,7,128,5000,1.9479603535224503,0.024851608881778831,-0.30859375,0.25390625,140.55297103303695,0.0396070101024176,-2.5069738604817,-2.4778685190030805,-2.4886656181549509,0.02910534147861954,0.018308242326749102,-2.5
CLSVOF_LS_NATIVE,7,128,5000,1.9479603535224503,0.024851608881778831,-0.30859375,0.26171875,139.69868051729958,0.60153883100988825,-2.4618932230922672,-2.4906207527748547,-2.50111987179397,-0.028727529682587516,-0.039226648701702782,-2.5
CLSVOF_LS_NATIVE,7,128,5000,1.9479603535224503,0.024851608881778831,-0.30859375,0.26953125,138.8654611698519,1.2537454503248184,-2.4575629245338164,-2.4977655886160592,-2.4964608191352946,-0.040202664082242823,-0.038897894601478189,-2.5
CLSVOF_LS_NATIVE,7,128,5000,1.9479603535224503,0.024851608881778831,-0.30859375,0.27734375,138.05288251479257,1.9168716702558903,-2.4151665001930338,-2.4779479137118785,-2.4765368457057622,-0.062781413518844698,-0.061370345512728353,-2.5
CLSVOF_LS_NATIVE,7,128,5000,1.9479603535224503,0.024851608881778831,-0.30078125,-0.28515625,223.47247455778691,1.8603125952869217,-2.4155949522885467,-2.4701421201061624,-2.472927870429761,-0.054547167817615705,-0.057332918141214329,-2.5
CLSVOF_LS_NATIVE,7,128,5000,1.9479603535224503,0.024851608881778831,-0.30078125,-0.27734375,222.67846941016714,1.1773617562991354,-2.463055376307028,-2.4949842730272058,-2.4977117713268129,-0.031928896720177846,-0.034656395019784902,-2.5
CLSVOF_LS_NATIVE,7,128,5000,1.9479603535224503,0.024851608881778831,-0.30078125,-0.26953125,221.86364163166726,0.50490249565164802,-2.4604613768644881,-2.5159402935777493,-2.503332523585212,-0.055478916713261217,-0.042871146720723896,-2.5
CLSVOF_LS_NATIVE,7,128,5000,1.9479603535224503,0.024851608881778831,-0.30078125,-0.26171875,221.0275040592492,0.15704144379323962,-2.5110352083170611,-2.504817174047921,-2.4977391096400869,0.006218034269140027,0.013296098676974122,-2.5
CLSVOF_LS_NATIVE,7,128,5000,1.9479603535224503,0.024851608881778831,-0.30078125,-0.25390625,220.16958004170993,0.80781275858824175,-2.5344932119655605,-2.5234739179975918,-2.5107792794091859,0.011019293967968746,0.023713932556374662,-2.5
CLSVOF_LS_NATIVE,7,128,5000,1.9479603535224503,0.024851608881778831,-0.30078125,-0.24609375,219.28940686250019,1.4469842727897302,-2.5690373002724902,-2.4980041039727308,-2.5072589530168248,0.07103319629975946,0.061778347255665444,-2.5
CLSVOF_LS_NATIVE,7,128,5000,1.9479603535224503,0.024851608881778831,-0.30078125,0.24609375,140.71059313749981,1.4469842180984596,-2.5690372883213888,-2.4813495945756245,-2.5072589466592223,0.087687693745764239,0.061778341662166447,-2.5
CLSVOF_LS_NATIVE,7,128,5000,1.9479603535224503,0.024851608881778831,-0.30078125,0.25390625,139.83041995829007,0.80781270257610716,-2.5344931958246364,-2.5032824759342671,-2.5107792661348602,0.031210719890369276,0.023713929689776148,-2.5
CLSVOF_LS_NATIVE,7,128,5000,1.9479603535224503,0.024851608881778831,-0.30078125,0.26171875,138.9724959407508,0.15704138659711545,-2.5110352001645215,-2.4893859029510415,-2.4977391007693233,0.021649297213480079,0.013296099395198269,-2.5
CLSVOF_LS_NATIVE,7,128,5000,1.9479603535224503,0.024851608881778831,-0.30078125,0.26953125,138.13635836833274,0.50490255399575223,-2.4604613669418893,-2.4931598656833485,-2.5033325150018602,-0.032698498741459137,-0.042871148059970832,-2.5
CLSVOF_LS_NATIVE,7,128,5000,1.9479603535224503,0.024851608881778831,-0.30078125,0.27734375,137.32153058983286,1.177361815717177,-2.4630553657431231,-2.4990232263448093,-2.4977117606191834,-0.035967860601686219,-0.034656394876060315,-2.5
CLSVOF_LS_NATIVE,7,128,5000,1.9479603535224503,0.024851608881778831,-0.30078125,0.28515625,136.52752544221309,1.860312655699258,-2.415594940563111,-2.4747112849136199,-2.47292785924459,-0.059116344350508943,-0.05733291868147905,-2.5
CLSVOF_LS_NATIVE,7,128,5000,1.9479603535224503,0.024851608881778831,-0.29296875,-0.29296875,224.99999999999986,1.8414646739342413,-2.4148473962386565,-2.4694365382549446,-2.4733048192956497,-0.054589142016288061,-0.058457423056993196,-2.5
CLSVOF_LS_NATIVE,7,128,5000,1.9479603535224503,0.024851608881778831,-0.29296875,-0.28515625,224.22577983507179,1.1391562689313399,-2.4616342505317812,-2.4938917266531178,-2.4970883177748129,-0.032257476121336559,-0.035454067243031684,-2.5
CLSVOF_LS_NATIVE,7,128,5000,1.9479603535224503,0.024851608881778831,-0.29296875,-0.27734375,223.43064519525086,0.44683898913192471,-2.4610980713197845,-2.5137449778961982,-2.5017208891691411,-0.052646906576413688,-0.040622817849356618,-2.5
CLSVOF_LS_NATIVE,7,128,5000,1.9479603535224503,0.024851608881778831,-0.29296875,-0.26953125,222.61405596961103,0.23548521085471252,-2.5137006968280673,-2.5094958148091009,-2.500272223974517,0.0042048820189664049,0.013428472853550311,-2.5
CLSVOF_LS_NATIVE,7,128,5000,1.9479603535224503,0.024851608881778831,-0.29296875,-0.26171875,221.77547739347995,0.90720885349033009,-2.5500979587827999,-2.5248994375290534,-2.5199288836837326,0.025198521253746442,0.0301690750990673,-2.5
CLSVOF_LS_NATIVE,7,128,5000,1.9479603535224503,0.024851608881778831,-0.29296875,-0.25390625,220.91438322002497,1.567742644704782,-2.5820885378941663,-2.5067599282751178,-2.510003550754897,0.075328609619048414,0.072084987139269252,-2.5
CLSVOF_LS_NATIVE,7,128,5000,1.9479603535224503,0.024851608881778831,-0.29296875,0.25390625,139.08561677997503,1.5677425875904394,-2.5820885242313496,-2.4815653291823745,-2.5100035424241902,0.10052319504897511,0.072084981807159387,-2.5
CLSVOF_LS_NATIVE,7,128,5000,1.9479603535224503,0.024851608881778831,-0.29296875,0.26171875,138.22452260652005,0.90720879519597108,-2.5500979475852272,-2.5182770179974088,-2.5199288762394114,0.031820929587818458,0.030169071345815812,-2.5
CLSVOF_LS_NATIVE,7,128,5000,1.9479603535224503,0.024851608881778831,-0.29296875,0.26953125,137.38594403038897,0.23548515147575846,-2.5137006857741619,-2.4916473369915622,-2.5002722114569553,0.022053348782599791,0.013428474317206618,-2.5
CLSVOF_LS_NATIVE,7,128,5000,1.9479603535224503,0.024851608881778831,-0.29296875,0.27734375,136.56935480474914,0.44683904952936554,-2.4610980573092025,-2.4908686561407061,-2.5017208789543925,-0.02977059883150357,-0.040622821645190044,-2.5
CLSVOF_LS_NATIVE,7,128,5000,1.9479603535224503,0.024851608881778831,-0.29296875,0.28515625,135.77422016492821,1.1391563302663525,-2.4616342363667494,-2.4979312106375247,-2.4970883046936314,-0.036296974270775273,-0.035454068326882027,-2.5
CLSVOF_LS_NATIVE,7,128,5000,1.9479603535224503,0.024851608881778831,-0.29296875,0.29296875,135.00000000000014,1.8414647361239103,-2.4148473851436694,-2.4747754231592376,-2.4733048063776151,-0.05992803801556823,-0.058457421233945706,-2.5
CLSVOF_LS_NATIVE,7,128,5000,1.9479603535224503,0.024851608881778831,-0.28515625,-0.30078125,226.52752544221278,1.8603125916113097,-2.4155949549821991,-2.4695674202831475,-2.472927873032464,-0.053972465300948347,-0.057332918050264858,-2.5
CLSVOF_LS_NATIVE,7,128,5000,1.9479603535224503,0.024851608881778831,-0.28515625,-0.29296875,225.77422016492793,1.1391562670654387,-2.4616342521081092,-2.4939610310522,-2.4970883192727027,-0.032326778944090862,-0.035454067164593539,-2.5
CLSVOF_LS_NATIVE,7,128,5000,1.9479603535224503,0.024851608881778831,-0.28515625,-0.28515625,224.99999999999986,0.42747044387013772,-2.4616620598242931,-2.5129278002476236,-2.5007667519038534,-0.051265740423330541,-0.039104692079560355,-2.5
CLSVOF_LS_NATIVE,7,128,5000,1.9479603535224503,0.024851608881778831,-0.28515625,-0.27734375,224.20427644726058,0.27475416026587762,-2.5151988592253955,-2.5121723819614976,-2.5021163905577595,0.0030264772638979309,0.013082468667636071,-2.5
CLSVOF_LS_NATIVE,7,128,5000,1.9479603535224503,0.024851608881778831,-0.28515625,-0.26953125,223.38646106711869,0.96692906808103352,-2.551095959528304,-2.516689570579643,-2.5141097426568377,0.034406388948660993,0.036986216871466304,-2.5
CLSVOF_LS_NATIVE,7,128,5000,1.9479603535224503,0.024851608881778831,-0.28515625,-0.26171875,222.54596832547278,1.6484797382149019,-2.5974648026332177,-2.5138084996835364,-2.5150760738867866,0.083656302949681294,0.082388728746431106,-2.5
CLSVOF_LS_NATIVE,7,128,5000,1.9479603535224503,0.024851608881778831,-0.28515625,0.26171875,137.45403167452722,1.6484796788544351,-2.5974647875301442,-2.485692069012738,-2.5150760647606276,0.11177271851740622,0.082388722769516587,-2.5
CLSVOF_LS_NATIVE,7,128,5000,1.9479603535224503,0.024851608881778831,-0.28515625,0.26953125,136.61353893288131,0.96692900766097922,-2.5510959440461551,-2.5109918710483412,-2.5141097403005075,0.040104072997813933,0.03698620374564765,-2.5
CLSVOF_LS_NATIVE,7,128,5000,1.9479603535224503,0.024851608881778831,-0.28515625,0.27734375,135.79572355273942,0.27475409890190844,-2.5151988464411712,-2.49462976226059,-2.5021163731015545,0.020569084180581232,0.013082473339616651,-2.5
CLSVOF_LS_NATIVE,7,128,5000,1.9479603535224503,0.024851608881778831,-0.28515625,0.28515625,135.00000000000014,0.42747050611268067,-2.46166204400126,-2.4889844050574434,-2.5007667399380593,-0.027322361056183464,-0.039104695936799327,-2.5
CLSVOF_LS_NATIVE,7,128,5000,1.9479603535224503,0.024851608881778831,-0.28515625,0.29296875,134.22577983507207,1.1391563301057515,-2.4616342365308221,-2.4972914060791904,-2.4970883048238406,-0.035657169548368284,-0.035454068293018448,-2.5
CLSVOF_LS_NATIVE,7,128,5000,1.9479603535224503,0.024851608881778831,-0.28515625,0.30078125,133.47247455778722,1.8603126553833984,-2.4155949407764745,-2.4734430925669475,-2.4729278594763802,-0.057848151790472979,-0.057332918699905644,-2.5
CLSVOF_LS_NATIVE,7,128,5000,1.9479603535224503,0.024851608881778831,-0.27734375,-0.30859375,228.05288251479229,1.9168716045008296,-2.4151665136806231,-2.4779843539957396,-2.4765368608758562,-0.062817840315116502,-0.061370347195233155,-2.5
CLSVOF_LS_NATIVE,7,128,5000,1.9479603535224503,0.024851608881778831,-0.27734375,-0.30078125,227.32153058983261,1.1773617507284186,-2.463055380422563,-2.494729970033815,-2.4977117755628213,-0.031674589611252024,-0.034656395140258311,-2.5
CLSVOF_LS_NATIVE,7,128,5000,1.9479603535224503,0.024851608881778831,-0.27734375,-0.29296875,226.56935480474885,0.4468389853570125,-2.4610980745115061,-2.5136409014223942,-2.5017208920281648,-0.052542826910888074,-0.040622817516658749,-2.5
CLSVOF_LS_NATIVE,7,128,5000,1.9479603535224503,0.024851608881778831,-0.27734375,-0.28515625,225.79572355273913,0.2747541621829121,-2.5151988608527547,-2.5119931525214887,-2.5021163922820659,0.0032057083312659884,0.013082468570688732,-2.5
CLSVOF_LS_NATIVE,7,128,5000,1.9479603535224503,0.024851608881778831,-0.27734375,-0.27734375,224.99999999999986,0.98685227358232475,-2.5521822368247933,-2.5140646500626982,-2.5127490064529949,0.03811758676209509,0.039433230371798356,-2.5
CLSVOF_LS_NATIVE,7,128,5000,1.9479603535224503,0.024851608881778831,-0.27734375,-0.26953125,224.18154453831124,1.6888888042415269,-2.599792992553863,-2.5155354839237312,-2.5151961608909423,0.084257508630131817,0.084596831662920646,-2.5
CLSVOF_LS_NATIVE,7,128,5000,1.9479603535224503,0.024851608881778831,-0.27734375,0.26953125,135.81845546168876,1.6888887428283581,-2.5997929743845711,-2.4852226537361122,-2.5151961487992498,0.11457032064845896,0.084596825585321334,-2.5
CLSVOF_LS_NATIVE,7,128,5000,1.9479603535224503,0.024851608881778831,-0.27734375,0.27734375,135.00000000000014,0.98685221126012623,-2.5521822193255392,-2.5075309724173103,-2.5127489977636941,0.04465124690822897,0.039433221561845144,-2.5
CLSVOF_LS_NATIVE,7,128,5000,1.9479603535224503,0.024851608881778831,-0.27734375,0.28515625,134.20427644726087,0.2747540990670882,-2.5151988465781163,-2.4943507028200806,-2.5021163732477185,0.020848143758035675,0.013082473330397804,-2.5
CLSVOF_LS_NATIVE,7,128,5000,1.9479603535224503,0.024851608881778831,-0.27734375,0.29296875,133.43064519525115,0.44683904920434087,-2.4610980575852754,-2.4894116533597175,-2.5017208792062258,-0.028313595774442035,-0.040622821620950322,-2.5
CLSVOF_LS_NATIVE,7,128,5000,1.9479603535224503,0.024851608881778831,-0.27734375,0.30078125,132.67846941016739,1.1773618152380398,-2.4630553661392049,-2.4973105017951056,-2.4977117610319031,-0.034255135655900659,-0.034656394892698117,-2.5
CLSVOF_LS_NATIVE,7,128,5000,1.9479603535224503,0.024851608881778831,-0.27734375,0.30859375,131.94711748520771,1.9168716696281336,-2.4151665006410683,-2.4756188903360674,-2.4765368462662938,-0.060452389694999109,-0.061370345625225475,-2.5
CLSVOF_LS_NATIVE,7,128,5000,1.9479603535224503,0.024851608881778831,-0.26953125,-0.30859375,228.86546116985161,1.2537453837667258,-2.4575629485337136,-2.4955843265179167,-2.4964608379838396,-0.038021377984203131,-0.038897889450125955,-2.5
CLSVOF_LS_NATIVE,7,128,5000,1.9479603535224503,0.024851608881778831,-0.26953125,-0.30078125,228.13635836833245,0.50490248815756844,-2.4604613824735075,-2.5158064576198393,-2.5033325292835387,-0.055345075146331801,-0.042871146810031124,-2.5
CLSVOF_LS_NATIVE,7,128,5000,1.9479603535224503,0.024851608881778831,-0.26953125,-0.29296875,227.38594403038869,0.23548521657695295,-2.5137007015440265,-2.5107490440816971,-2.5002722286447407,0.0029516574623293934,0.013428472899285726,-2.5
CLSVOF_LS_NATIVE,7,128,5000,1.9479603535224503,0.024851608881778831,-0.26953125,-0.28515625,226.61353893288106,0.96692907196265254,-2.5510959629115382,-2.5169937443282504,-2.5141097450648839,0.034102218583287769,0.036986217846654235,-2.5
CLSVOF_LS_NATIVE,7,128,5000,1.9479603535224503,0.024851608881778831,-0.26953125,-0.27734375,225.81845546168847,1.6888888062144867,-2.5997929944268461,-2.5162531849575425,-2.5151961624746444,0.083539809469303616,0.08459683195220169,-2.5
CLSVOF_LS_NATIVE,7,128,5000,1.9479603535224503,0.024851608881778831,-0.26953125,0.27734375,134.18154453831153,1.6888887429986192,-2.5997929745571255,-2.4855064405610525,-2.5151961489312069,0.11428653399607303,0.084596825625918637,-2.5
CLSVOF_LS_NATIVE,7,128,5000,1.9479603535224503,0.024851608881778831,-0.26953125,0.28515625,133.38646106711894,0.96692900799573367,-2.5510959443172498,-2.5104886981995245,-2.5141097405081956,0.040607246117725371,0.036986203809054263,-2.5
CLSVOF_LS_NATIVE,7,128,5000,1.9479603535224503,0.024851608881778831,-0.26953125,0.29296875,132.61405596961131,0.2354851519688381,-2.5137006861429296,-2.4909226532856761,-2.5002722119459317,0.02277803285725355,0.013428474196997886,-2.5
CLSVOF_LS_NATIVE,7,128,5000,1.9479603535224503,0.024851608881778831,-0.26953125,0.30078125,131.86364163166755,0.50490255335061185,-2.4604613676298031,-2.4910948001287356,-2.5033325156692192,-0.030633432498932578,-0.042871148039416163,-2.5
CLSVOF_LS_NATIVE,7,128,5000,1.9479603535224503,0.024851608881778831,-0.26953125,0.30859375,131.13453883014839,1.2537454495340894,-2.4575629253921871,-2.4958228298076026,-2.4964608199166318,-0.038259904415415491,-0.038897894524444698,-2.5
CLSVOF_LS_NATIVE,7,128,5000,1.9479603535224503,0.024851608881778831,-0.26171875,-0.31640625,230.40379136024958,1.3681749589669623,-2.4332709121779961,-2.4876970771588773,-2.4830315925947297,-0.054426164980881264,-0.049760680416733649,-2.5
CLSVOF_LS_NATIVE,7,128,5000,1.9479603535224503,0.024851608881778831,-0.26171875,-0.30859375,229.69868051729932,0.6015387637792925,-2.461893239083087,-2.5114131212417976,-2.5011198887163224,-0.049519882158710615,-0.039226649633235411,-2.5
CLSVOF_LS_NATIVE,7,128,5000,1.9479603535224503,0.024851608881778831,-0.26171875,-0.30078125,228.97249594075052,0.15704145323682819,-2.5110352158202778,-2.5047117129082834,-2.497739116953134,0.0063235029119943498,0.01329609886714378,-2.5
CLSVOF_LS_NATIVE,7,128,5000,1.9479603535224503,0.024851608881778831,-0.26171875,-0.29296875,228.22452260651977,0.90720886119487865,-2.5500979648358277,-2.523735888502614,-2.5199288894062239,0.026362076333213746,0.030169075429603787,-2.5
CLSVOF_LS_NATIVE,7,128,5000,1.9479603535224503,0.024851608881778831,-0.26171875,-0.28515625,227.45403167452693,1.6484797441024168,-2.5974648077465368,-2.5159135668765109,-2.5150760783412074,0.081551240870025854,0.082388729405329375,-2.5
CLSVOF_LS_NATIVE,7,128,5000,1.9479603535224503,0.024851608881778831,-0.26171875,0.28515625,132.54596832547307,1.6484796793625194,-2.5974647880038799,-2.4879047422378786,-2.5150760652406809,0.10956004576600131,0.082388722763198974,-2.5
CLSVOF_LS_NATIVE,7,128,5000,1.9479603535224503,0.024851608881778831,-0.26171875,0.29296875,131.77547739348023,0.90720879586090319,-2.5500979484499213,-2.5157759530371817,-2.5199288769669654,0.034321995412739614,0.030169071482955889,-2.5
CLSVOF_LS_NATIVE,7,128,5000,1.9479603535224503,0.024851608881778831,-0.26171875,0.30078125,131.02750405924948,0.15704138741078272,-2.5110352014651478,-2.4870047662500028,-2.4977391015910357,0.02403043521514503,0.013296099874112066,-2.5
CLSVOF_LS_NATIVE,7,128,5000,1.9479603535224503,0.024851608881778831,-0.26171875,0.30859375,130.30131948270068,0.60153883005787989,-2.4618932234320789,-2.4890927820342963,-2.5011198725153498,-0.027199558602217344,-0.039226649083270893,-2.5
CLSVOF_LS_NATIVE,7,128,5000,1.9479603535224503,0.024851608881778831,-0.26171875,0.31640625,129.59620863975042,1.3681750256826153,-2.4332708866127817,-2.4817839406329818,-2.4830315744856519,-0.048513054020200119,-0.049760687872870246,-2.5
CLSVOF_LS_NATIVE,7,128,5000,1.9479603535224503,0.024851608881778831,-0.25390625,-0.32421875,231.93434890126943,1.5202061051598292,-2.4063450497706551,-2.4821935703894673,-2.4767137493515476,-0.075848520618812199,-0.070368699580892535,-2.5
CLSVOF_LS_NATIVE,7,128,5000,1.9479603535224503,0.024851608881778831,-0.25390625,-0.31640625,231.25403274391633,0.73656222394772985,-2.4469000333415711,-2.510759684566179,-2.4972255367097054,-0.063859651224607905,-0.050325503368134239,-2.5
CLSVOF_LS_NATIVE,7,128,5000,1.9479603535224503,0.024851608881778831,-0.25390625,-0.30859375,230.55297103303667,0.039607078000122829,-2.5069738785189406,-2.4957684600006074,-2.488665626295163,0.011205418518333232,0.018308252223777632,-2.5
CLSVOF_LS_NATIVE,7,128,5000,1.9479603535224503,0.024851608881778831,-0.25390625,-0.30078125,229.83041995828981,0.80781277000782714,-2.5344932226144459,-2.5266669067120491,-2.5107792889235885,0.0078263159023967965,0.023713933690857392,-2.5
CLSVOF_LS_NATIVE,7,128,5000,1.9479603535224503,0.024851608881778831,-0.25390625,-0.29296875,229.08561677997474,1.5677426544212498,-2.5820885477401276,-2.509199535241724,-2.5100035585378753,0.072889012498403627,0.07208498920225237,-2.5
CLSVOF_LS_NATIVE,7,128,5000,1.9479603535224503,0.024851608881778831,-0.25390625,0.29296875,130.91438322002526,1.5677425884277689,-2.582088525447567,-2.486677408547227,-2.5100035433478158,0.095411116900339987,0.072084982099751116,-2.5
CLSVOF_LS_NATIVE,7,128,5000,1.9479603535224503,0.024851608881778831,-0.25390625,0.30078125,130.16958004171019,0.80781270355654922,-2.5344931965362871,-2.5008464051303818,-2.510779267049565,0.033646791405905319,0.02371392948672213,-2.5
CLSVOF_LS_NATIVE,7,128,5000,1.9479603535224503,0.024851608881778831,-0.25390625,0.30859375,129.44702896696333,0.039607011218296996,-2.5069738607920229,-2.4778985411190773,-2.4886656189073473,0.029075319672945632,0.018308241884675613,-2.5
CLSVOF_LS_NATIVE,7,128,5000,1.9479603535224503,0.024851608881778831,-0.25390625,0.31640625,128.74596725608367,0.73656229101817228,-2.4469000285248597,-2.487032688964121,-2.4972255293679648,-0.040132660439261336,-0.050325500843105164,-2.5
CLSVOF_LS_NATIVE,7,128,5000,1.9479603535224503,0.024851608881778831,-0.25390625,0.32421875,128.06565109873057,1.5202061724787106,-2.4063450512311029,-2.4752346110809422,-2.4767137435712065,-0.068889559849839355,-0.070368692340103678,-2.5
CLSVOF_LS_NATIVE,7,128,5000,1.9479603535224503,0.024851608881778831,-0.24609375,-0.33203125,233.45502767717733,1.7093555102794176,-2.4446659317239865,-2.4994787306193782,-2.4905817152525054,-0.054812798895391701,-0.045915783528518883,-2.5
CLSVOF_LS_NATIVE,7,128,5000,1.9479603535224503,0.024851608881778831,-0.24609375,-0.32421875,232.80018788418155,0.90940036785819511,-2.4872904736643964,-2.5170465637883268,-2.5086824599295419,-0.029756090123930434,-0.021391986265145491,-2.5
CLSVOF_LS_NATIVE,7,128,5000,1.9479603535224503,0.024851608881778831,-0.24609375,-0.31640625,232.12501634890168,0.11656529363192721,-2.4905439138758769,-2.5074968890950542,-2.4969934118020065,-0.016952975219177269,-0.0064494979261295882,-2.5
CLSVOF_LS_NATIVE,7,128,5000,1.9479603535224503,0.024851608881778831,-0.24609375,-0.30859375,231.42874774882972,0.66907114648120736,-2.5246527561913634,-2.5152470937639619,-2.5029282253401779,0.0094056624274014844,0.021724530851185531,-2.5
CLSVOF_LS_NATIVE,7,128,5000,1.9479603535224503,0.024851608881778831,-0.24609375,-0.30078125,230.7105931374995,1.4469842861759925,-2.5690373101153345,-2.5047553966266882,-2.5072589613555731,0.064281913488646314,0.061778348759761403,-2.5
CLSVOF_LS_NATIVE,7,128,5000,1.9479603535224503,0.024851608881778831,-0.24609375,0.30078125,129.2894068625005,1.4469842192470708,-2.5690372894647728,-2.4895975075206378,-2.5072589476593783,0.079439781944135035,0.061778341805394543,-2.5
CLSVOF_LS_NATIVE,7,128,5000,1.9479603535224503,0.024851608881778831,-0.24609375,0.30859375,128.57125225117028,0.66907107927030429,-2.5246527477146188,-2.4931276144696835,-2.5029282153265244,0.031525133244935333,0.021724532388094353,-2.5
CLSVOF_LS_NATIVE,7,128,5000,1.9479603535224503,0.024851608881778831,-0.24609375,0.31640625,127.87498365109833,0.1165653611307621,-2.4905438964099758,-2.4859017056666621,-2.4969934043791646,0.0046421907433136234,-0.0064495079691888613,-2.5
CLSVOF_LS_NATIVE,7,128,5000,1.9479603535224503,0.024851608881778831,-0.24609375,0.32421875,127.19981211581845,0.90940043554384919,-2.4872904650018608,-2.5038937670823271,-2.5086824520391233,-0.016603302080466342,-0.021391987037262528,-2.5
CLSVOF_LS_NATIVE,7,128,5000,1.9479603535224503,0.024851608881778831,-0.24609375,0.33203125,126.54497232282266,1.7093555781894532,-2.4446659200764875,-2.4894720450465488,-2.4905817077183912,-0.044806124970061312,-0.045915787641903627,-2.5
CLSVOF_LS_NATIVE,7,128,5000,1.9479603535224503,0.024851608881778831,-0.23828125,-0.33984375,234.96380418990705,1.9358737977421698,-2.4037468196892653,-2.479896494701392,-2.469078534203677,-0.076149675012126661,-0.065331714514411665,-2.5
CLSVOF_LS_NATIVE,7,128,5000,1.9479603535224503,0.024851608881778831,-0.23828125,-0.33203125,234.33499846313811,1.1201146519759346,-2.4638966340010322,-2.5085514645658913,-2.5031512087526977,-0.044654830564859083,-0.039254574751665494,-2.5
CLSVOF_LS_NATIVE,7,128,5000,1.9479603535224503,0.024851608881778831,-0.23828125,-0.32421875,233.68635458123651,0.31110232219044015,-2.4738557670037289,-2.5262572767621183,-2.5155759377275149,-0.05240150975838942,-0.041720170723785976,-2.5
CLSVOF_LS_NATIVE,7,128,5000,1.9479603535224503,0.024851608881778831,-0.23828125,-0.31640625,233.01709307365519,0.49126912918913579,-2.5238270923304875,-2.5281552488683898,-2.5108035683184027,-0.0043281565379023057,0.013023524012084842,-2.5
CLSVOF_LS_NATIVE,7,128,5000,1.9479603535224503,0.024851608881778831,-0.23828125,-0.30859375,232.3264066601694,1.286529663974177,-2.5696464251870412,-2.5074856326854809,-2.5120759237696726,0.062160792501560369,0.057570501417368636,-2.5
CLSVOF_LS_NATIVE,7,128,5000,1.9479603535224503,0.024851608881778831,-0.23828125,0.30859375,127.6735933398306,1.2865295964023276,-2.5696464150023428,-2.5013846931440518,-2.5120759157244059,0.068261721858291047,0.057570499277936893,-2.5
CLSVOF_LS_NATIVE,7,128,5000,1.9479603535224503,0.024851608881778831,-0.23828125,0.31640625,126.9829069263448,0.49126906137250187,-2.5238270793226847,-2.5007531785795698,-2.5108035610511741,0.023073900743114883,0.013023518271510603,-2.5
CLSVOF_LS_NATIVE,7,128,5000,1.9479603535224503,0.024851608881778831,-0.23828125,0.32421875,126.31364541876347,0.31110239017430269,-2.4738557559833225,-2.5078069763670476,-2.5155759285916925,-0.033951220383725111,-0.041720172608370021,-2.5
CLSVOF_LS_NATIVE,7,128,5000,1.9479603535224503,0.024851608881778831,-0.23828125,0.33203125,125.66500153686191,1.1201147201339197,-2.4638966220026384,-2.5028095621558228,-2.5031511981336561,-0.038912940153184472,-0.039254576131017682,-2.5
CLSVOF_LS_NATIVE,7,128,5000,1.9479603535224503,0.024851608881778831,-0.23828125,0.33984375,125.03619581009295,1.9358738660972923,-2.4037468073140484,-2.4662857883956608,-2.4690785193924669,-0.062538981081612377,-0.06533171207841848,-2.5
CLSVOF_LS_NATIVE,7,128,5000,1.9479603535224503,0.024851608881778831,-0.23046875,-0.33984375,235.85641334806212,1.368210284393738,-2.4111416762456841,-2.4841414432161568,-2.4783532802135104,-0.072999766970472724,-0.067211603967826328,-2.5
CLSVOF_LS_NATIVE,7,128,5000,1.9479603535224503,0.024851608881778831,-0.23046875,-0.33203125,235.23480276342309,0.54356133572125576,-2.4657410809435136,-2.5119053057396652,-2.4979183918147547,-0.046164224796151565,-0.032177310871241094,-2.5
CLSVOF_LS_NATIVE,7,128,5000,1.9479603535224503,0.024851608881778831,-0.23046875,-0.32421875,234.59313426273022,0.27475512890236359,-2.5155714458105591,-2.5197596302572016,-2.5046221919389655,-0.0041881844466424845,0.010949253871593623,-2.5
CLSVOF_LS_NATIVE,7,128,5000,1.9479603535224503,0.024851608881778831,-0.23046875,-0.31640625,233.93059010041887,1.0866036721404104,-2.5747024236734988,-2.5124274687537316,-2.5154227487071945,0.0622749549197672,0.059279674966304263,-2.5
CLSVOF_LS_NATIVE,7,128,5000,1.9479603535224503,0.024851608881778831,-0.23046875,-0.30859375,233.24632081446839,1.8913824673463087,-2.6209895543983941,-2.5275661310501096,-2.5238265432139402,0.093423423348284462,0.097163011184453918,-2.5
CLSVOF_LS_NATIVE,7,128,5000,1.9479603535224503,0.024851608881778831,-0.23046875,0.30859375,126.7536791855316,1.8913823994684715,-2.6209895473554012,-2.4955932171558826,-2.5238265375897653,0.12539633019951868,0.097163009765635966,-2.5
CLSVOF_LS_NATIVE,7,128,5000,1.9479603535224503,0.024851608881778831,-0.23046875,0.31640625,126.06940989958113,1.0866036040687803,-2.5747024183188882,-2.508441048542811,-2.5154227418562041,0.066261369776077217,0.059279676462684172,-2.5
CLSVOF_LS_NATIVE,7,128,5000,1.9479603535224503,0.024851608881778831,-0.23046875,0.32421875,125.40686573726978,0.27475506068962674,-2.5155714347786504,-2.4948457991843158,-2.5046221778863496,0.020725635594334602,0.010949256892300863,-2.5
CLSVOF_LS_NATIVE,7,128,5000,1.9479603535224503,0.024851608881778831,-0.23046875,0.33203125,124.76519723657692,0.54356140402040853,-2.4657410765549606,-2.4859526173190165,-2.4979183814713397,-0.020211540764055957,-0.032177304916379157,-2.5
CLSVOF_LS_NATIVE,7,128,5000,1.9479603535224503,0.024851608881778831,-0.23046875,0.33984375,124.14358665193787,1.3682103529170802,-2.4111416436141995,-2.477382501719446,-2.4783532646219482,-0.066240858105246492,-0.06721162100774869,-2.5
CLSVOF_LS_NATIVE,7,128,5000,1.9479603535224503,0.024851608881778831,-0.22265625,-0.34765625,237.36249241571417,1.6526880697665016,-2.435510670211098,-2.4949574868413631,-2.487105437007938,-0.059446816630265076,-0.051594766796839941,-2.5
CLSVOF_LS_NATIVE,7,128,5000,1.9479603535224503,0.024851608881778831,-0.22265625,-0.33984375,236.76828893202054,0.81343303408764223,-2.4683268514022534,-2.5125235744477288,-2.504040752741258,-0.044196723045475395,-0.03571390133900465,-2.5
CLSVOF_LS_NATIVE,7,128,5000,1.9479603535224503,0.024851608881778831,-0.22265625,-0.33203125,236.15465973892816,0.020061059394096453,-2.4944830767748196,-2.5013380884013245,-2.4900362468179891,-0.0068550116265049255,0.0044468299568305447,-2.5
CLSVOF_LS_NATIVE,7,128,5000,1.9479603535224503,0.024851608881778831,-0.22265625,-0.32421875,235.52078431387423,0.84752981865162136,-2.5349156061967499,-2.5299062699395369,-2.5124483178008421,0.005009336257213004,0.022467288395907836,-2.5
CLSVOF_LS_NATIVE,7,128,5000,1.9479603535224503,0.024851608881778831,-0.22265625,-0.31640625,234.86580694308424,1.6686738072813168,-2.593499562844054,-2.5178841325340788,-2.5125910278991008,0.075615430309975196,0.080908534944953203,-2.5
CLSVOF_LS_NATIVE,7,128,5000,1.9479603535224503,0.024851608881778831,-0.22265625,0.31640625,125.13419305691576,1.6686737389404012,-2.5934995436573169,-2.4917154834339721,-2.5125910184694513,0.10178406022334485,0.080908525187865621,-2.5
CLSVOF_LS_NATIVE,7,128,5000,1.9479603535224503,0.024851608881778831,-0.22265625,0.32421875,124.47921568612576,0.84752975022350918,-2.5349155894751032,-2.5029293764395173,-2.5124483031938696,0.031986213035585909,0.022467286281233623,-2.5
CLSVOF_LS_NATIVE,7,128,5000,1.9479603535224503,0.024851608881778831,-0.22265625,0.33203125,123.84534026107183,0.020060990964260797,-2.4944830680070109,-2.4778165880979843,-2.4900362389984512,0.016666479909026588,0.0044468290085597495,-2.5
CLSVOF_LS_NATIVE,7,128,5000,1.9479603535224503,0.024851608881778831,-0.22265625,0.33984375,123.23171106797948,0.81343310258387413,-2.4683268466638157,-2.4980629030633268,-2.5040407446273063,-0.029736056399511046,-0.03571389796349056,-2.5
CLSVOF_LS_NATIVE,7,128,5000,1.9479603535224503,0.024851608881778831,-0.22265625,0.34765625,122.63750758428583,1.652688138236482,-2.4355106852589401,-2.4846925757578684,-2.4871054353979498,-0.049181890498928293,-0.051594750139009715,-2.5
CLSVOF_LS_NATIVE,7,128,5000,1.9479603535224503,0.024851608881778831,-0.21484375,-0.35546875,238.85141901380484,1.9735196452632546,-2.4129868133570076,-2.4838020188316619,-2.4717569408996147,-0.070815205474654253,-0.058770127542607131,-2.5
CLSVOF_LS_NATIVE,7,128,5000,1.9479603535224503,0.024851608881778831,-0.21484375,-0.34765625,238.28486648490207,1.120102890265982,-2.4741426956974903,-2.5094554302991172,-2.5045950824141716,-0.035312734601626872,-0.030452386716681268,-2.5
CLSVOF_LS_NATIVE,7,128,5000,1.9479603535224503,0.024851608881778831,-0.21484375,-0.33984375,237.69958448959724,0.27224733367798937,-2.4797955824872582,-2.5208914774050708,-2.5106347132636433,-0.041095894917812625,-0.030839130776385115,-2.5
CLSVOF_LS_NATIVE,7,128,5000,1.9479603535224503,0.024851608881778831,-0.21484375,-0.33203125,237.09475707701196,0.57022642581909244,-2.5285797220155048,-2.5209326196227479,-2.5050479351545354,0.0076471023927568993,0.023531786860969461,-2.5
CLSVOF_LS_NATIVE,7,128,5000,1.9479603535224503,0.024851608881778831,-0.21484375,-0.32421875,236.46953033286678,1.4067544856081302,-2.5540741814437053,-2.5043242433254367,-2.5040131926767999,0.049749938118268666,0.050060988766905457,-2.5
CLSVOF_LS_NATIVE,7,128,5000,1.9479603535224503,0.024851608881778831,-0.21484375,0.32421875,123.53046966713322,1.4067544170560362,-2.5540741682587984,-2.4901855751870028,-2.504013185419883,0.063888593071795619,0.050060982838915358,-2.5
CLSVOF_LS_NATIVE,7,128,5000,1.9479603535224503,0.024851608881778831,-0.21484375,0.33203125,122.90524292298804,0.57022635728045212,-2.528579716456524,-2.4942685849815875,-2.5050479306852402,0.034311131474936474,0.023531785771283786,-2.5
CLSVOF_LS_NATIVE,7,128,5000,1.9479603535224503,0.024851608881778831,-0.21484375,0.33984375,122.30041551040276,0.27224740221981253,-2.4797955789937762,-2.5014220253861028,-2.5106347186514251,-0.021626446392326582,-0.03083913965764884,-2.5
CLSVOF_LS_NATIVE,7,128,5000,1.9479603535224503,0.024851608881778831,-0.21484375,0.34765625,121.71513351509792,1.1201029588119298,-2.4741426853367514,-2.5038126494352917,-2.5045950814653177,-0.02966996409854028,-0.030452396128566317,-2.5
CLSVOF_LS_NATIVE,7,128,5000,1.9479603535224503,0.024851608881778831,-0.21484375,0.35546875,121.14858098619516,1.9735197137861895,-2.4129868027738675,-2.468140607904231,-2.4717569408077247,-0.055153805130363498,-0.058770138033857222,-2.5
CLSVOF_LS_NATIVE,7,128,5000,1.9479603535224503,0.024851608881778831,-0.20703125,-0.35546875,239.78272604261554,1.4633140100499256,-2.3907359092740008,-2.4838852036420938,-2.4766597734224565,-0.093149294368092939,-0.085923864148455653,-2.5
CLSVOF_LS_NATIVE,7,128,5000,1.9479603535224503,0.024851608881778831,-0.20703125,-0.34765625,239.22596389875167,0.60149984126516731,-2.4661157148394155,-2.5108571436152385,-2.4982559728642708,-0.044741428775822989,-0.032140258024855317,-2.5
CLSVOF_LS_NATIVE,7,128,5000,1.9479603535224503,0.024851608881778831,-0.20703125,-0.33984375,238.65041913475687,0.25512244707052117,-2.5136730013259161,-2.5169298491035819,-2.5030139671227101,-0.0032568477776657723,0.010659034203206019,-2.5
CLSVOF_LS_NATIVE,7,128,5000,1.9479603535224503,0.024851608881778831,-0.20703125,-0.33203125,238.05524722379647,1.1065112095223375,-2.5723517845532813,-2.5089636797885251,-2.5105978026784039,0.063388104764756203,0.061753981874877351,-2.5
CLSVOF_LS_NATIVE,7,128,5000,1.9479603535224503,0.024851608881778831,-0.20703125,-0.32421875,237.43956201884646,1.9521051048654634,-2.6085869512328959,-2.5242181461254125,-2.5162453915101022,0.084368805107483347,0.092341559722793676,-2.5
CLSVOF_LS_NATIVE,7,128,5000,1.9479603535224503,0.024851608881778831,-0.20703125,0.32421875,122.56043798115356,1.9521050362861914,-2.6085869507005186,-2.4872610493396401,-2.5162453870777242,0.12132590136087851,0.092341563622794443,-2.5
CLSVOF_LS_NATIVE,7,128,5000,1.9479603535224503,0.024851608881778831,-0.20703125,0.33203125,121.94475277620353,1.1065111409233606,-2.5723517749204108,-2.505658063741091,-2.5105977989591381,0.06669371117931977,0.061753975961272634,-2.5
CLSVOF_LS_NATIVE,7,128,5000,1.9479603535224503,0.024851608881778831,-0.20703125,0.33984375,121.34958086524313,0.25512237848958891,-2.5136729923852852,-2.4929517255180098,-2.5030139599322534,0.020721266867275379,0.010659032453031791,-2.5
CLSVOF_LS_NATIVE,7,128,5000,1.9479603535224503,0.024851608881778831,-0.20703125,0.34765625,120.77403610124831,0.60149990980108081,-2.4661157153597104,-2.4874728026899229,-2.4982559713252486,-0.021357087330212465,-0.032140255965538156,-2.5
CLSVOF_LS_NATIVE,7,128,5000,1.9479603535224503,0.024851608881778831,-0.20703125,0.35546875,120.21727395738445,1.4633140785372973,-2.3907359123325866,-2.4753010902763046,-2.4766597718593122,-0.084565177943717984,-0.085923859526725543,-2.5
CLSVOF_LS_NATIVE,7,128,5000,1.9479603535224503,0.024851608881778831,-0.19921875,-0.36328125,241.26020470831185,1.8416718943602692,-2.4425654555135705,-2.4875650011056223,-2.4765973454011476,-0.044999545592051771,-0.034031889887577105,-2.5
CLSVOF_LS_NATIVE,7,128,5000,1.9479603535224503,0.024851608881778831,-0.19921875,-0.35546875,240.73200478510716,0.96698206011636423,-2.4881592794820295,-2.5082184312292601,-2.5007278331849654,-0.020059151747230608,-0.012568553702935858,-2.5
CLSVOF_LS_NATIVE,7,128,5000,1.9479603535224503,0.024851608881778831,-0.19921875,-0.34765625,240.18583726220118,0.097063419451359267,-2.4845542246462391,-2.5070314492904551,-2.4975272990739992,-0.022477224644215976,-0.012973074427760078,-2.5
CLSVOF_LS_NATIVE,7,128,5000,1.9479603535224503,0.024851608881778831,-0.19921875,-0.33984375,239.62087398863156,0.76817738139052738,-2.5352884571319305,-2.5261660587988857,-2.509078210850733,0.0091223983330448455,0.026210246281197502,-2.5
CLSVOF_LS_NATIVE,7,128,5000,1.9479603535224503,0.024851608881778831,-0.19921875,-0.33203125,239.03624346792634,1.6282901273593071,-2.5829259507801137,-2.5179354341839586,-2.5147301229633894,0.064990516596155068,0.068195827816724286,-2.5
CLSVOF_LS_NATIVE,7,128,5000,1.9479603535224503,0.024851608881778831,-0.19921875,0.33203125,120.96375653207365,1.6282900587737901,-2.5829259461115708,-2.4957037723967432,-2.5147301206833497,0.087222173714827544,0.068195825428221113,-2.5
CLSVOF_LS_NATIVE,7,128,5000,1.9479603535224503,0.024851608881778831,-0.19921875,0.33984375,120.37912601136846,0.76817731284219481,-2.535288457979803,-2.4980729554801959,-2.5090782033132943,0.037215502499607034,0.026210254666508614,-2.5
CLSVOF_LS_NATIVE,7,128,5000,1.9479603535224503,0.024851608881778831,-0.19921875,0.34765625,119.81416273779881,0.097063487995537837,-2.4845542172850417,-2.4859308225909258,-2.4975272985789183,-0.0013766053058841266,-0.012973081293876643,-2.5
CLSVOF_LS_NATIVE,7,128,5000,1.9479603535224503,0.024851608881778831,-0.19921875,0.35546875,119.26799521489282,0.9669821286035164,-2.4881592753659301,-2.4987421963150407,-2.5007278318588417,-0.010582920949110619,-0.012568556492911664,-2.5
CLSVOF_LS_NATIVE,7,128,5000,1.9479603535224503,0.024851608881778831,-0.19921875,0.36328125,118.73979529168817,1.8416719628459719,-2.4425654447695697,-2.4730331940162822,-2.476597341291459,-0.030467749246712472,-0.034031896521889315,-2.5
CLSVOF_LS_NATIVE,7,128,5000,1.9479603535224503,0.024851608881778831,-0.19140625,-0.36328125,242.21607358779062,1.3682613499699865,-2.4045545640473516,-2.4900597789861592,-2.482742091242526,-0.085505214938807583,-0.078187527195174411,-2.5
CLSVOF_LS_NATIVE,7,128,5000,1.9479603535224503,0.024851608881778831,-0.19140625,-0.35546875,241.69924423399351,0.4855412303722248,-2.4691779716336137,-2.5139704539520338,-2.5020198288550257,-0.044792482318420035,-0.032841857221411974,-2.5
CLSVOF_LS_NATIVE,7,128,5000,1.9479603535224503,0.024851608881778831,-0.19140625,-0.34765625,241.16449915225678,0.39274959380563845,-2.5241368241876558,-2.5195438603961966,-2.5056872942855382,0.0045929637914592369,0.018449529902117678,-2.5
CLSVOF_LS_NATIVE,7,128,5000,1.9479603535224503,0.024851608881778831,-0.19140625,-0.33984375,240.61098853367955,1.2664803370010007,-2.5760485941855906,-2.5097064820816475,-2.5103547948117759,0.066342112103943141,0.065693799373814699,-2.5
CLSVOF_LS_NATIVE,7,128,5000,1.9479603535224503,0.024851608881778831,-0.19140625,0.33984375,119.38901146632045,1.2664802684903591,-2.5760485846907257,-2.5030798305287103,-2.5103547923613121,0.072968754162015426,0.065693792329413636,-2.5
CLSVOF_LS_NATIVE,7,128,5000,1.9479603535224503,0.024851608881778831,-0.19140625,0.34765625,118.83550084774321,0.39274952531417667,-2.5241368152652188,-2.4959695448202428,-2.5056872951007634,0.028167270444976023,0.018449520164455446,-2.5
CLSVOF_LS_NATIVE,7,128,5000,1.9479603535224503,0.024851608881778831,-0.19140625,0.35546875,118.30075576600649,0.48554129879475566,-2.4691779749811551,-2.4908792812823703,-2.5020198280929855,-0.021701306301215251,-0.03284185311183041,-2.5
CLSVOF_LS_NATIVE,7,128,5000,1.9479603535224503,0.024851608881778831,-0.19140625,0.36328125,117.7839264122094,1.3682614183928177,-2.4045545498937302,-2.4816858053147053,-2.4827420868620202,-0.077131255420975098,-0.078187536968290061,-2.5
CLSVOF_LS_NATIVE,7,128,5000,1.9479603535224503,0.024851608881778831,-0.18359375,-0.37109375,243.67670173219,1.8039453364132259,-2.4358292240401624,-2.4870360320049083,-2.4762550610894225,-0.05120680796474586,-0.04042583704926006,-2.5
CLSVOF_LS_NATIVE,7,128,5000,1.9479603535224503,0.024851608881778831,-0.18359375,-0.36328125,243.18904569965116,0.90949804048406202,-2.4718830872220501,-2.5060277222755181,-2.4977796580906042,-0.034144635053467987,-0.025896570868554125,-2.5
CLSVOF_LS_NATIVE,7,128,5000,1.9479603535224503,0.024851608881778831,-0.18359375,-0.35546875,242.68439202655765,0.01900149986092399,-2.4948485196517396,-2.5072749429537695,-2.4965504100840663,-0.012426423302029921,-0.0017018904323267137,-2.5
CLSVOF_LS_NATIVE,7,128,5000,1.9479603535224503,0.024851608881778831,-0.18359375,-0.34765625,242.16191880286516,0.8674161508229945,-2.5381586503606095,-2.5310698654626043,-2.5173140882342837,0.0070887848980052404,0.020844562126325794,-2.5
CLSVOF_LS_NATIVE,7,128,5000,1.9479603535224503,0.024851608881778831,-0.18359375,-0.33984375,241.62075691389191,1.7494617884007424,-2.5860338605635627,-2.5183298543636345,-2.5142215268318249,0.067704006199928113,0.071812333731737787,-2.5
CLSVOF_LS_NATIVE,7,128,5000,1.9479603535224503,0.024851608881778831,-0.18359375,0.33984375,118.37924308610808,1.7494617200112828,-2.5860338630619677,-2.4921777388282114,-2.5142215285346263,0.093856124233756333,0.07181233452734137,-2.5
CLSVOF_LS_NATIVE,7,128,5000,1.9479603535224503,0.024851608881778831,-0.18359375,0.34765625,117.83808119713483,0.86741608247232505,-2.5381586589062799,-2.5082043483889573,-2.5173140856768903,0.029954310517322558,0.020844573229389596,-2.5
CLSVOF_LS_NATIVE,7,128,5000,1.9479603535224503,0.024851608881778831,-0.18359375,0.35546875,117.31560797344237,0.01900156823474906,-2.4948485114026013,-2.4855889104645339,-2.4965504096877864,0.009259600938067436,-0.0017018982851850772,-2.5
CLSVOF_LS_NATIVE,7,128,5000,1.9479603535224503,0.024851608881778831,-0.18359375,0.36328125,116.81095430034883,0.90949810876754844,-2.4718830931166562,-2.4944543028395838,-2.4977796602790758,-0.022571209722927588,-0.025896567162419615,-2.5
CLSVOF_LS_NATIVE,7,128,5000,1.9479603535224503,0.024851608881778831,-0.18359375,0.37109375,116.32329826780999,1.803945404580239,-2.4358292628951945,-2.4723774008764368,-2.4762550653474804,-0.036548137981242235,-0.040425802452285886,-2.5
CLSVOF_LS_NATIVE,7,128,5000,1.9479603535224503,0.024851608881778831,-0.17578125,-0.37109375,244.65382405805317,1.368180130546399,-2.4301966990656361,-2.4969895477399948,-2.489490627213669,-0.066792848674358751,-0.059293928148032915,-2.5
CLSVOF_LS_NATIVE,7,128,5000,1.9479603535224503,0.024851608881778831,-0.17578125,-0.36328125,244.17900802581059,0.46619283121519811,-2.4741138229714812,-2.5140957197382865,-2.5033379954199759,-0.039981896766805303,-0.029224172448494734,-2.5
CLSVOF_LS_NATIVE,7,128,5000,1.9479603535224503,0.024851608881778831,-0.17578125,-0.35546875,243.68735150521104,0.43213527466387003,-2.5237876853359125,-2.5175985270912893,-2.5042961722873796,0.006189158244623183,0.019491513048532916,-2.5
CLSVOF_LS_NATIVE,7,128,5000,1.9479603535224503,0.024851608881778831,-0.17578125,-0.34765625,243.17801879841841,1.3265632972863723,-2.5714288782645327,-2.5090554233854077,-2.5095490091005672,0.062373454879125045,0.061879869163965484,-2.5
CLSVOF_LS_NATIVE,7,128,5000,1.9479603535224503,0.024851608881778831,-0.17578125,0.34765625,116.82198120158161,1.3265632290258778,-2.5714288771038118,-2.5015330065984394,-2.5095490107013325,0.069895870505372493,0.061879866402479333,-2.5
CLSVOF_LS_NATIVE,7,128,5000,1.9479603535224503,0.024851608881778831,-0.17578125,0.35546875,116.31264849478897,0.43213520638923825,-2.5237876786826763,-2.4946569702156962,-2.5042961752797144,0.029130708466980071,0.019491503402961907,-2.5
CLSVOF_LS_NATIVE,7,128,5000,1.9479603535224503,0.024851608881778831,-0.17578125,0.36328125,115.82099197418941,0.46619289940409187,-2.4741138311088386,-2.492854217455811,-2.5033379975207577,-0.018740386346972393,-0.02922416641191905,-2.5
CLSVOF_LS_NATIVE,7,128,5000,1.9479603535224503,0.024851608881778831,-0.17578125,0.37109375,115.34617594194683,1.3681801988216418,-2.4301966457284112,-2.4879439352459407,-2.4894906231276073,-0.057747289517529499,-0.059293977399196063,-2.5
CLSVOF_LS_NATIVE,7,128,5000,1.9479603535224503,0.024851608881778831,-0.16796875,-0.37890625,246.09233950582737,1.860547141206168,-2.4166542060398686,-2.4813430792645477,-2.4692841907261096,-0.064688873224679089,-0.052629984686241027,-2.5
CLSVOF_LS_NATIVE,7,128,5000,1.9479603535224503,0.024851608881778831,-0.16796875,-0.37109375,245.64699082497026,0.94790199942138642,-2.456771135238228,-2.5039985853671758,-2.4962255520447707,-0.047227450128947801,-0.039454416806542714,-2.5
CLSVOF_LS_NATIVE,7,128,5000,1.9479603535224503,0.024851608881778831,-0.16796875,-0.36328125,245.18580300946473,0.038532991468796178,-2.4969230793274959,-2.5087140117029776,-2.4982141225536783,-0.011790932375481677,-0.0012910432261823424,-2.5
CLSVOF_LS_NATIVE,7,128,5000,1.9479603535224503,0.024851608881778831,-0.16796875,-0.35546875,244.7079788429786,0.86742841805338922,-2.5435597466539073,-2.5312213214768065,-2.5179701602751088,0.01233842517710082,0.02558958637879849,-2.5
CLSVOF_LS_NATIVE,7,128,5000,1.9479603535224503,0.024851608881778831,-0.16796875,-0.34765625,244.21267181718551,1.7696870733721368,-2.589543238817317,-2.5181718074843831,-2.5141127520589412,0.071371431332933888,0.075430486758375714,-2.5
CLSVOF_LS_NATIVE,7,128,5000,1.9479603535224503,0.024851608881778831,-0.16796875,0.34765625,115.78732818281449,1.7696870052103402,-2.5895432384293078,-2.492818180198344,-2.5141127553407872,0.096725058230963779,0.075430483088520628,-2.5
CLSVOF_LS_NATIVE,7,128,5000,1.9479603535224503,0.024851608881778831,-0.16796875,0.35546875,115.29202115702141,0.86742834992562223,-2.5435597545470428,-2.5089272015663449,-2.5179701586647929,0.034632552980697895,0.025589595882249849,-2.5
CLSVOF_LS_NATIVE,7,128,5000,1.9479603535224503,0.024851608881778831,-0.16796875,0.36328125,114.81419699053528,0.038533059595582231,-2.496923069547083,-2.4863984532991323,-2.4982141215129521,0.010524616247950647,-0.0012910519658690944,-2.5
CLSVOF_LS_NATIVE,7,128,5000,1.9479603535224503,0.024851608881778831,-0.16796875,0.37109375,114.35300917502975,0.94790206736923555,-2.4567711727855643,-2.4936762948359217,-2.4962255584204018,-0.036905122050357342,-0.039454385634837497,-2.5
CLSVOF_LS_NATIVE,7,128,5000,1.9479603535224503,0.024851608881778831,-0.16796875,0.37890625,113.90766049417263,1.8605472091124948,-2.4166542559678943,-2.4641724381863854,-2.4692842025307913,-0.047518182218491134,-0.05262994656289699,-2.5
CLSVOF_LS_NATIVE,7,128,5000,1.9479603535224503,0.024851608881778831,-0.16015625,-0.37890625,247.08717160322823,1.4632190385398436,-2.4203751468558998,-2.4893442129197814,-2.4811942201714428,-0.068969066063881534,-0.060819073315542926,-2.5
CLSVOF_LS_NATIVE,7,128,5000,1.9479603535224503,0.024851608881778831,-0.16015625,-0.37109375,246.65598903842238,0.54356205983424255,-2.477309891356561,-2.5094493329316352,-2.5005314257895481,-0.032139441575074201,-0.023221534432987134,-2.5
CLSVOF_LS_NATIVE,7,128,5000,1.9479603535224503,0.024851608881778831,-0.16015625,-0.36328125,246.20922613422269,0.37304864123646458,-2.514314467753163,-2.5159521685265771,-2.5038942895190068,-0.0016377007734140747,0.010420178234156197,-2.5
CLSVOF_LS_NATIVE,7,128,5000,1.9479603535224503,0.024851608881778831,-0.16015625,-0.35546875,245.74608027568331,1.2864704001235154,-2.5655197447500053,-2.5077439735794798,-2.5077304009315373,0.057775771170525569,0.057789343818468009,-2.5
CLSVOF_LS_NATIVE,7,128,5000,1.9479603535224503,0.024851608881778831,-0.16015625,0.35546875,114.2539197243167,1.2864703320817685,-2.5655197464534383,-2.5033850101612609,-2.5077304057413299,0.062134736292177362,0.057789340712108395,-2.5
CLSVOF_LS_NATIVE,7,128,5000,1.9479603535224503,0.024851608881778831,-0.16015625,0.36328125,113.79077386577731,0.37304857320575219,-2.5143144708034515,-2.4946712119974244,-2.5038943007438736,0.019643258806027131,0.010420170059577849,-2.5
CLSVOF_LS_NATIVE,7,128,5000,1.9479603535224503,0.024851608881778831,-0.16015625,0.37109375,113.34401096157762,0.5435621277819398,-2.4773098971906,-2.4907483625351876,-2.5005314370689544,-0.013438465344587591,-0.023221539878354402,-2.5
CLSVOF_LS_NATIVE,7,128,5000,1.9479603535224503,0.024851608881778831,-0.16015625,0.37890625,112.91282839677177,1.4632191065740565,-2.4203751143996657,-2.4782116413541426,-2.4811942262717461,-0.057836526954476941,-0.060819111872080445,-2.5
CLSVOF_LS_NATIVE,7,128,5000,1.9479603535224503,0.024851608881778831,-0.15234375,-0.37890625,248.09682191816071,1.0819298670584689,-2.4542087282857512,-2.5011945383557928,-2.4957908154361026,-0.046985810070041545,-0.041582087150351388,-2.5
CLSVOF_LS_NATIVE,7,128,5000,1.9479603535224503,0.024851608881778831,-0.15234375,-0.37109375,247.6805596070248,0.15554689339453193,-2.4833805658700667,-2.5060620774863045,-2.4970147542097507,-0.022681511616237771,-0.013634188339683995,-2.5
CLSVOF_LS_NATIVE,7,128,5000,1.9479603535224503,0.024851608881778831,-0.15234375,-0.36328125,247.24902365721226,0.76819428986053306,-2.5503123393749485,-2.5205823247592756,-2.506579588341447,0.029730014615672928,0.043732751033501494,-2.5
CLSVOF_LS_NATIVE,7,128,5000,1.9479603535224503,0.024851608881778831,-0.15234375,-0.35546875,246.8014094863517,1.6888384585447154,-2.5889160660778439,-2.5147973900652958,-2.5120895499463574,0.074118676012548068,0.0768265161314865,-2.5
CLSVOF_LS_NATIVE,7,128,5000,1.9479603535224503,0.024851608881778831,-0.15234375,0.35546875,113.19859051364831,1.6888383905726918,-2.5889160721911231,-2.4943038345169324,-2.5120895585004259,0.094612237674190691,0.076826513690697151,-2.5
CLSVOF_LS_NATIVE,7,128,5000,1.9479603535224503,0.024851608881778831,-0.15234375,0.36328125,112.75097634278775,0.76819422191501519,-2.5503123515450525,-2.4966512389854496,-2.506579592651657,0.05366111255960293,0.043732758893395562,-2.5
CLSVOF_LS_NATIVE,7,128,5000,1.9479603535224503,0.024851608881778831,-0.15234375,0.37109375,112.31944039297521,0.1555469613291656,-2.4833805672293567,-2.4863263160484284,-2.4970147626812862,-0.0029457488190716141,-0.013634195451929454,-2.5
CLSVOF_LS_NATIVE,7,128,5000,1.9479603535224503,0.024851608881778831,-0.15234375,0.37890625,111.90317808183929,1.0819299349480962,-2.4542087469673541,-2.4952989300582433,-2.4957908235815518,-0.041090183090889187,-0.041582076614197661,-2.5
CLSVOF_LS_NATIVE,7,128,5000,1.9479603535224503,0.024851608881778831,-0.14453125,-0.38671875,249.50740523012959,1.6527862240173248,-2.4176980188388648,-2.4901995453201371,-2.4790671070800707,-0.072501526481272283,-0.061369088241205905,-2.5
CLSVOF_LS_NATIVE,7,128,5000,1.9479603535224503,0.024851608881778831,-0.14453125,-0.37890625,249.12098311944246,0.71715564455363212,-2.4852658686241584,-2.512287085384779,-2.5059971204696634,-0.027021216760620526,-0.02073125184550495,-2.5
CLSVOF_LS_NATIVE,7,128,5000,1.9479603535224503,0.024851608881778831,-0.14453125,-0.37109375,248.72039557230448,0.21583985578139478,-2.5065393275914496,-2.5129111316832584,-2.500682576521899,-0.0063718040918088192,0.0058567510695506364,-2.5
CLSVOF_LS_NATIVE,7,128,5000,1.9479603535224503,0.024851608881778831,-0.14453125,-0.36328125,248.30489053920303,1.1463771567542711,-2.5463722974252816,-2.5036016308978555,-2.5025521184803714,0.042770666527426116,0.043820178944910193,-2.5
CLSVOF_LS_NATIVE,7,128,5000,1.9479603535224503,0.024851608881778831,-0.14453125,0.36328125,111.69510946079698,1.146377088803231,-2.546372306917779,-2.5018899518806315,-2.5025521284147314,0.044482355037147592,0.043820178503047647,-2.5
CLSVOF_LS_NATIVE,7,128,5000,1.9479603535224503,0.024851608881778831,-0.14453125,0.37109375,111.27960442769552,0.21583978783685168,-2.5065393386761463,-2.4932357864377575,-2.5006825899700362,0.01330355223838886,0.005856748706110082,-2.5
CLSVOF_LS_NATIVE,7,128,5000,1.9479603535224503,0.024851608881778831,-0.14453125,0.37890625,110.87901688055754,0.71715571248192511,-2.4852658820847346,-2.5011480111391302,-2.5059971419509415,-0.015882129054395566,-0.02073125986620683,-2.5
CLSVOF_LS_NATIVE,7,128,5000,1.9479603535224503,0.024851608881778831,-0.14453125,0.38671875,110.49259476987041,1.6527862919497369,-2.4176980278298248,-2.4737878774241233,-2.4790671266618092,-0.056089849594298524,-0.061369098831984381,-2.5
CLSVOF_LS_NATIVE,7,128,5000,1.9479603535224503,0.024851608881778831,-0.13671875,-0.38671875,250.52969799053295,1.3110740160518768,-2.429546194957021,-2.490812466028423,-2.4831802212805645,-0.061266271071402034,-0.053634026323543527,-2.5
CLSVOF_LS_NATIVE,7,128,5000,1.9479603535224503,0.024851608881778831,-0.13671875,-0.37890625,250.15930191603155,0.36932243489675581,-2.4697900971031412,-2.5074414593043435,-2.4991995190696357,-0.037651362201202243,-0.029409421966494431,-2.5
CLSVOF_LS_NATIVE,7,128,5000,1.9479603535224503,0.024851608881778831,-0.13671875,-0.37109375,249.7751405688318,0.57022931897251616,-2.5355899473918786,-2.5169210691892601,-2.5039616743267739,0.018668878202618533,0.031628273065104739,-2.5
CLSVOF_LS_NATIVE,7,128,5000,1.9479603535224503,0.024851608881778831,-0.13671875,-0.36328125,249.37646861667469,1.507407959938081,-2.5875353685527829,-2.5133954836277921,-2.5111469330650849,0.074139884924990795,0.076388435487698025,-2.5
CLSVOF_LS_NATIVE,7,128,5000,1.9479603535224503,0.024851608881778831,-0.13671875,0.36328125,110.62353138332533,1.5074078919110594,-2.5875353730059003,-2.5003621583146378,-2.5111469466120129,0.087173214691262491,0.076388426393887432,-2.5
CLSVOF_LS_NATIVE,7,128,5000,1.9479603535224503,0.024851608881778831,-0.13671875,0.37109375,110.2248594311682,0.57022925093433374,-2.5355899579483712,-2.49513095712943,-2.5039616920985037,0.04045900081894116,0.031628265849867443,-2.5
CLSVOF_LS_NATIVE,7,128,5000,1.9479603535224503,0.024851608881778831,-0.13671875,0.37890625,109.84069808396846,0.36932250295422842,-2.4697901167640621,-2.4893501198710286,-2.499199539484676,-0.019560003106966484,-0.029409422720613865,-2.5
CLSVOF_LS_NATIVE,7,128,5000,1.9479603535224503,0.024851608881778831,-0.13671875,0.38671875,109.47030200946706,1.3110740841286119,-2.4295462162598338,-2.4798467458050406,-2.483180238930649,-0.050300529545206807,-0.053634022670815185,-2.5
CLSVOF_LS_NATIVE,7,128,5000,1.9479603535224503,0.024851608881778831,-0.12890625,-0.39453125,251.90609345593674,1.9358834586901921,-2.4155147599297644,-2.4880009729499846,-2.471049684137244,-0.07248621302022018,-0.05553492420747963,-2.5
CLSVOF_LS_NATIVE,7,128,5000,1.9479603535224503,0.024851608881778831,-0.12890625,-0.38671875,251.56505117707786,0.98624216458451486,-2.4568311377497292,-2.5006119054556462,-2.4942854599421675,-0.04378076770591699,-0.037454322192438383,-2.5
CLSVOF_LS_NATIVE,7,128,5000,1.9479603535224503,0.024851608881778831,-0.12890625,-0.37890625,251.21137801783141,0.038536224891060893,-2.4973863206480642,-2.5067529603151888,-2.4967894337915588,-0.0093666396671245877,0.00059688685650538531,-2.5
CLSVOF_LS_NATIVE,7,128,5000,1.9479603535224503,0.024851608881778831,-0.12890625,-0.37109375,250.84438755456023,0.90717987241026765,-2.5444886368586546,-2.5244974410393759,-2.517903032930835,0.019991195819278662,0.026585603927819612,-2.5
CLSVOF_LS_NATIVE,7,128,5000,1.9479603535224503,0.024851608881778831,-0.12890625,-0.36328125,250.46334506187151,1.8507131450448151,-2.5935280681267838,-2.5184839005578556,-2.5119960767723777,0.075044167568928177,0.081531991354406141,-2.5
CLSVOF_LS_NATIVE,7,128,5000,1.9479603535224503,0.024851608881778831,-0.12890625,0.36328125,109.53665493812849,1.8507130769192048,-2.5935280937389114,-2.4910984807489855,-2.5119960975721867,0.10242961298992581,0.081531996166724685,-2.5
CLSVOF_LS_NATIVE,7,128,5000,1.9479603535224503,0.024851608881778831,-0.12890625,0.37109375,109.15561244543977,0.90717980422656741,-2.5444886697884948,-2.5123789366898688,-2.5179030597527259,0.03210973309862597,0.02658561003576887,-2.5
CLSVOF_LS_NATIVE,7,128,5000,1.9479603535224503,0.024851608881778831,-0.12890625,0.37890625,108.78862198216858,0.038536293211508844,-2.4973863370389586,-2.4858591670020918,-2.4967894562224919,0.011527170036866874,0.00059688081646669389,-2.5
CLSVOF_LS_NATIVE,7,128,5000,1.9479603535224503,0.024851608881778831,-0.12890625,0.38671875,108.43494882292212,0.9862422329709325,-2.4568311456696432,-2.49326100126539,-2.4942854805309294,-0.036429855595746741,-0.037454334861286132,-2.5
CLSVOF_LS_NATIVE,7,128,5000,1.9479603535224503,0.024851608881778831,-0.12890625,0.39453125,108.09390654406326,1.9358835271773707,-2.415514772596445,-2.4623026899691416,-2.4710497066909607,-0.046787917372696608,-0.055534934094515709,-2.5
CLSVOF_LS_NATIVE,7,128,5000,1.9479603535224503,0.024851608881778831,-0.12109375,-0.39453125,252.93714282653849,1.6338830227555015,-2.4137850867301363,-2.4907147683441355,-2.476254150446437,-0.076929681613999268,-0.062469063716300788,-2.5
CLSVOF_LS_NATIVE,7,128,5000,1.9479603535224503,0.024851608881778831,-0.12109375,-0.38671875,252.61302782308437,0.67868428174402717,-2.4705168737464609,-2.5060989515087173,-2.5008530019376414,-0.035582077762256414,-0.030336128191180478,-2.5
CLSVOF_LS_NATIVE,7,128,5000,1.9479603535224503,0.024851608881778831,-0.12109375,-0.37890625,252.27676338311358,0.27475303998409473,-2.5153195622699784,-2.5115700108625645,-2.5014590686548819,0.0037495514074139535,0.013860493615096559,-2.5
CLSVOF_LS_NATIVE,7,128,5000,1.9479603535224503,0.024851608881778831,-0.12109375,-0.37109375,251.92767785104039,1.2263778300625268,-2.5593835140618366,-2.5052226087799285,-2.5016497012906278,0.054160905281908089,0.057733812771208814,-2.5
CLSVOF_LS_NATIVE,7,128,5000,1.9479603535224503,0.024851608881778831,-0.12109375,0.37109375,108.07232214895961,1.2263777615015874,-2.5593835228868715,-2.5025778119627895,-2.5016497223535445,0.056805710924082042,0.057733800533326995,-2.5
CLSVOF_LS_NATIVE,7,128,5000,1.9479603535224503,0.024851608881778831,-0.12109375,0.37890625,107.72323661688642,0.27475297127406861,-2.5153195728318396,-2.494409884369488,-2.5014590872234619,0.020909688462351639,0.013860485608377715,-2.5
CLSVOF_LS_NATIVE,7,128,5000,1.9479603535224503,0.024851608881778831,-0.12109375,0.38671875,107.38697217691563,0.6786843504860518,-2.470516912304078,-2.4950657786389323,-2.5008530291111661,-0.024548866334854313,-0.030336116807088143,-2.5
CLSVOF_LS_NATIVE,7,128,5000,1.9479603535224503,0.024851608881778831,-0.12109375,0.39453125,107.06285717346151,1.6338830916635498,-2.4137851203812319,-2.4690371435849245,-2.4762541754830107,-0.055252023203692602,-0.062469055101778803,-2.5
CLSVOF_LS_NATIVE,7,128,5000,1.9479603535224503,0.024851608881778831,-0.11328125,-0.39453125,253.97970769792869,1.3491140376505959,-2.4388178851358813,-2.4956566389662984,-2.4838281781143126,-0.056838753830417144,-0.045010292978431288,-2.5
CLSVOF_LS_NATIVE,7,128,5000,1.9479603535224503,0.024851608881778831,-0.11328125,-0.38671875,253.67314648943488,0.38870583240602813,-2.4790425793267756,-2.5070048248377983,-2.4991627112730526,-0.027962245511022665,-0.020120131946276931,-2.5
CLSVOF_LS_NATIVE,7,128,5000,1.9479603535224503,0.024851608881778831,-0.11328125,-0.37890625,253.35496178532395,0.57021179119904286,-2.5262410696925381,-2.5153664581312856,-2.5020792567546359,0.010874611561252578,0.024161812937902205,-2.5
CLSVOF_LS_NATIVE,7,128,5000,1.9479603535224503,0.024851608881778831,-0.11328125,-0.37109375,253.02450053207014,1.5275075950666459,-2.5804129263870244,-2.5130155422059417,-2.5069149388802843,0.067397384181082653,0.073497987506740081,-2.5
CLSVOF_LS_NATIVE,7,128,5000,1.9479603535224503,0.024851608881778831,-0.11328125,0.37109375,106.97549946792985,1.5275075260759892,-2.5804129561222107,-2.4977659596379773,-2.5069149642228501,0.082646996484233348,0.073497991899360571,-2.5
CLSVOF_LS_NATIVE,7,128,5000,1.9479603535224503,0.024851608881778831,-0.11328125,0.37890625,106.64503821467605,0.57021172202647785,-2.5262411024251579,-2.4936857765890941,-2.5020792835080385,0.032555325836063798,0.024161818917119326,-2.5
CLSVOF_LS_NATIVE,7,128,5000,1.9479603535224503,0.024851608881778831,-0.11328125,0.38671875,106.32685351056513,0.38870590178084957,-2.4790425951270922,-2.4900067998890281,-2.4991627377865946,-0.010964204761935825,-0.020120142659502349,-2.5
CLSVOF_LS_NATIVE,7,128,5000,1.9479603535224503,0.024851608881778831,-0.11328125,0.39453125,106.02029230207133,1.349114107240984,-2.4388178917257037,-2.4785278503052752,-2.483828199632613,-0.039709958579571492,-0.045010307906909297,-2.5
CLSVOF_LS_NATIVE,7,128,5000,1.9479603535224503,0.024851608881778831,-0.10546875,-0.39453125,255.03328043599504,1.0819628645149439,-2.4436592095907699,-2.4979583604439703,-2.4940042994096401,-0.054299150853200473,-0.050345089818870203,-2.5
CLSVOF_LS_NATIVE,7,128,5000,1.9479603535224503,0.024851608881778831,-0.10546875,-0.38671875,254.74488129694211,0.11656925377051801,-2.490563065438121,-2.5065400924487986,-2.4964737144924829,-0.015977027010677602,-0.0059106490543618939,-2.5
CLSVOF_LS_NATIVE,7,128,5000,1.9479603535224503,0.024851608881778831,-0.10546875,-0.37890625,254.44542872992548,0.84755918793139873,-2.5490776857576529,-2.5274785716913861,-2.5126821662992134,0.0215991140662668,0.036395519458439551,-2.5
CLSVOF_LS_NATIVE,7,128,5000,1.9479603535224503,0.024851608881778831,-0.10546875,-0.37109375,254.13429219722607,1.8101938787101925,-2.5950829090591365,-2.5162435169079607,-2.5099307151803454,0.078839392151175858,0.085152193878791138,-2.5
CLSVOF_LS_NATIVE,7,128,5000,1.9479603535224503,0.024851608881778831,-0.10546875,0.37109375,105.86570780277393,1.8101938090564216,-2.5950829350277851,-2.4902425122049117,-2.5099307422435517,0.10484042282287342,0.08515219278423336,-2.5
CLSVOF_LS_NATIVE,7,128,5000,1.9479603535224503,0.024851608881778831,-0.10546875,0.37890625,105.5545712700745,0.84755911805946538,-2.5490777101250899,-2.5042209872044552,-2.5126821854668373,0.044856722920634695,0.036395524658252576,-2.5
CLSVOF_LS_NATIVE,7,128,5000,1.9479603535224503,0.024851608881778831,-0.10546875,0.38671875,105.25511870305789,0.1165693238751343,-2.4905630862465937,-2.4869243997477137,-2.4964737394037915,0.003638686498879995,-0.0059106531571977428,-2.5
CLSVOF_LS_NATIVE,7,128,5000,1.9479603535224503,0.024851608881778831,-0.10546875,0.39453125,104.96671956400498,1.0819629348310977,-2.4436592346989086,-2.4923082287802076,-2.4940043229694093,-0.04864899408129908,-0.050345088270500771,-2.5
CLSVOF_LS_NATIVE,7,128,5000,1.9479603535224503,0.024851608881778831,-0.09765625,-0.40234375,256.35708522400984,1.8039200976740544,-2.4252467664004125,-2.4953797556976545,-2.4741216309726646,-0.070132989297241988,-0.048874864572252097,-2.5
CLSVOF_LS_NATIVE,7,128,5000,1.9479603535224503,0.024851608881778831,-0.09765625,-0.39453125,256.09731288577933,0.83262353322257521,-2.4787268077083997,-2.5086560213919524,-2.5017736776304496,-0.029929213683552724,-0.023046869922049851,-2.5
CLSVOF_LS_NATIVE,7,128,5000,1.9479603535224503,0.024851608881778831,-0.09765625,-0.38671875,255.82766229986794,0.13744465639655054,-2.5038769126682121,-2.5105904210270307,-2.4992317452421613,-0.0067135083588185651,0.0046451674260508113,-2.5
CLSVOF_LS_NATIVE,7,128,5000,1.9479603535224503,0.024851608881778831,-0.09765625,-0.37890625,255.54757174890693,1.1064122034418091,-2.5440888173446297,-2.5041100204467268,-2.499015469109878,0.039978796897902846,0.04507334823475162,-2.5
CLSVOF_LS_NATIVE,7,128,5000,1.9479603535224503,0.024851608881778831,-0.09765625,0.37890625,104.45242825109308,1.1064121326808305,-2.5440888392356746,-2.4987018198105719,-2.4990154928158708,0.045387019425102704,0.045073346419803872,-2.5
CLSVOF_LS_NATIVE,7,128,5000,1.9479603535224503,0.024851608881778831,-0.09765625,0.38671875,104.17233770013206,0.13744458539446092,-2.5038769366201192,-2.4952473391763363,-2.4992317650891764,0.0086295974437828882,0.0046451715309427932,-2.5
CLSVOF_LS_NATIVE,7,128,5000,1.9479603535224503,0.024851608881778831,-0.09765625,0.39453125,103.90268711422065,0.83262360446364847,-2.4787268328481544,-2.4969440603897337,-2.5017737009628362,-0.018217227541579284,-0.023046868114681818,-2.5
CLSVOF_LS_NATIVE,7,128,5000,1.9479603535224503,0.024851608881778831,-0.09765625,0.40234375,103.64291477599018,1.8039201691749884,-2.4252467867402658,-2.4644759373208851,-2.474121654949625,-0.039229150580619265,-0.048874868209359157,-2.5
CLSVOF_LS_NATIVE,7,128,5000,1.9479603535224503,0.024851608881778831,-0.08984375,-0.40234375,257.41230661835112,1.5770651437696461,-2.4047944529380687,-2.4939645155994716,-2.4760636039221624,-0.089170062661402927,-0.071269150984093699,-2.5
CLSVOF_LS_NATIVE,7,128,5000,1.9479603535224503,0.024851608881778831,-0.08984375,-0.39453125,257.17121712854447,0.60152800073189172,-2.4567712316038821,-2.5067567406143585,-2.5001873510682491,-0.049985509010476381,-0.043416119464366965,-2.5
CLSVOF_LS_NATIVE,7,128,5000,1.9479603535224503,0.024851608881778831,-0.08984375,-0.38671875,256.92087621993306,0.37307414272647715,-2.5296649341642348,-2.5152561549255426,-2.5031051865172746,0.014408779238692215,0.026559747646960119,-2.5
CLSVOF_LS_NATIVE,7,128,5000,1.9479603535224503,0.024851608881778831,-0.08984375,-0.37890625,256.66075109663649,1.3466324539423464,-2.5837138877854486,-2.5120745349792735,-2.5053329052622608,0.071639352806175172,0.078380982523187814,-2.5
CLSVOF_LS_NATIVE,7,128,5000,1.9479603535224503,0.024851608881778831,-0.08984375,0.37890625,103.33924890336351,1.3466323821201145,-2.5837139105009506,-2.5005444952698257,-2.5053329284342643,0.083169415231124866,0.078380982066686311,-2.5
CLSVOF_LS_NATIVE,7,128,5000,1.9479603535224503,0.024851608881778831,-0.08984375,0.38671875,103.07912378006694,0.37307407063967862,-2.5296649562252491,-2.4933907928495636,-2.5031052123221,0.036274163375685564,0.02655974390314908,-2.5
CLSVOF_LS_NATIVE,7,128,5000,1.9479603535224503,0.024851608881778831,-0.08984375,0.39453125,102.82878287145553,0.6015280730912993,-2.4567712493419598,-2.492306260984984,-2.5001873738537435,-0.035535011643024195,-0.043416124511783671,-2.5
CLSVOF_LS_NATIVE,7,128,5000,1.9479603535224503,0.024851608881778831,-0.08984375,0.40234375,102.58769338164889,1.5770652163964023,-2.4047944691886758,-2.4672883834967188,-2.4760636233178235,-0.062493914308042964,-0.071269154129147694,-2.5
CLSVOF_LS_NATIVE,7,128,5000,1.9479603535224503,0.024851608881778831,-0.08203125,-0.40234375,258.47627829610258,1.3681009392326515,-2.4513015532608917,-2.5011100393875259,-2.4864935490145013,-0.049808486126634133,-0.03519199575360954,-2.5
CLSVOF_LS_NATIVE,7,128,5000,1.9479603535224503,0.024851608881778831,-0.08203125,-0.39453125,258.25436657471198,0.3886735644625961,-2.4853716023501691,-2.5080050264782852,-2.4998320342135059,-0.022633424128116086,-0.014460431863336787,-2.5
CLSVOF_LS_NATIVE,7,128,5000,1.9479603535224503,0.024851608881778831,-0.08203125,-0.38671875,258.02386755579653,0.58994739565353582,-2.5229893023821957,-2.5126472683139305,-2.4995034773982581,0.010342034068265171,0.023485824983937587,-2.5
CLSVOF_LS_NATIVE,7,128,5000,1.9479603535224503,0.024851608881778831,-0.08203125,-0.37890625,257.78428086586905,1.5677289446881886,-2.5719485016592283,-2.5122470787356028,-2.5045573802623817,0.059701422923625458,0.067391121396846554,-2.5
CLSVOF_LS_NATIVE,7,128,5000,1.9479603535224503,0.024851608881778831,-0.08203125,0.37890625,102.21571913413096,1.567728871626823,-2.5719485215306492,-2.4902574694401904,-2.5045573996198649,0.081691052090458793,0.067391121910784335,-2.5
CLSVOF_LS_NATIVE,7,128,5000,1.9479603535224503,0.024851608881778831,-0.08203125,0.38671875,101.97613244420346,0.5899473223099001,-2.5229893199672677,-2.4899522027837633,-2.4995034967189884,0.033037117183504439,0.023485823248279303,-2.5
CLSVOF_LS_NATIVE,7,128,5000,1.9479603535224503,0.024851608881778831,-0.08203125,0.39453125,101.74563342528805,0.38867363808160321,-2.4853716189286987,-2.4913082264362822,-2.4998320538291963,-0.0059366075075835134,-0.014460434900497532,-2.5
CLSVOF_LS_NATIVE,7,128,5000,1.9479603535224503,0.024851608881778831,-0.08203125,0.40234375,101.52372170389744,1.3681010131172433,-2.4513015691985109,-2.4786463973053223,-2.4864935651483169,-0.027344828106811381,-0.035191995949805932,-2.5
CLSVOF_LS_NATIVE,7,128,5000,1.9479603535224503,0.024851608881778831,-0.07421875,-0.40234375,259.54836705601122,1.1775351861724686,-2.4393042392367668,-2.5037698357850675,-2.4922431056188694,-0.064465596548300752,-0.052938866382102656,-2.5
CLSVOF_LS_NATIVE,7,128,5000,1.9479603535224503,0.024851608881778831,-0.07421875,-0.39453125,259.34609740006141,0.19444446270942548,-2.4903758069414361,-2.5087369766040655,-2.4986048441913251,-0.018361169662629351,-0.008229037249888993,-2.5
CLSVOF_LS_NATIVE,7,128,5000,1.9479603535224503,0.024851608881778831,-0.07421875,-0.38671875,259.13594007791215,0.78794983686284048,-2.5355782746075488,-2.5194576706826108,-2.5047863223406388,0.016120603924937971,0.030791952266910005,-2.5
CLSVOF_LS_NATIVE,7,128,5000,1.9479603535224503,0.024851608881778831,-0.07421875,-0.37890625,258.91743053697024,1.7696335116666022,-2.5823040814576204,-2.5123695578817435,-2.506944239722662,0.069934523575876817,0.075359841734958355,-2.5
CLSVOF_LS_NATIVE,7,128,5000,1.9479603535224503,0.024851608881778831,-0.07421875,0.37890625,101.08256946302976,1.7696334372082294,-2.5823040914149518,-2.4811863700309233,-2.5069442550078849,0.10111772138402841,0.075359836407066894,-2.5
CLSVOF_LS_NATIVE,7,128,5000,1.9479603535224503,0.024851608881778831,-0.07421875,0.38671875,100.86405992208783,0.78794976212066314,-2.5355782839498295,-2.493908117641964,-2.5047863300403184,0.041670166307865575,0.030791953909511172,-2.5
CLSVOF_LS_NATIVE,7,128,5000,1.9479603535224503,0.024851608881778831,-0.07421875,0.39453125,100.65390259993859,0.19444453772423631,-2.4903758196619492,-2.4887332095547059,-2.4986048590731884,0.0016426101072433141,-0.0082290394112392029,-2.5
CLSVOF_LS_NATIVE,7,128,5000,1.9479603535224503,0.024851608881778831,-0.07421875,0.40234375,100.4516329439888,1.1775352614462253,-2.4393042472262096,-2.4847116729902328,-2.4922431157029004,-0.045407425764023124,-0.052938868476690715,-2.5
CLSVOF_LS_NATIVE,7,128,5000,1.9479603535224503,0.024851608881778831,-0.06640625,-0.41015625,260.80334410837099,1.9922974159771185,-2.4062788448414847,-2.4867061819898009,-2.4650890989319652,-0.08042733714831618,-0.058810254090480463,-2.5
CLSVOF_LS_NATIVE,7,128,5000,1.9479603535224503,0.024851608881778831,-0.06640625,-0.40234375,260.6279072914208,1.0053944975999916,-2.449792771450479,-2.499019945105966,-2.4922237648594545,-0.049227173655487011,-0.042430993408975493,-2.5
CLSVOF_LS_NATIVE,7,128,5000,1.9479603535224503,0.024851608881778831,-0.06640625,-0.39453125,260.44571032759814,0.018999306228321213,-2.4986096175904748,-2.5076906165979516,-2.4984542272079149,-0.00908099900747672,0.00015539038255996118,-2.5
CLSVOF_LS_NATIVE,7,128,5000,1.9479603535224503,0.024851608881778831,-0.06640625,-0.38671875,260.25635871296276,0.96685197544362145,-2.5511019798182057,-2.51670097037595,-2.5107541907628099,0.03440100944225577,0.040347789055395822,-2.5
CLSVOF_LS_NATIVE,7,128,5000,1.9479603535224503,0.024851608881778831,-0.06640625,-0.37890625,260.05942696688686,1.9521123740187125,-2.6016642015157609,-2.5213971926030094,-2.5176782592031581,0.080267008912751514,0.083985942312602813,-2.5
CLSVOF_LS_NATIVE,7,128,5000,1.9479603535224503,0.024851608881778831,-0.06640625,0.37890625,99.940573033113125,1.9521122980806604,-2.6016642183373322,-2.4839623878909958,-2.5176782694528241,0.11770183044633642,0.083985948884508055,-2.5
CLSVOF_LS_NATIVE,7,128,5000,1.9479603535224503,0.024851608881778831,-0.06640625,0.38671875,99.743641287037264,0.96685189922866588,-2.5511019958619077,-2.5028033708032589,-2.5107542117240627,0.048298625058648792,0.040347784137845011,-2.5
CLSVOF_LS_NATIVE,7,128,5000,1.9479603535224503,0.024851608881778831,-0.06640625,0.39453125,99.554289672401865,0.018999382744217534,-2.4986096206968025,-2.4862754950785169,-2.4984542310702609,0.012334125618285618,0.00015538962654160215,-2.5
CLSVOF_LS_NATIVE,7,128,5000,1.9479603535224503,0.024851608881778831,-0.06640625,0.40234375,99.372092708579189,1.0053945743349306,-2.4497927706174787,-2.4882503460449614,-2.4922237707333039,-0.038457575427482737,-0.042431000115825235,-2.5
CLSVOF_LS_NATIVE,7,128,5000,1.9479603535224503,0.024851608881778831,-0.06640625,0.41015625,99.196655891629007,1.9922974929452397,-2.4062788452094472,-2.4517264855450005,-2.4650891037611156,-0.045447640335553263,-0.058810258551668326,-2.5
CLSVOF_LS_NATIVE,7,128,5000,1.9479603535224503,0.024851608881778831,-0.05859375,-0.41015625,261.86989764584393,1.8416500590361944,-2.4166542946545779,-2.4910610962964146,-2.4716458402095616,-0.074406801641836662,-0.054991545554983645,-2.5
CLSVOF_LS_NATIVE,7,128,5000,1.9479603535224503,0.024851608881778831,-0.05859375,-0.40234375,261.71420297604612,0.85188561226992743,-2.4632849010230706,-2.5066662673314233,-2.4984644852924665,-0.043381366308352654,-0.035179584269395825,-2.5
CLSVOF_LS_NATIVE,7,128,5000,1.9479603535224503,0.024851608881778831,-0.05859375,-0.39453125,261.55247275209143,0.13746518733005011,-2.5068986312142441,-2.5095608983608884,-2.4992425827523093,-0.0026622671466443038,0.0076560484619347946,-2.5
CLSVOF_LS_NATIVE,7,128,5000,1.9479603535224503,0.024851608881778831,-0.05859375,-0.38671875,261.38435181583577,1.1263983551332422,-2.555954733723941,-2.5058344451600219,-2.501268760456258,0.050120288563919146,0.054685973267682986,-2.5
CLSVOF_LS_NATIVE,7,128,5000,1.9479603535224503,0.024851608881778831,-0.05859375,0.38671875,98.615648184164215,1.1263982773118375,-2.5559547251452992,-2.4954463970470804,-2.5012687608851394,0.060508328098218822,0.054685964260159814,-2.5
CLSVOF_LS_NATIVE,7,128,5000,1.9479603535224503,0.024851608881778831,-0.05859375,0.39453125,98.447527247908567,0.13746510927296815,-2.5068986259590793,-2.493837744698634,-2.4992425773650302,0.013060881260445356,0.0076560485940491141,-2.5
CLSVOF_LS_NATIVE,7,128,5000,1.9479603535224503,0.024851608881778831,-0.05859375,0.40234375,98.285797023953862,0.85188569047166629,-2.4632849109699824,-2.4916683430917823,-2.4984644849591469,-0.028383432121799945,-0.035179573989164492,-2.5
CLSVOF_LS_NATIVE,7,128,5000,1.9479603535224503,0.024851608881778831,-0.05859375,0.41015625,98.130102354156094,1.8416501374520358,-2.4166543010570742,-2.4590008358128412,-2.4716458408508508,-0.042346534755766996,-0.054991539793776578,-2.5
CLSVOF_LS_NATIVE,7,128,5000,1.9479603535224503,0.024851608881778831,-0.05078125,-0.41015625,262.94215335011882,1.709505999157243,-2.4175631870748497,-2.4921122432500868,-2.4747562197188482,-0.074549056175237105,-0.057193032643998443,-2.5
CLSVOF_LS_NATIVE,7,128,5000,1.9479603535224503,0.024851608881778831,-0.05078125,-0.40234375,262.80652994470438,0.71722110616498569,-2.4639751807155399,-2.5068252621305893,-2.5015204762513363,-0.042850081415049424,-0.037545295535796441,-2.5
CLSVOF_LS_NATIVE,7,128,5000,1.9479603535224503,0.024851608881778831,-0.05078125,-0.39453125,262.66562119858321,0.27476861383617812,-2.5152602837801625,-2.5094044313670723,-2.5018913649255472,0.0058558524130902789,0.01336891885461533,-2.5
CLSVOF_LS_NATIVE,7,128,5000,1.9479603535224503,0.024851608881778831,-0.05078125,-0.38671875,262.51911382047621,1.2664264814311201,-2.5653819678167804,-2.5083644523490842,-2.5026672162231844,0.057017515467696178,0.062714751593595963,-2.5
CLSVOF_LS_NATIVE,7,128,5000,1.9479603535224503,0.024851608881778831,-0.05078125,0.38671875,97.480886179523779,1.2664264020580962,-2.5653819594466056,-2.4928762627942875,-2.5026672061051052,0.072505696652318097,0.062714753341500451,-2.5
CLSVOF_LS_NATIVE,7,128,5000,1.9479603535224503,0.024851608881778831,-0.05078125,0.39453125,97.334378801416804,0.27476853426815062,-2.5152602757024929,-2.4955891322750654,-2.5018913542068741,0.019671143427427484,0.013368921495618746,-2.5
CLSVOF_LS_NATIVE,7,128,5000,1.9479603535224503,0.024851608881778831,-0.05078125,0.40234375,97.19347005529562,0.71722118591761685,-2.463975161902094,-2.4950431552944243,-2.5015204713809269,-0.031067993392330351,-0.037545309478832944,-2.5
CLSVOF_LS_NATIVE,7,128,5000,1.9479603535224503,0.024851608881778831,-0.05078125,0.41015625,97.057846649881185,1.7095060790815559,-2.4175631693734299,-2.4628241568893063,-2.4747562150072175,-0.045260987515876483,-0.057193045633787687,-2.5
CLSVOF_LS_NATIVE,7,128,5000,1.9479603535224503,0.024851608881778831,-0.04296875,-0.41015625,264.01940047523647,1.595963673721525,-2.4275913848081521,-2.4926477381656271,-2.4765632482953173,-0.065056353357475061,-0.048971863487165201,-2.5
CLSVOF_LS_NATIVE,7,128,5000,1.9479603535224503,0.024851608881778831,-0.04296875,-0.40234375,263.90413845540411,0.60150314317489084,-2.4723711031065707,-2.5080729438402454,-2.5016952033614661,-0.035701840733674661,-0.029324100254895402,-2.5
CLSVOF_LS_NATIVE,7,128,5000,1.9479603535224503,0.024851608881778831,-0.04296875,-0.39453125,263.78436410029724,0.39274323276123529,-2.5190867011698832,-2.5132071736610575,-2.5008534932537634,0.0058795275088256993,0.01823320791611982,-2.5
CLSVOF_LS_NATIVE,7,128,5000,1.9479603535224503,0.024851608881778831,-0.04296875,-0.38671875,263.65980825408997,1.3867530483354755,-2.568780878943246,-2.5115270130818654,-2.5048705694491473,0.057253865861380593,0.063910309494098705,-2.5
CLSVOF_LS_NATIVE,7,128,5000,1.9479603535224503,0.024851608881778831,-0.04296875,0.38671875,96.340191745910005,1.3867529674647361,-2.56878084278032,-2.491518704849697,-2.5048705556396675,0.077262137930623087,0.0639102871406525,-2.5
CLSVOF_LS_NATIVE,7,128,5000,1.9479603535224503,0.024851608881778831,-0.04296875,0.39453125,96.215635899702747,0.39274315174033619,-2.5190866740049014,-2.4889994051969038,-2.5008534815500925,0.030087268807997614,0.018233192454808922,-2.5
CLSVOF_LS_NATIVE,7,128,5000,1.9479603535224503,0.024851608881778831,-0.04296875,0.40234375,96.095861544595905,0.60150322433422698,-2.4723710934332335,-2.4933502790691167,-2.5016951883658605,-0.020979185635883191,-0.029324094932626998,-2.5
CLSVOF_LS_NATIVE,7,128,5000,1.9479603535224503,0.024851608881778831,-0.04296875,0.41015625,95.980599524763548,1.5959637550207704,-2.4275913921648233,-2.4655602337469786,-2.4765632290277093,-0.037968841582155299,-0.048971836862885976,-2.5
CLSVOF_LS_NATIVE,7,128,5000,1.9479603535224503,0.024851608881778831,-0.03515625,-0.41015625,265.10090754621211,1.5011804930053396,-2.4214692059983274,-2.4935085046433523,-2.4783215857268539,-0.072039298645024896,-0.056852379728526525,-2.5
CLSVOF_LS_NATIVE,7,128,5000,1.9479603535224503,0.024851608881778831,-0.03515625,-0.40234375,265.00625601417653,0.50488200996915156,-2.4732464722932215,-2.5088253327643009,-2.5013363386186023,-0.035578860471079388,-0.028089866325380797,-2.5
CLSVOF_LS_NATIVE,7,128,5000,1.9479603535224503,0.024851608881778831,-0.03515625,-0.39453125,264.90788487550094,0.49126917973096096,-2.5263948008835038,-2.5136413584142767,-2.5006174346385817,0.01275344246922705,0.025777366244922106,-2.5
CLSVOF_LS_NATIVE,7,128,5000,1.9479603535224503,0.024851608881778831,-0.03515625,-0.38671875,264.8055710922651,1.4872571981785871,-2.5801328296951058,-2.5142964010920803,-2.5085051846998505,0.065836428603025521,0.071627644995255313,-2.5
CLSVOF_LS_NATIVE,7,128,5000,1.9479603535224503,0.024851608881778831,-0.03515625,0.38671875,95.194428907734903,1.4872571160870842,-2.5801328369727141,-2.4975726370767473,-2.5085051700714738,0.082560199895966857,0.071627666901240339,-2.5
CLSVOF_LS_NATIVE,7,128,5000,1.9479603535224503,0.024851608881778831,-0.03515625,0.39453125,95.09211512449906,0.49126909747249364,-2.5263947937798381,-2.4887886464984557,-2.5006174182803735,0.037606147281382452,0.025777375499464572,-2.5
CLSVOF_LS_NATIVE,7,128,5000,1.9479603535224503,0.024851608881778831,-0.03515625,0.40234375,94.993743985823485,0.50488209245258553,-2.4732464338090852,-2.4932135968018305,-2.5013363151327814,-0.019967162992745369,-0.028089881323696275,-2.5
CLSVOF_LS_NATIVE,7,128,5000,1.9479603535224503,0.024851608881778831,-0.03515625,0.41015625,94.899092453787873,1.5011805757332077,-2.4214691304996463,-2.4687953228393109,-2.4783215509583965,-0.047326192339664619,-0.056852420458750164,-2.5
CLSVOF_LS_NATIVE,7,128,5000,1.9479603535224503,0.024851608881778831,-0.02734375,-0.41015625,266.18592516570953,1.4251772528693749,-2.4376565141989439,-2.4969718541730268,-2.482488946309001,-0.059315339974082892,-0.044832432110057052,-2.5
CLSVOF_LS_NATIVE,7,128,5000,1.9479603535224503,0.024851608881778831,-0.02734375,-0.40234375,266.11209043916682,0.42743796071618467,-2.4811065159286207,-2.5104543696971104,-2.5018869383799029,-0.029347853768489696,-0.020780422451282199,-2.5
CLSVOF_LS_NATIVE,7,128,5000,1.9479603535224503,0.024851608881778831,-0.02734375,-0.39453125,266.03534527714379,0.5702116275741671,-2.5266333503634151,-2.5142530471627058,-2.5005035793033152,0.012380303200709264,0.026129771060099838,-2.5
CLSVOF_LS_NATIVE,7,128,5000,1.9479603535224503,0.024851608881778831,-0.02734375,-0.38671875,265.95551442581882,1.56776860665428,-2.5756783163474024,-2.5148667959689019,-2.509626718970174,0.060811520378500461,0.066051597377228433,-2.5
CLSVOF_LS_NATIVE,7,128,5000,1.9479603535224503,0.024851608881778831,-0.02734375,0.38671875,94.044485574181195,1.5677685232769629,-2.5756782732719237,-2.5020585461908862,-2.5096266931749183,0.073619727081037478,0.066051580097005402,-2.5
CLSVOF_LS_NATIVE,7,128,5000,1.9479603535224503,0.024851608881778831,-0.02734375,0.39453125,93.96465472285621,0.57021154412602371,-2.5266333135466104,-2.4881643170820338,-2.5005035540885299,0.038468996464576577,0.026129759458080493,-2.5
CLSVOF_LS_NATIVE,7,128,5000,1.9479603535224503,0.024851608881778831,-0.02734375,0.40234375,93.887909560833165,0.42743804422985487,-2.4811064948418284,-2.4942056693618637,-2.5018869133782684,-0.013099174520035284,-0.020780418536439971,-2.5
CLSVOF_LS_NATIVE,7,128,5000,1.9479603535224503,0.024851608881778831,-0.02734375,0.41015625,93.814074834290466,1.4251773364425129,-2.4376565139989688,-2.4742348779891596,-2.4824889192702835,-0.036578363990190876,-0.044832405271314713,-2.5
CLSVOF_LS_NATIVE,7,128,5000,1.9479603535224503,0.024851608881778831,-0.01953125,-0.41015625,267.2736890060936,1.3681354284460296,-2.4347596636014197,-2.4987349176178162,-2.4844681503694446,-0.063975254016396477,-0.049708486768024862,-2.5
CLSVOF_LS_NATIVE,7,128,5000,1.9479603535224503,0.024851608881778831,-0.01953125,-0.40234375,267.22083313592782,0.36929009321671979,-2.4821904374001087,-2.511409445693308,-2.5020054328273176,-0.029219008293199344,-0.019814995427208881,-2.5
CLSVOF_LS_NATIVE,7,128,5000,1.9479603535224503,0.024851608881778831,-0.01953125,-0.39453125,267.16588898369338,0.6295078980337383,-2.5311226224486592,-2.5151075342795379,-2.5009262318641463,0.016015088169121228,0.030196390584512844,-2.5
CLSVOF_LS_NATIVE,7,128,5000,1.9479603535224503,0.024851608881778831,-0.01953125,-0.38671875,267.10873040377936,1.628257408206282,-2.5817460155306917,-2.5160934130301253,-2.5110591202659682,0.06565260250056637,0.070686895264723493,-2.5
CLSVOF_LS_NATIVE,7,128,5000,1.9479603535224503,0.024851608881778831,-0.01953125,0.38671875,92.891269596220653,1.6282573238745239,-2.5817459769838171,-2.507458994635273,-2.5110590851177998,0.074286982348544139,0.070686891866017287,-2.5
CLSVOF_LS_NATIVE,7,128,5000,1.9479603535224503,0.024851608881778831,-0.01953125,0.39453125,92.834111016306608,0.62950781367352471,-2.5311225867234475,-2.4877413916792839,-2.5009261997585202,0.043381195044163601,0.030196386964927324,-2.5
CLSVOF_LS_NATIVE,7,128,5000,1.9479603535224503,0.024851608881778831,-0.01953125,0.40234375,92.779166864072167,0.36929017760872856,-2.4821904034622753,-2.4944027386182119,-2.5020054051137945,-0.012212335155936671,-0.019815001651519282,-2.5
CLSVOF_LS_NATIVE,7,128,5000,1.9479603535224503,0.024851608881778831,-0.01953125,0.41015625,92.726310993906367,1.3681355128740467,-2.4347596297441987,-2.4771658118433768,-2.4844681239075208,-0.042406182099178125,-0.049708494163322126,-2.5
CLSVOF_LS_NATIVE,7,128,5000,1.9479603535224503,0.024851608881778831,-0.01171875,-0.41015625,268.36342295838318,1.3300721343717024,-2.436694442342012,-2.4990774275971495,-2.484318822471407,-0.062382985255137413,-0.047624380129394961,-2.5
CLSVOF_LS_NATIVE,7,128,5000,1.9479603535224503,0.024851608881778831,-0.01171875,-0.40234375,268.33166255170659,0.33048857161122358,-2.4839699259209036,-2.5114365746167127,-2.5012032032549656,-0.027466648695809059,-0.017233277334061992,-2.5
CLSVOF_LS_NATIVE,7,128,5000,1.9479603535224503,0.024851608881778831,-0.01171875,-0.39453125,268.29864539467377,0.66907827865312253,-2.5332540308485285,-2.5160452877591934,-2.5016212422207555,0.017208743089335066,0.031632788627772968,-2.5
CLSVOF_LS_NATIVE,7,128,5000,1.9479603535224503,0.024851608881778831,-0.01171875,-0.38671875,268.26429541107154,1.6686277460708732,-2.5845469729448456,-2.5182415676030918,-2.5136496640725117,0.066305405341753776,0.07089730887233392,-2.5
CLSVOF_LS_NATIVE,7,128,5000,1.9479603535224503,0.024851608881778831,-0.01171875,0.38671875,91.735704588928485,1.6686276610837085,-2.5845469322755754,-2.5137858572127803,-2.5136496269250017,0.070761075062795165,0.070897305350573703,-2.5
CLSVOF_LS_NATIVE,7,128,5000,1.9479603535224503,0.024851608881778831,-0.01171875,0.39453125,91.701354605326216,0.66907819365790833,-2.5332539913572747,-2.4877620734374197,-2.5016212073946793,0.045491917919854963,0.03163278396259539,-2.5
CLSVOF_LS_NATIVE,7,128,5000,1.9479603535224503,0.024851608881778831,-0.01171875,0.40234375,91.668337448293414,0.33048865661818971,-2.483969887364438,-2.4938962872113386,-2.5012031673273647,-0.0099263998469005799,-0.017233279962926673,-2.5
CLSVOF_LS_NATIVE,7,128,5000,1.9479603535224503,0.024851608881778831,-0.01171875,0.41015625,91.636577041616803,1.3300722193915726,-2.4366944049532124,-2.4776782866840841,-2.4843187856055362,-0.040983881730871641,-0.047624380652323772,-2.5
CLSVOF_LS_NATIVE,7,128,5000,1.9479603535224503,0.024851608881778831,-0.00390625,-0.41015625,269.4543424065842,1.3110300090267408,-2.4376144285771906,-2.5005184090423969,-2.4849387403184773,-0.062903980465206288,-0.047324311741286706,-2.5
CLSVOF_LS_NATIVE,7,128,5000,1.9479603535224503,0.024851608881778831,-0.00390625,-0.40234375,269.44374777291921,0.31107655301691778,-2.4849741300151331,-2.5126979181456082,-2.5013997022872188,-0.027723788130475047,-0.016425572272085631,-2.5
CLSVOF_LS_NATIVE,7,128,5000,1.9479603535224503,0.024851608881778831,-0.00390625,-0.39453125,269.43273359014199,0.68887514987795395,-2.5342495394734641,-2.5163877246176201,-2.5018170116215122,0.017861814855844038,0.032432527851951942,-2.5
CLSVOF_LS_NATIVE,7,128,5000,1.9479603535224503,0.024851608881778831,-0.00390625,-0.38671875,269.42127443439216,1.6888249156430721,-2.5855023049088572,-2.5193306150040815,-2.5146108473894362,0.066171689904775732,0.070891457519421053,-2.5
CLSVOF_LS_NATIVE,7,128,5000,1.9479603535224503,0.024851608881778831,-0.00390625,0.38671875,90.578725565607854,1.6888248303177373,-2.5855022616382146,-2.5167358270508449,-2.5146108085481482,0.068766434587369751,0.070891453090066392,-2.5
CLSVOF_LS_NATIVE,7,128,5000,1.9479603535224503,0.024851608881778831,-0.00390625,0.39453125,90.567266409858021,0.6888750645556726,-2.5342494976071599,-2.4874210600812159,-2.501816974827781,0.046828437525944011,0.032432522779378914,-2.5
CLSVOF_LS_NATIVE,7,128,5000,1.9479603535224503,0.024851608881778831,-0.00390625,0.40234375,90.556252227080762,0.31107663833835314,-2.4849740897565984,-2.4938796076832883,-2.5013996678844528,-0.0089055179266899209,-0.01642557812785439,-2.5
CLSVOF_LS_NATIVE,7,128,5000,1.9479603535224503,0.024851608881778831,-0.00390625,0.41015625,90.545657593415811,1.3110300943472568,-2.4376143900865106,-2.4786274939544177,-2.4849387021351901,-0.04101310386790713,-0.047324312048679484,-2.5
CLSVOF_LS_NATIVE,7,128,5000,1.9479603535224503,0.024851608881778831,0.00390625,-0.41015625,270.54565759341563,1.3110300106181749,-2.4376144284200572,-2.501824396934067,-2.4849387401764793,-0.064209968514009841,-0.047324311756422155,-2.5
CLSVOF_LS_NATIVE,7,128,5000,1.9479603535224503,0.024851608881778831,0.00390625,-0.40234375,270.55625222708056,0.31107655463935174,-2.4849741298265013,-2.5130269565977272,-2.5013997021988441,-0.028052826771225892,-0.016425572372342767,-2.5
CLSVOF_LS_NATIVE,7,128,5000,1.9479603535224503,0.024851608881778831,0.00390625,-0.39453125,270.56726640985784,0.68887514822330209,-2.5342495392645343,-2.5163991404692139,-2.5018170114975211,0.017850398795320466,0.032432527767013219,-2.5
CLSVOF_LS_NATIVE,7,128,5000,1.9479603535224503,0.024851608881778831,0.00390625,-0.38671875,270.57872556560767,1.6888249139549567,-2.5855023047071262,-2.5199751662138592,-2.5146108472117752,0.065527138493266968,0.070891457495350974,-2.5
CLSVOF_LS_NATIVE,7,128,5000,1.9479603535224503,0.024851608881778831,0.00390625,0.38671875,89.42127443439233,1.688824828629621,-2.5855022614368242,-2.5184488546796322,-2.5146108083706014,0.067053406757191958,0.070891453066222798,-2.5
CLSVOF_LS_NATIVE,7,128,5000,1.9479603535224503,0.024851608881778831,0.00390625,0.39453125,89.432733590142163,0.68887506290101952,-2.5342494973984269,-2.4871855326521399,-2.5018169747038916,0.047063964746286935,0.032432522694535226,-2.5
CLSVOF_LS_NATIVE,7,128,5000,1.9479603535224503,0.024851608881778831,0.00390625,0.40234375,89.443747772919423,0.31107663996078855,-2.4849740895680541,-2.4938263170710426,-2.501399667796234,-0.00885222750298853,-0.016425578228179916,-2.5
CLSVOF_LS_NATIVE,7,128,5000,1.9479603535224503,0.024851608881778831,0.00390625,0.41015625,89.454342406584374,1.3110300959386929,-2.4376143899285796,-2.4786921921956937,-2.4849387019933564,-0.041077802267114105,-0.04732431206477683,-2.5
CLSVOF_LS_NATIVE,7,128,5000,1.9479603535224503,0.024851608881778831,0.01171875,-0.41015625,271.63657704161665,1.330072139143617,-2.4366944417731218,-2.5023408832078959,-2.4843188219722547,-0.065646441434774161,-0.047624380199132954,-2.5
CLSVOF_LS_NATIVE,7,128,5000,1.9479603535224503,0.024851608881778831,0.01171875,-0.40234375,271.66833744829324,0.3304885764758228,-2.4839699253374432,-2.5122867827027138,-2.5012032028152387,-0.028316857365270565,-0.017233277477795461,-2.5
CLSVOF_LS_NATIVE,7,128,5000,1.9479603535224503,0.024851608881778831,0.01171875,-0.39453125,271.70135460532606,0.6690782736921026,-2.5332540302390401,-2.5160799678411854,-2.5016212418219315,0.017174062397854684,0.031632788417108593,-2.5
CLSVOF_LS_NATIVE,7,128,5000,1.9479603535224503,0.024851608881778831,0.01171875,-0.38671875,271.73570458892834,1.6686277410094881,-2.5845469723017769,-2.5201758312096083,-2.5136496634899932,0.064371141092168571,0.070897308811783688,-2.5
CLSVOF_LS_NATIVE,7,128,5000,1.9479603535224503,0.024851608881778831,0.01171875,0.38671875,88.264295411071686,1.6686276560223181,-2.5845469316327061,-2.5198386294231705,-2.5136496263427897,0.064708302209535606,0.070897305289916446,-2.5
CLSVOF_LS_NATIVE,7,128,5000,1.9479603535224503,0.024851608881778831,0.01171875,0.39453125,88.298645394673969,0.66907818869688318,-2.5332539907480305,-2.4870583859996809,-2.5016212069961412,0.046195604748349606,0.031632783751889271,-2.5
CLSVOF_LS_NATIVE,7,128,5000,1.9479603535224503,0.024851608881778831,0.01171875,0.40234375,88.331662551706771,0.33048866148279393,-2.4839698867811904,-2.4937476728624413,-2.5012031668879757,-0.0097777860812509054,-0.017233280106785376,-2.5
CLSVOF_LS_NATIVE,7,128,5000,1.9479603535224503,0.024851608881778831,0.01171875,0.41015625,88.363422958383353,1.330072224163487,-2.4366944043865133,-2.4778665697902067,-2.4843187851067792,-0.041172165403693395,-0.047624380720265869,-2.5
CLSVOF_LS_NATIVE,7,128,5000,1.9479603535224503,0.024851608881778831,0.01953125,-0.41015625,272.72631099390617,1.3681354363905196,-2.434759662659078,-2.5032566099189193,-2.4844681496615824,-0.068496947259841345,-0.049708487002504409,-2.5
CLSVOF_LS_NATIVE,7,128,5000,1.9479603535224503,0.024851608881778831,0.01953125,-0.40234375,272.77916686407201,0.36929010131525358,-2.4821904364388927,-2.5124795536076601,-2.5020054322940215,-0.030289117168767365,-0.019814995855128803,-2.5
CLSVOF_LS_NATIVE,7,128,5000,1.9479603535224503,0.024851608881778831,0.01953125,-0.39453125,272.83411101630645,0.62950788977501404,-2.5311226214213987,-2.5151696746173009,-2.5009262311868738,0.015952946804097756,0.030196390234524806,-2.5
CLSVOF_LS_NATIVE,7,128,5000,1.9479603535224503,0.024851608881778831,0.01953125,-0.38671875,272.89126959622047,1.6282573997808003,-2.5817460144276687,-2.519323156517955,-2.5110591193769025,0.062422857909713692,0.070686895050766196,-2.5
CLSVOF_LS_NATIVE,7,128,5000,1.9479603535224503,0.024851608881778831,0.01953125,0.38671875,87.108730403779532,1.628257315449031,-2.581745975881427,-2.5203040373553081,-2.5110590842291636,0.0614419385261189,0.070686891652263384,-2.5
CLSVOF_LS_NATIVE,7,128,5000,1.9479603535224503,0.024851608881778831,0.01953125,0.39453125,87.165888983693577,0.62950780541478935,-2.5311225856966457,-2.4863191398056785,-2.5009261990817002,0.044803445890967186,0.030196386614945503,-2.5
CLSVOF_LS_NATIVE,7,128,5000,1.9479603535224503,0.024851608881778831,0.01953125,0.40234375,87.220833135928004,0.36929018570727257,-2.4821904025015846,-2.4941779802460702,-2.5020054045809204,-0.011987577744485556,-0.019815002079335731,-2.5
CLSVOF_LS_NATIVE,7,128,5000,1.9479603535224503,0.024851608881778831,0.01953125,0.41015625,87.273689006093832,1.3681355208185513,-2.4347596288004398,-2.4779803417812349,-2.4844681232000663,-0.043220712980795106,-0.049708494399626435,-2.5
CLSVOF_LS_NATIVE,7,128,5000,1.9479603535224503,0.024851608881778831,0.02734375,-0.41015625,273.8140748342903,1.4251772639733267,-2.4376565132455741,-2.5021001593120014,-2.4824889453212942,-0.064443646066427274,-0.044832432075720074,-2.5
CLSVOF_LS_NATIVE,7,128,5000,1.9479603535224503,0.024851608881778831,0.02734375,-0.40234375,273.88790956083301,0.42743797203505202,-2.4811065146406541,-2.5126838976175909,-2.5018869376450654,-0.031577382976936796,-0.020780423004411297,-2.5
CLSVOF_LS_NATIVE,7,128,5000,1.9479603535224503,0.024851608881778831,0.02734375,-0.39453125,273.96465472285604,0.57021161603221504,-2.5266333488162718,-2.5144821487996096,-2.5005035784280345,0.012151200016662145,0.026129770388237272,-2.5
CLSVOF_LS_NATIVE,7,128,5000,1.9479603535224503,0.024851608881778831,0.02734375,-0.38671875,274.04448557418101,1.5677685948801832,-2.5756783147498381,-2.519415272592795,-2.5096267178273504,0.056263042157043142,0.066051596922487743,-2.5
CLSVOF_LS_NATIVE,7,128,5000,1.9479603535224503,0.024851608881778831,0.02734375,0.38671875,85.955514425818976,1.5677685115028439,-2.5756782716747333,-2.5218614452433998,-2.5096266920326817,0.053816826431333453,0.06605157964205155,-2.5
CLSVOF_LS_NATIVE,7,128,5000,1.9479603535224503,0.024851608881778831,0.02734375,0.39453125,86.035345277143961,0.57021153258405111,-2.5266333120001283,-2.4859660655840932,-2.5005035532138571,0.040667246416035141,0.026129758786271218,-2.5
CLSVOF_LS_NATIVE,7,128,5000,1.9479603535224503,0.024851608881778831,0.02734375,0.40234375,86.112090439167019,0.42743805554874187,-2.4811064935545746,-2.4939916850135182,-2.5018869126440206,-0.012885191458943623,-0.020780419089446056,-2.5
CLSVOF_LS_NATIVE,7,128,5000,1.9479603535224503,0.024851608881778831,0.02734375,0.41015625,86.185925165709733,1.4251773475464831,-2.4376565130471217,-2.476073541326536,-2.4824889182830754,-0.038417028279414289,-0.044832405235953665,-2.5
CLSVOF_LS_NATIVE,7,128,5000,1.9479603535224503,0.024851608881778831,0.03515625,-0.41015625,274.89909245378772,1.5011805072534889,-2.4214692041457777,-2.4989586926829439,-2.4783215844642288,-0.077489488537166196,-0.056852380318451079,-2.5
CLSVOF_LS_NATIVE,7,128,5000,1.9479603535224503,0.024851608881778831,0.03515625,-0.40234375,274.9937439858233,0.50488202449005393,-2.4732464707227324,-2.5125971423022495,-2.5013363377845335,-0.039350671579517105,-0.028089867061801055,-2.5
CLSVOF_LS_NATIVE,7,128,5000,1.9479603535224503,0.024851608881778831,0.03515625,-0.39453125,275.09211512449889,0.49126916492668499,-2.5263947995176181,-2.5142159132761375,-2.5006174337400675,0.012178886241480669,0.025777365777550632,-2.5
CLSVOF_LS_NATIVE,7,128,5000,1.9479603535224503,0.024851608881778831,0.03515625,-0.38671875,275.19442890773473,1.4872571830779089,-2.5801328282921987,-2.5199242240834758,-2.5085051833130492,0.060208604208722871,0.07162764497914953,-2.5
CLSVOF_LS_NATIVE,7,128,5000,1.9479603535224503,0.024851608881778831,0.03515625,0.38671875,84.805571092265282,1.48725710098637,-2.5801328355709199,-2.5225772284083945,-2.5085051686853284,0.057555607162525391,0.071627666885591523,-2.5
CLSVOF_LS_NATIVE,7,128,5000,1.9479603535224503,0.024851608881778831,0.03515625,0.39453125,84.907884875501125,0.49126908266818248,-2.5263947924147439,-2.4864027994255573,-2.5006174173824767,0.039991992989186542,0.02577737503226718,-2.5
CLSVOF_LS_NATIVE,7,128,5000,1.9479603535224503,0.024851608881778831,0.03515625,0.40234375,85.006256014176699,0.50488210697352243,-2.4732464322390757,-2.4938369677034,-2.5013363142993081,-0.020590535464324322,-0.028089882060232441,-2.5
CLSVOF_LS_NATIVE,7,128,5000,1.9479603535224503,0.024851608881778831,0.03515625,0.41015625,85.100907546212312,1.5011805899813913,-2.4214691286472791,-2.4717869673503863,-2.4783215496963864,-0.050317838703107132,-0.05685242104910726,-2.5
CLSVOF_LS_NATIVE,7,128,5000,1.9479603535224503,0.024851608881778831,0.04296875,-0.41015625,275.98059952476336,1.595963691089328,-2.4275913834738505,-2.4984976067922058,-2.4765632461302109,-0.070906223318355277,-0.048971862656360443,-2.5
CLSVOF_LS_NATIVE,7,128,5000,1.9479603535224503,0.024851608881778831,0.04296875,-0.40234375,276.09586154459572,0.60150316087499245,-2.4723711014137755,-2.5127149785926681,-2.5016952018421299,-0.040343877178892651,-0.029324100428354427,-2.5
CLSVOF_LS_NATIVE,7,128,5000,1.9479603535224503,0.024851608881778831,0.04296875,-0.39453125,276.21563589970259,0.39274321471654416,-2.5190866991743022,-2.5144146762521951,-2.5008534926018569,0.0046720229221071108,0.018233206572445315,-2.5
CLSVOF_LS_NATIVE,7,128,5000,1.9479603535224503,0.024851608881778831,0.04296875,-0.38671875,276.34019174590981,1.3867530299312678,-2.568780876825973,-2.5177924839947012,-2.5048705681872474,0.050988392831271767,0.063910308638725599,-2.5
CLSVOF_LS_NATIVE,7,128,5000,1.9479603535224503,0.024851608881778831,0.04296875,0.38671875,83.65980825409018,1.38675294906047,-2.5687808406632389,-2.519947476249734,-2.5048705543782015,0.048833364413504832,0.063910286285037365,-2.5
CLSVOF_LS_NATIVE,7,128,5000,1.9479603535224503,0.024851608881778831,0.04296875,0.39453125,83.784364100297424,0.39274313369558916,-2.5190866720096476,-2.4873264245187165,-2.5008534808986376,0.031760247490931093,0.018233191111010072,-2.5
CLSVOF_LS_NATIVE,7,128,5000,1.9479603535224503,0.024851608881778831,0.04296875,0.40234375,83.904138455404279,0.60150324203438166,-2.4723710917410395,-2.4943519895631621,-2.5016951868469874,-0.021980897822122536,-0.029324095105947912,-2.5
CLSVOF_LS_NATIVE,7,128,5000,1.9479603535224503,0.024851608881778831,0.04296875,0.41015625,84.019400475236651,1.5959637723886244,-2.4275913908307549,-2.4693582552152775,-2.4765632268630742,-0.041766864384522595,-0.048971836032319249,-2.5
CLSVOF_LS_NATIVE,7,128,5000,1.9479603535224503,0.024851608881778831,0.05078125,-0.41015625,277.05784664988101,1.7095060196221341,-2.4175631819332457,-2.4983553291177758,-2.4747562175481508,-0.080792147184530094,-0.057193035614905074,-2.5
CLSVOF_LS_NATIVE,7,128,5000,1.9479603535224503,0.024851608881778831,0.05078125,-0.40234375,277.19347005529545,0.71722112701819984,-2.4639751756835584,-2.5144625302091148,-2.5015204750733151,-0.050487354525556416,-0.037545299389756703,-2.5
CLSVOF_LS_NATIVE,7,128,5000,1.9479603535224503,0.024851608881778831,0.05078125,-0.39453125,277.33437880141662,0.27476859258034741,-2.5152602823473504,-2.5094682239025361,-2.5018913629377337,0.0057920584448143408,0.013368919409616709,-2.5
CLSVOF_LS_NATIVE,7,128,5000,1.9479603535224503,0.024851608881778831,0.05078125,-0.38671875,277.48088617952357,1.2664264597543953,-2.5653819657146357,-2.5150444283115085,-2.5026672143906716,0.050337537403127186,0.062714751323964091,-2.5
CLSVOF_LS_NATIVE,7,128,5000,1.9479603535224503,0.024851608881778831,0.05078125,0.38671875,82.51911382047642,1.2664263803812892,-2.5653819573447594,-2.5125315521819638,-2.5026672042728002,0.0528504051627956,0.062714753071959173,-2.5
CLSVOF_LS_NATIVE,7,128,5000,1.9479603535224503,0.024851608881778831,0.05078125,0.39453125,82.665621198583366,0.27476851301224098,-2.5152602742700143,-2.4993584893735794,-2.5018913522193174,0.015901784896434901,0.013368922050696952,-2.5
CLSVOF_LS_NATIVE,7,128,5000,1.9479603535224503,0.024851608881778831,0.05078125,0.40234375,82.806529944704536,0.71722120677090695,-2.4639751568704562,-2.4952811910140653,-2.5015204702032694,-0.031306034143609107,-0.03754531333281319,-2.5
CLSVOF_LS_NATIVE,7,128,5000,1.9479603535224503,0.024851608881778831,0.05078125,0.41015625,82.942153350119,1.7095060995465172,-2.4175631642325466,-2.4667191175363739,-2.4747562128368008,-0.049155953303827271,-0.057193048604254226,-2.5
CLSVOF_LS_NATIVE,7,128,5000,1.9479603535224503,0.024851608881778831,0.05859375,-0.41015625,278.13010235415589,1.8416500825437525,-2.4166542962428474,-2.4969784459725273,-2.4716458392594172,-0.080324149729679828,-0.054991543016569722,-2.5
CLSVOF_LS_NATIVE,7,128,5000,1.9479603535224503,0.024851608881778831,0.05859375,-0.40234375,278.28579702395365,0.85188563622000757,-2.4632849033287934,-2.5129450702013036,-2.4984644837420742,-0.049660166872510292,-0.035179580413280842,-2.5
CLSVOF_LS_NATIVE,7,128,5000,1.9479603535224503,0.024851608881778831,0.05859375,-0.39453125,278.4475272479084,0.13746516289170529,-2.506898627334738,-2.5093078431114049,-2.499242579027134,-0.002409215776666862,0.0076560483076040242,-2.5
CLSVOF_LS_NATIVE,7,128,5000,1.9479603535224503,0.024851608881778831,0.05859375,-0.38671875,278.615648184164,1.1263983302165481,-2.5559547280439414,-2.5127106218631479,-2.5012687580621265,0.043244106180793551,0.054685969981814964,-2.5
CLSVOF_LS_NATIVE,7,128,5000,1.9479603535224503,0.024851608881778831,0.05859375,0.38671875,81.38435181583597,1.1263982523950353,-2.5559547194653423,-2.5039778902744674,-2.5012687584911091,0.051976829190874874,0.054685960974233172,-2.5
CLSVOF_LS_NATIVE,7,128,5000,1.9479603535224503,0.024851608881778831,0.05859375,0.39453125,81.552472752091617,0.1374650848345188,-2.5068986220795719,-2.4945808322264371,-2.4992425736399482,0.012317789853134808,0.0076560484396237527,-2.5
CLSVOF_LS_NATIVE,7,128,5000,1.9479603535224503,0.024851608881778831,0.05859375,0.40234375,81.714202976046352,0.85188571442184768,-2.4632849132756718,-2.4961079233860888,-2.4984644834088616,-0.032823010110416995,-0.035179570133189841,-2.5
CLSVOF_LS_NATIVE,7,128,5000,1.9479603535224503,0.024851608881778831,0.05859375,0.41015625,81.869897645844105,1.8416501609596887,-2.4166543026456409,-2.4625974455856712,-2.4716458399008938,-0.045943142940030324,-0.054991537255252965,-2.5
CLSVOF_LS_NATIVE,7,128,5000,1.9479603535224503,0.024851608881778831,0.06640625,-0.41015625,279.19665589162884,1.9922974425241191,-2.4062788413033616,-2.4923289099425197,-2.4650890968566594,-0.086050068639158095,-0.058810255553297885,-2.5
CLSVOF_LS_NATIVE,7,128,5000,1.9479603535224503,0.024851608881778831,0.06640625,-0.40234375,279.37209270857898,1.005394524646942,-2.4497927667394643,-2.5041451734498996,-2.4922237625491626,-0.054352406710435286,-0.042430995809698224,-2.5
CLSVOF_LS_NATIVE,7,128,5000,1.9479603535224503,0.024851608881778831,0.06640625,-0.39453125,279.55428967240169,0.018999333801488116,-2.4986096136507379,-2.50988694185473,-2.498454223649599,-0.011277328203992187,0.00015539000113884427,-2.5
CLSVOF_LS_NATIVE,7,128,5000,1.9479603535224503,0.024851608881778831,0.06640625,-0.38671875,279.74364128703706,0.96685194734924063,-2.5511019798507211,-2.5229949581991677,-2.5107541931269073,0.028107021651553321,0.040347786723813783,-2.5
CLSVOF_LS_NATIVE,7,128,5000,1.9479603535224503,0.024851608881778831,0.06640625,-0.37890625,279.94057303311297,1.9521123453686053,-2.6016642010104274,-2.534602592451654,-2.5176782565605698,0.067061608558773411,0.08398594444985763,-2.5
CLSVOF_LS_NATIVE,7,128,5000,1.9479603535224503,0.024851608881778831,0.06640625,0.37890625,80.05942696688706,1.9521122694304147,-2.6016642178319636,-2.5262774649905095,-2.5176782668101261,0.075386752841454019,0.083985951021837479,-2.5
CLSVOF_LS_NATIVE,7,128,5000,1.9479603535224503,0.024851608881778831,0.06640625,0.38671875,80.256358712962921,0.96685187113415072,-2.5511019958944381,-2.5010713778545988,-2.5107542140881578,0.050030618039839325,0.040347781806280292,-2.5
CLSVOF_LS_NATIVE,7,128,5000,1.9479603535224503,0.024851608881778831,0.06640625,0.39453125,80.44571032759832,0.018999410317514398,-2.4986096167571725,-2.4885967800100239,-2.4984542275119117,0.01001283674714859,0.00015538924526081743,-2.5
CLSVOF_LS_NATIVE,7,128,5000,1.9479603535224503,0.024851608881778831,0.06640625,0.40234375,80.627907291420996,1.0053946013820074,-2.4497927659061758,-2.4936591933427521,-2.4922237684229156,-0.043866427436576316,-0.042431002516739813,-2.5
CLSVOF_LS_NATIVE,7,128,5000,1.9479603535224503,0.024851608881778831,0.06640625,0.41015625,80.803344108371178,1.9922975194923616,-2.4062788416712673,-2.4549313718676311,-2.4650891016857348,-0.048652530196363841,-0.058810260014467541,-2.5
CLSVOF_LS_NATIVE,7,128,5000,1.9479603535224503,0.024851608881778831,0.07421875,-0.40234375,280.45163294398861,1.1775352162620782,-2.439304235028906,-2.5050164946445603,-2.4922431023486928,-0.0657122596156543,-0.052938867319786809,-2.5
CLSVOF_LS_NATIVE,7,128,5000,1.9479603535224503,0.024851608881778831,0.07421875,-0.39453125,280.65390259993842,0.19444449336944566,-2.4903758039150441,-2.5091406218318841,-2.498604842256209,-0.018764817916840038,-0.0082290383411649515,-2.5
CLSVOF_LS_NATIVE,7,128,5000,1.9479603535224503,0.024851608881778831,0.07421875,-0.38671875,280.86405992208762,0.78794980561152783,-2.5355782694617344,-2.5150831668929325,-2.5047863167515279,0.020495102568801826,0.030791952710206516,-2.5
CLSVOF_LS_NATIVE,7,128,5000,1.9479603535224503,0.024851608881778831,0.07421875,-0.37890625,281.08256946302959,1.7696334798021403,-2.5823040756700619,-2.5230043134979931,-2.5069442367256052,0.059299762172068782,0.075359838944456747,-2.5
CLSVOF_LS_NATIVE,7,128,5000,1.9479603535224503,0.024851608881778831,0.07421875,0.37890625,78.917430536970443,1.7696334053436027,-2.5823040856271828,-2.514843608474238,-2.506944252010554,0.067460477152944787,0.075359833616628791,-2.5
CLSVOF_LS_NATIVE,7,128,5000,1.9479603535224503,0.024851608881778831,0.07421875,0.38671875,79.135940077912366,0.78794973086918985,-2.5355782788037353,-2.4931941308432126,-2.5047863244509605,0.0423841479605227,0.03079195435277482,-2.5
CLSVOF_LS_NATIVE,7,128,5000,1.9479603535224503,0.024851608881778831,0.07421875,0.39453125,79.346097400061595,0.19444456838441235,-2.4903758166353795,-2.4909126101199521,-2.4986048571379138,-0.00053679348457258413,-0.0082290405025342572,-2.5
CLSVOF_LS_NATIVE,7,128,5000,1.9479603535224503,0.024851608881778831,0.07421875,0.40234375,79.548367056011386,1.1775352915359842,-2.4393042430183334,-2.4903182944243265,-2.4922431124326181,-0.051014051405993133,-0.052938869414284717,-2.5
CLSVOF_LS_NATIVE,7,128,5000,1.9479603535224503,0.024851608881778831,0.08203125,-0.40234375,281.52372170389725,1.368100972312227,-2.4513015506022384,-2.5031481045473409,-2.4864935458020985,-0.051846553945102514,-0.035191995199860049,-2.5
CLSVOF_LS_NATIVE,7,128,5000,1.9479603535224503,0.024851608881778831,0.08203125,-0.39453125,281.74563342528791,0.38867359816366998,-2.4853715987109632,-2.5119234249852926,-2.4998320318750609,-0.026551826274329393,-0.014460433164097619,-2.5
CLSVOF_LS_NATIVE,7,128,5000,1.9479603535224503,0.024851608881778831,0.08203125,-0.38671875,281.97613244420324,0.58994736131009817,-2.5229892980526056,-2.5134716692783785,-2.4995034746168701,0.0095176287742271271,0.023485823435735576,-2.5
CLSVOF_LS_NATIVE,7,128,5000,1.9479603535224503,0.024851608881778831,0.08203125,-0.37890625,282.21571913413078,1.5677289096789442,-2.5719484975891902,-2.5185923814696105,-2.5045573771581502,0.053356116119579688,0.067391120431040008,-2.5
CLSVOF_LS_NATIVE,7,128,5000,1.9479603535224503,0.024851608881778831,0.08203125,0.37890625,77.784280865869221,1.5677288366173892,-2.571948517460005,-2.5104991836826716,-2.504557396515247,0.061449333777333415,0.067391120944757965,-2.5
CLSVOF_LS_NATIVE,7,128,5000,1.9479603535224503,0.024851608881778831,0.08203125,0.38671875,78.023867555796727,0.58994728796627782,-2.5229893156371497,-2.4858922987831589,-2.4995034939372007,0.037097016853990805,0.02348582169994895,-2.5
CLSVOF_LS_NATIVE,7,128,5000,1.9479603535224503,0.024851608881778831,0.08203125,0.39453125,78.254366574712122,0.388673671782857,-2.4853716152889525,-2.4918456652103433,-2.4998320514904502,-0.0064740499213908898,-0.014460436201497728,-2.5
CLSVOF_LS_NATIVE,7,128,5000,1.9479603535224503,0.024851608881778831,0.08203125,0.40234375,78.476278296102748,1.3681010461969907,-2.451301566540161,-2.4822802330286793,-2.4864935619357693,-0.030978666488518325,-0.035191995395608355,-2.5
CLSVOF_LS_NATIVE,7,128,5000,1.9479603535224503,0.024851608881778831,0.08984375,-0.40234375,282.58769338164871,1.5770651797975022,-2.4047944476964398,-2.495124307437393,-2.4760636003632275,-0.0903298597409532,-0.071269152666787683,-2.5
CLSVOF_LS_NATIVE,7,128,5000,1.9479603535224503,0.024851608881778831,0.08984375,-0.39453125,282.82878287145536,0.60152803742397698,-2.4567712263285326,-2.5118640952348632,-2.5001873486269437,-0.055092868906330583,-0.043416122298411075,-2.5
CLSVOF_LS_NATIVE,7,128,5000,1.9479603535224503,0.024851608881778831,0.08984375,-0.38671875,283.07912378006677,0.37307410534842605,-2.5296649308188854,-2.5160211245769353,-2.5031051854287414,0.013643806241950163,0.026559745390144052,-2.5
CLSVOF_LS_NATIVE,7,128,5000,1.9479603535224503,0.024851608881778831,0.08984375,-0.37890625,283.33924890336334,1.3466324158461678,-2.5837138838218747,-2.5179108644592532,-2.5053329025060904,0.065803019362621562,0.078380981315784304,-2.5
CLSVOF_LS_NATIVE,7,128,5000,1.9479603535224503,0.024851608881778831,0.08984375,0.37890625,76.660751096636673,1.3466323440237267,-2.5837139065369663,-2.5040122782868171,-2.5053329256777248,0.079701628250149259,0.0783809808592415,-2.5
CLSVOF_LS_NATIVE,7,128,5000,1.9479603535224503,0.024851608881778831,0.08984375,0.38671875,76.920876219933263,0.3730740332614233,-2.5296649528796378,-2.4923782625642228,-2.5031052112332026,0.037286690315414983,0.026559741646435153,-2.5
CLSVOF_LS_NATIVE,7,128,5000,1.9479603535224503,0.024851608881778831,0.08984375,0.39453125,77.171217128544654,0.60152810978358462,-2.4567712440661844,-2.4919258584836439,-2.5001873714119984,-0.035154614417459484,-0.043416127345814015,-2.5
CLSVOF_LS_NATIVE,7,128,5000,1.9479603535224503,0.024851608881778831,0.08984375,0.40234375,77.412306618351295,1.5770652524244551,-2.4047944639467564,-2.4693662223639912,-2.4760636197585337,-0.064571758417234726,-0.071269155811777285,-2.5
CLSVOF_LS_NATIVE,7,128,5000,1.9479603535224503,0.024851608881778831,0.09765625,-0.40234375,283.64291477598999,1.8039201365870881,-2.4252467630634045,-2.4938990237350458,-2.4741216279750118,-0.068652260671641319,-0.048874864911607308,-2.5
CLSVOF_LS_NATIVE,7,128,5000,1.9479603535224503,0.024851608881778831,0.09765625,-0.39453125,283.9026871142205,0.83262357284021038,-2.4787268061104171,-2.5161192428764778,-2.5017736737218468,-0.037392436766060744,-0.023046867611429711,-2.5
CLSVOF_LS_NATIVE,7,128,5000,1.9479603535224503,0.024851608881778831,0.09765625,-0.38671875,284.17233770013189,0.13744461603638028,-2.5038769089406543,-2.5076646914198721,-2.4992317391714853,-0.0037877824792178494,0.0046451697691689553,-2.5
CLSVOF_LS_NATIVE,7,128,5000,1.9479603535224503,0.024851608881778831,0.09765625,-0.37890625,284.4524282510929,1.106412162316345,-2.5440888117949556,-2.508618834710159,-2.4990154658238382,0.0354699770847966,0.045073345971117451,-2.5
CLSVOF_LS_NATIVE,7,128,5000,1.9479603535224503,0.024851608881778831,0.09765625,0.37890625,75.547571748907103,1.1064120915551408,-2.5440888336857275,-2.4927017772786817,-2.4990154895295329,0.051387056407045772,0.045073344156194572,-2.5
CLSVOF_LS_NATIVE,7,128,5000,1.9479603535224503,0.024851608881778831,0.09765625,0.38671875,75.827662299868123,0.1374445450340688,-2.5038769328922181,-2.4957684340934807,-2.4992317590181861,0.0081084987987374291,0.0046451738740320714,-2.5
CLSVOF_LS_NATIVE,7,128,5000,1.9479603535224503,0.024851608881778831,0.09765625,0.39453125,76.09731288577953,0.83262364408150147,-2.478726831249805,-2.4986361868727998,-2.501773697053769,-0.019909355622994784,-0.023046865803963978,-2.5
CLSVOF_LS_NATIVE,7,128,5000,1.9479603535224503,0.024851608881778831,0.09765625,0.40234375,76.357085224010007,1.8039202080882413,-2.4252467834017741,-2.4648769907481571,-2.4741216519511848,-0.039630207346383006,-0.048874868549410699,-2.5
CLSVOF_LS_NATIVE,7,128,5000,1.9479603535224503,0.024851608881778831,0.10546875,-0.39453125,284.96671956400479,1.0819629070189671,-2.4436592039134086,-2.5017945536304489,-2.4940042948940246,-0.058135349717040263,-0.050345090980616014,-2.5
CLSVOF_LS_NATIVE,7,128,5000,1.9479603535224503,0.024851608881778831,0.10546875,-0.38671875,285.25511870305769,0.11656929705789799,-2.490563058723168,-2.5049775050710501,-2.4964737108320025,-0.014414446347882137,-0.0059106521088345687,-2.5
CLSVOF_LS_NATIVE,7,128,5000,1.9479603535224503,0.024851608881778831,0.10546875,-0.37890625,285.55457127007435,0.84755914384637665,-2.5490776813272369,-2.5191073621365945,-2.5126821587408927,0.029970319190642414,0.036395522586344153,-2.5
CLSVOF_LS_NATIVE,7,128,5000,1.9479603535224503,0.024851608881778831,0.10546875,-0.37109375,285.86570780277373,1.8101938337905477,-2.5950829042803387,-2.5279199653374511,-2.5099307122483019,0.067162938942887607,0.085152192032036833,-2.5
CLSVOF_LS_NATIVE,7,128,5000,1.9479603535224503,0.024851608881778831,0.10546875,0.37109375,74.134292197226245,1.8101937641365327,-2.5950829302486578,-2.5058611287603298,-2.5099307393113288,0.089221801488327923,0.085152190937328953,-2.5
CLSVOF_LS_NATIVE,7,128,5000,1.9479603535224503,0.024851608881778831,0.10546875,0.37890625,74.445428729925666,0.84755907397420305,-2.5490777056943728,-2.5026683246184191,-2.5126821779082631,0.046409381075953604,0.03639552778610966,-2.5
CLSVOF_LS_NATIVE,7,128,5000,1.9479603535224503,0.024851608881778831,0.10546875,0.38671875,74.744881296942296,0.11656936716275107,-2.490563079531221,-2.487427850988567,-2.4964737357431059,0.0031352285426540227,-0.0059106562118849126,-2.5
CLSVOF_LS_NATIVE,7,128,5000,1.9479603535224503,0.024851608881778831,0.10546875,0.39453125,75.033280435995209,1.0819629773353534,-2.4436592290221935,-2.495610747354903,-2.4940043184537024,-0.051951518332709501,-0.050345089431508949,-2.5
CLSVOF_LS_NATIVE,7,128,5000,1.9479603535224503,0.024851608881778831,0.11328125,-0.39453125,286.02029230207114,1.3491140829709354,-2.4388178751519134,-2.4947971442588899,-2.4838281735626344,-0.055979269106976481,-0.045010298410721017,-2.5
CLSVOF_LS_NATIVE,7,128,5000,1.9479603535224503,0.024851608881778831,0.11328125,-0.38671875,286.32685351056494,0.38870587854244332,-2.4790425699235286,-2.5088219015929267,-2.4991627092393625,-0.029779331669398168,-0.020120139315833896,-2.5
CLSVOF_LS_NATIVE,7,128,5000,1.9479603535224503,0.024851608881778831,0.11328125,-0.37890625,286.64503821467588,0.57021174421754028,-2.5262410689930261,-2.5129772591451207,-2.5020792541817092,0.013263809847905428,0.024161814811316962,-2.5
CLSVOF_LS_NATIVE,7,128,5000,1.9479603535224503,0.024851608881778831,0.11328125,-0.37109375,286.97549946792969,1.5275075472094406,-2.5804129213359266,-2.5196450143568021,-2.506914935313282,0.060767906979124486,0.073497986022644568,-2.5
CLSVOF_LS_NATIVE,7,128,5000,1.9479603535224503,0.024851608881778831,0.11328125,0.37109375,73.024500532070334,1.5275074782185278,-2.5804129510710898,-2.5017031268276106,-2.5069149606557226,0.078709824243479165,0.073497990415367198,-2.5
CLSVOF_LS_NATIVE,7,128,5000,1.9479603535224503,0.024851608881778831,0.11328125,0.37890625,73.354961785324136,0.57021167504472281,-2.5262411017256916,-2.4895348111593143,-2.5020792809349945,0.036706290566377309,0.024161820790697064,-2.5
CLSVOF_LS_NATIVE,7,128,5000,1.9479603535224503,0.024851608881778831,0.11328125,0.38671875,73.673146489435069,0.38870594791751373,-2.4790425857235578,-2.4907128296501373,-2.4991627357527419,-0.011670243926579449,-0.020120150029184103,-2.5
CLSVOF_LS_NATIVE,7,128,5000,1.9479603535224503,0.024851608881778831,0.11328125,0.39453125,73.979707697928859,1.3491141525615735,-2.4388178817416142,-2.4809387913475627,-2.4838281950811778,-0.042120909605948498,-0.045010313339563623,-2.5
CLSVOF_LS_NATIVE,7,128,5000,1.9479603535224503,0.024851608881778831,0.12109375,-0.39453125,287.06285717346134,1.6338830707868806,-2.4137850889667543,-2.4926058348087659,-2.4762541471438984,-0.078820745842011597,-0.062469058177144099,-2.5
CLSVOF_LS_NATIVE,7,128,5000,1.9479603535224503,0.024851608881778831,0.12109375,-0.38671875,287.38697217691549,0.67868433061444577,-2.4705168824950277,-2.511716272575339,-2.5008530002873743,-0.041199390080311371,-0.030336117792346684,-2.5
CLSVOF_LS_NATIVE,7,128,5000,1.9479603535224503,0.024851608881778831,0.12109375,-0.37890625,287.72323661688625,0.27475299014904514,-2.5153195502655712,-2.5078829670374354,-2.5014590613178713,0.0074365832281357847,0.013860488947699867,-2.5
CLSVOF_LS_NATIVE,7,128,5000,1.9479603535224503,0.024851608881778831,0.12109375,-0.37109375,288.07232214895942,1.226377779331316,-2.559383502371563,-2.5115643000176142,-2.5016496976022822,0.047819202353948764,0.057733804769280805,-2.5
CLSVOF_LS_NATIVE,7,128,5000,1.9479603535224503,0.024851608881778831,0.12109375,0.37109375,71.927677851040585,1.2263777107701086,-2.5593835111962715,-2.4943228461448363,-2.5016497186651527,0.065060665051435151,0.057733792531118766,-2.5
CLSVOF_LS_NATIVE,7,128,5000,1.9479603535224503,0.024851608881778831,0.12109375,0.37890625,72.27676338311376,0.27475292143875413,-2.5153195608271215,-2.4971973403882131,-2.5014590798863865,0.018122220438908432,0.013860480940734998,-2.5
CLSVOF_LS_NATIVE,7,128,5000,1.9479603535224503,0.024851608881778831,0.12109375,0.38671875,72.613027823084536,0.67868439935673008,-2.4705169210527496,-2.4937938220947045,-2.5008530274606815,-0.023276901041954901,-0.03033610640793194,-2.5
CLSVOF_LS_NATIVE,7,128,5000,1.9479603535224503,0.024851608881778831,0.12109375,0.39453125,72.93714282653869,1.6338831396951949,-2.4137851226176852,-2.4691072516178449,-2.4762541721803446,-0.055322129000159759,-0.062469049562659418,-2.5
CLSVOF_LS_NATIVE,7,128,5000,1.9479603535224503,0.024851608881778831,0.12890625,-0.39453125,288.09390654406309,1.9358835094305682,-2.4155147463891011,-2.4909510170447593,-2.4710496798964647,-0.075436270655658166,-0.055534933507363604,-2.5
CLSVOF_LS_NATIVE,7,128,5000,1.9479603535224503,0.024851608881778831,0.12890625,-0.38671875,288.43494882292191,0.98624221622412334,-2.4568311198715738,-2.5005694404262848,-2.494285455132967,-0.043738320554711052,-0.03745433526139319,-2.5
CLSVOF_LS_NATIVE,7,128,5000,1.9479603535224503,0.024851608881778831,0.12890625,-0.37890625,288.78862198216837,0.038536277463237741,-2.4973863132238194,-2.5068926239670519,-2.4967894315129637,-0.0095063107432324934,0.00059688171085570119,-2.5
CLSVOF_LS_NATIVE,7,128,5000,1.9479603535224503,0.024851608881778831,0.12890625,-0.37109375,289.1556124454396,0.9071798189290724,-2.5444886423753479,-2.5247014762122566,-2.5179030352981431,0.019787166163091285,0.026585607077204809,-2.5
CLSVOF_LS_NATIVE,7,128,5000,1.9479603535224503,0.024851608881778831,0.12890625,-0.36328125,289.53665493812832,1.8507130905700955,-2.5935280675777643,-2.5378542974490355,-2.5119960744453076,0.055673770128728872,0.081531993132456737,-2.5
CLSVOF_LS_NATIVE,7,128,5000,1.9479603535224503,0.024851608881778831,0.12890625,0.36328125,70.463345061871678,1.8507130224442037,-2.5935280931902089,-2.4952451408340721,-2.51199609524528,0.098282952356136821,0.081531997944928936,-2.5
CLSVOF_LS_NATIVE,7,128,5000,1.9479603535224503,0.024851608881778831,0.12890625,0.37109375,70.844387554560399,0.90717975074509483,-2.544488675305582,-2.5084002540364914,-2.5179030621201486,0.03608842126909062,0.026585613185433399,-2.5
CLSVOF_LS_NATIVE,7,128,5000,1.9479603535224503,0.024851608881778831,0.12890625,0.37890625,71.211378017831606,0.03853634578396084,-2.4973863296146179,-2.485695064658779,-2.4967894539438862,0.011691264955838943,0.00059687567073174463,-2.5
CLSVOF_LS_NATIVE,7,128,5000,1.9479603535224503,0.024851608881778831,0.12890625,0.38671875,71.565051177078061,0.98624228461081298,-2.4568311277924355,-2.4949259299793081,-2.49428547572158,-0.038094802186872556,-0.037454347929144483,-2.5
CLSVOF_LS_NATIVE,7,128,5000,1.9479603535224503,0.024851608881778831,0.12890625,0.39453125,71.906093455936912,1.9358835779180306,-2.4155147590524164,-2.4597920956149064,-2.4710497024497871,-0.044277336562489999,-0.05553494339737064,-2.5
CLSVOF_LS_NATIVE,7,128,5000,1.9479603535224503,0.024851608881778831,0.13671875,-0.38671875,289.47030200946688,1.3110740702818104,-2.4295461976981407,-2.494279035375361,-2.4831802171043678,-0.064732837677220267,-0.053634019406227029,-2.5
CLSVOF_LS_NATIVE,7,128,5000,1.9479603535224503,0.024851608881778831,0.13671875,-0.37890625,289.84069808396828,0.36932249012025237,-2.469790094792903,-2.5085431852212481,-2.4991995172492181,-0.038753090428345072,-0.02940942245631506,-2.5
CLSVOF_LS_NATIVE,7,128,5000,1.9479603535224503,0.024851608881778831,0.13671875,-0.37109375,290.224859431168,0.57022926274150709,-2.5355899361724457,-2.5148121787045286,-2.5039616707685153,0.020777757467917102,0.031628265403930378,-2.5
CLSVOF_LS_NATIVE,7,128,5000,1.9479603535224503,0.024851608881778831,0.13671875,-0.36328125,290.62353138332514,1.5074079026778222,-2.5875353525576541,-2.5307431984115683,-2.5111469270802536,0.056792154146085849,0.076388425477400546,-2.5
CLSVOF_LS_NATIVE,7,128,5000,1.9479603535224503,0.024851608881778831,0.13671875,0.36328125,69.376468616674842,1.5074078346505069,-2.5875353570108661,-2.5027171900238638,-2.5111469406272282,0.084818166987002286,0.076388416383637914,-2.5
CLSVOF_LS_NATIVE,7,128,5000,1.9479603535224503,0.024851608881778831,0.13671875,0.37109375,69.775140568831986,0.57022919470303524,-2.5355899467290666,-2.4909843556417939,-2.5039616885403606,0.044605591087272689,0.03162825818870596,-2.5
CLSVOF_LS_NATIVE,7,128,5000,1.9479603535224503,0.024851608881778831,0.13671875,0.37890625,70.159301916031723,0.36932255817801113,-2.4697901144539638,-2.4895973051628375,-2.499199537664277,-0.019807190708873712,-0.029409423210313257,-2.5
CLSVOF_LS_NATIVE,7,128,5000,1.9479603535224503,0.024851608881778831,0.13671875,0.38671875,70.529697990533123,1.3110741383588351,-2.4295462189994441,-2.4794554564755149,-2.4831802347544847,-0.049909237476070789,-0.053634015755040565,-2.5
CLSVOF_LS_NATIVE,7,128,5000,1.9479603535224503,0.024851608881778831,0.14453125,-0.38671875,290.49259476987021,1.6527862808410498,-2.4176980087357238,-2.4965832294384196,-2.4790671066132006,-0.078885220702695769,-0.061369097877476797,-2.5
CLSVOF_LS_NATIVE,7,128,5000,1.9479603535224503,0.024851608881778831,0.14453125,-0.37890625,290.87901688055734,0.71715570237215964,-2.4852658642329923,-2.515063344977861,-2.505997122126538,-0.029797480744868654,-0.020731257893545685,-2.5
CLSVOF_LS_NATIVE,7,128,5000,1.9479603535224503,0.024851608881778831,0.14453125,-0.37109375,291.27960442769535,0.21583979693446456,-2.506539322540231,-2.5063080371033597,-2.5006825719909278,0.0002312854368713424,0.0058567505493032357,-2.5
CLSVOF_LS_NATIVE,7,128,5000,1.9479603535224503,0.024851608881778831,0.14453125,-0.36328125,291.6951094607968,1.1463770968664055,-2.5463722915358988,-2.5141353589476187,-2.5025521126497958,0.032236932588280087,0.043820178886103012,-2.5
CLSVOF_LS_NATIVE,7,128,5000,1.9479603535224503,0.024851608881778831,0.14453125,0.36328125,68.304890539203186,1.1463770289150588,-2.5463723010281267,-2.4913902515468811,-2.5025521225839862,0.054982049481245632,0.043820178444140545,-2.5
CLSVOF_LS_NATIVE,7,128,5000,1.9479603535224503,0.024851608881778831,0.14453125,0.37109375,68.720395572304653,0.21583972898961945,-2.5065393336248096,-2.4957782306805329,-2.5006825854390122,0.010761102944276679,0.0058567481857974002,-2.5
CLSVOF_LS_NATIVE,7,128,5000,1.9479603535224503,0.024851608881778831,0.14453125,0.37890625,69.120983119442656,0.71715577030074984,-2.4852658776938061,-2.4992610403190492,-2.5059971436079036,-0.013995162625243029,-0.020731265914097463,-2.5
CLSVOF_LS_NATIVE,7,128,5000,1.9479603535224503,0.024851608881778831,0.14453125,0.38671875,69.507405230129791,1.6527863487737562,-2.4176980177273513,-2.470600029095261,-2.4790671261949391,-0.052902011367909729,-0.061369108467587807,-2.5
CLSVOF_LS_NATIVE,7,128,5000,1.9479603535224503,0.024851608881778831,0.15234375,-0.37890625,291.90317808183909,1.0819299274073841,-2.4542087298628115,-2.5013136473265423,-2.4957908073732855,-0.0471049174637308,-0.041582077510474047,-2.5
CLSVOF_LS_NATIVE,7,128,5000,1.9479603535224503,0.024851608881778831,0.15234375,-0.37109375,292.31944039297503,0.15554695479783584,-2.4833805514406864,-2.5065396370353485,-2.4970147476960856,-0.023159085594662177,-0.013634196255399189,-2.5
CLSVOF_LS_NATIVE,7,128,5000,1.9479603535224503,0.024851608881778831,0.15234375,-0.36328125,292.75097634278757,0.76819422741459797,-2.550312336426023,-2.5146579380678391,-2.5065795791631444,0.035654398358183848,0.043732757262878508,-2.5
CLSVOF_LS_NATIVE,7,128,5000,1.9479603535224503,0.024851608881778831,0.15234375,-0.35546875,293.19859051364813,1.6888383950193198,-2.5889160583826314,-2.541980464599833,-2.5120895456213641,0.046935593782798435,0.076826512761267285,-2.5
CLSVOF_LS_NATIVE,7,128,5000,1.9479603535224503,0.024851608881778831,0.15234375,0.35546875,66.801409486351872,1.6888383270469751,-2.5889160644955584,-2.4961691402153323,-2.5120895541751715,0.092746924280226128,0.076826510320386898,-2.5
CLSVOF_LS_NATIVE,7,128,5000,1.9479603535224503,0.024851608881778831,0.15234375,0.36328125,67.249023657212433,0.7681941594687629,-2.5503123485958556,-2.495589074340598,-2.5065795834730569,0.054723274255257692,0.043732765122798778,-2.5
CLSVOF_LS_NATIVE,7,128,5000,1.9479603535224503,0.024851608881778831,0.15234375,0.37109375,67.680559607024975,0.1555470227327829,-2.4833805527996069,-2.486710784062848,-2.4970147561674354,-0.0033302312632410569,-0.013634203367828501,-2.5
CLSVOF_LS_NATIVE,7,128,5000,1.9479603535224503,0.024851608881778831,0.15234375,0.37890625,68.096821918160913,1.08192999529732,-2.4542087485443957,-2.4944778608659268,-2.4957908155187303,-0.040269112321531075,-0.041582066974334531,-2.5
CLSVOF_LS_NATIVE,7,128,5000,1.9479603535224503,0.024851608881778831,0.16015625,-0.37890625,292.9128283967716,1.4632191014447462,-2.4203751043270461,-2.4936026386914523,-2.4811942136471221,-0.07322753436440621,-0.060819109320076059,-2.5
CLSVOF_LS_NATIVE,7,128,5000,1.9479603535224503,0.024851608881778831,0.16015625,-0.37109375,293.34401096157745,0.54356212366845025,-2.4773098860795466,-2.5084889193256608,-2.5005314247920061,-0.031179033246114152,-0.023221538712459466,-2.5
CLSVOF_LS_NATIVE,7,128,5000,1.9479603535224503,0.024851608881778831,0.16015625,-0.36328125,293.79077386577717,0.37304857628363286,-2.514314459598157,-2.5156420496463934,-2.5038942892740144,-0.001327590048236349,0.010420170324142664,-2.5
CLSVOF_LS_NATIVE,7,128,5000,1.9479603535224503,0.024851608881778831,0.16015625,-0.35546875,294.25391972431652,1.2864703341034598,-2.5655197355362009,-2.5219511752825765,-2.5077303954397632,0.043568560253624433,0.057789340096437769,-2.5
CLSVOF_LS_NATIVE,7,128,5000,1.9479603535224503,0.024851608881778831,0.16015625,0.35546875,65.746080275683482,1.2864702660613843,-2.5655197372393657,-2.4960954892124527,-2.507730400249395,0.069424248026912938,0.057789336989970685,-2.5
CLSVOF_LS_NATIVE,7,128,5000,1.9479603535224503,0.024851608881778831,0.16015625,0.36328125,66.20922613422286,0.37304850825259456,-2.5143144626481209,-2.4924593997269118,-2.5038943004986334,0.02185506292120909,0.010420162149487489,-2.5
CLSVOF_LS_NATIVE,7,128,5000,1.9479603535224503,0.024851608881778831,0.16015625,0.37109375,66.655989038422561,0.54356219161646968,-2.4773098919136274,-2.4907494665243828,-2.5005314360711641,-0.0134395746107554,-0.023221544157536744,-2.5
CLSVOF_LS_NATIVE,7,128,5000,1.9479603535224503,0.024851608881778831,0.16015625,0.37890625,67.087171603228413,1.4632191694792791,-2.420375071870585,-2.4746125659677292,-2.4811942197472052,-0.054237494097144179,-0.060819147876620239,-2.5
CLSVOF_LS_NATIVE,7,128,5000,1.9479603535224503,0.024851608881778831,0.16796875,-0.37890625,293.90766049417243,1.8605472062982329,-2.4166542446673249,-2.4871104192698814,-2.4692841917609885,-0.070456174602556487,-0.052629947093663532,-2.5
CLSVOF_LS_NATIVE,7,128,5000,1.9479603535224503,0.024851608881778831,0.16796875,-0.37109375,294.35300917502957,0.94790206556564538,-2.4567711628449582,-2.5016435629178417,-2.4962255482647668,-0.044872400072883512,-0.039454385419808613,-2.5
CLSVOF_LS_NATIVE,7,128,5000,1.9479603535224503,0.024851608881778831,0.16796875,-0.36328125,294.81419699053509,0.038533058828138518,-2.4969230602201749,-2.5083981680893261,-2.4982141122085881,-0.011475107869151291,-0.0012910519884132832,-2.5
CLSVOF_LS_NATIVE,7,128,5000,1.9479603535224503,0.024851608881778831,0.16796875,-0.35546875,295.29202115702122,0.86742834963276716,-2.5435597459919759,-2.5225726796489178,-2.5179701500987401,0.020987066343058025,0.025589595893235728,-2.5
CLSVOF_LS_NATIVE,7,128,5000,1.9479603535224503,0.024851608881778831,0.16796875,-0.34765625,295.78732818281429,1.7696870038323926,-2.5895432300747783,-2.5490495438788958,-2.5141127476179648,0.04049368619588245,0.075430482456813497,-2.5
CLSVOF_LS_NATIVE,7,128,5000,1.9479603535224503,0.024851608881778831,0.16796875,0.34765625,64.212671817185694,1.7696869356702589,-2.5895432296868997,-2.4934902570812705,-2.5141127508998315,0.096052972605629172,0.0754304787870681,-2.5
CLSVOF_LS_NATIVE,7,128,5000,1.9479603535224503,0.024851608881778831,0.16796875,0.35546875,64.707978842978775,0.86742828150466578,-2.5435597538852273,-2.5076912809342522,-2.517970148488395,0.035868472950975061,0.025589605396832305,-2.5
CLSVOF_LS_NATIVE,7,128,5000,1.9479603535224503,0.024851608881778831,0.16796875,0.36328125,65.185803009464905,0.038533126955257534,-2.4969230504393867,-2.4867639512981592,-2.4982141111676759,0.010159099141227479,-0.0012910607282892173,-2.5
CLSVOF_LS_NATIVE,7,128,5000,1.9479603535224503,0.024851608881778831,0.16796875,0.37109375,65.64699082497043,0.94790213351382679,-2.4567712003919282,-2.4925136727558503,-2.4962255546402217,-0.03574247236392214,-0.039454354248293466,-2.5
CLSVOF_LS_NATIVE,7,128,5000,1.9479603535224503,0.024851608881778831,0.16796875,0.37890625,66.092339505827567,1.8605472742048896,-2.4166542945948239,-2.4591864001857813,-2.469284203565385,-0.042532105590957325,-0.052629908970561079,-2.5
CLSVOF_LS_NATIVE,7,128,5000,1.9479603535224503,0.024851608881778831,0.17578125,-0.37109375,295.34617594194663,1.368180199229257,-2.4301966371489754,-2.4990402860158354,-2.4894906146927491,-0.068843648866860008,-0.059293977543773746,-2.5
CLSVOF_LS_NATIVE,7,128,5000,1.9479603535224503,0.024851608881778831,0.17578125,-0.36328125,295.82099197418921,0.46619290084978909,-2.474113823780236,-2.5114923620184397,-2.5033379900321253,-0.037378538238203696,-0.029224166251889283,-2.5
CLSVOF_LS_NATIVE,7,128,5000,1.9479603535224503,0.024851608881778831,0.17578125,-0.35546875,296.31264849478879,0.43213520387372101,-2.5237876710258602,-2.5154285927912281,-2.5042961686942311,0.0083590782346321113,0.019491502331629107,-2.5
CLSVOF_LS_NATIVE,7,128,5000,1.9479603535224503,0.024851608881778831,0.17578125,-0.34765625,296.82198120158142,1.3265632254224353,-2.5714288709228281,-2.5290655762712495,-2.5095490050353537,0.04236329465157862,0.061879865887474406,-2.5
CLSVOF_LS_NATIVE,7,128,5000,1.9479603535224503,0.024851608881778831,0.17578125,0.34765625,63.178018798418556,1.3265631571615968,-2.5714288697619918,-2.4962686873998643,-2.5095490066359645,0.075160182362127514,0.061879863126027335,-2.5
CLSVOF_LS_NATIVE,7,128,5000,1.9479603535224503,0.024851608881778831,0.17578125,0.35546875,63.687351505211232,0.43213513559874839,-2.523787664372791,-2.492435938359622,-2.5042961716865699,0.031351726013169046,0.019491492686221079,-2.5
CLSVOF_LS_NATIVE,7,128,5000,1.9479603535224503,0.024851608881778831,0.17578125,0.36328125,64.179008025810788,0.46619296903902047,-2.4741138319175491,-2.4931938030978573,-2.5033379921328009,-0.019079971180308242,-0.029224160215251871,-2.5
CLSVOF_LS_NATIVE,7,128,5000,1.9479603535224503,0.024851608881778831,0.17578125,0.37109375,64.653824058053374,1.3681802675048396,-2.4301965838122603,-2.4828203038141452,-2.4894906106067278,-0.052623720001884866,-0.059294026794467491,-2.5
CLSVOF_LS_NATIVE,7,128,5000,1.9479603535224503,0.024851608881778831,0.18359375,-0.37109375,296.32329826780983,1.8039454071086745,-2.4358292576200933,-2.4921136838871276,-2.4762550590251968,-0.056284426267034338,-0.040425801405103545,-2.5
CLSVOF_LS_NATIVE,7,128,5000,1.9479603535224503,0.024851608881778831,0.18359375,-0.36328125,296.81095430034861,0.90949811234170419,-2.4718830876745304,-2.5044656501418889,-2.4977796544530459,-0.032582562467358578,-0.025896566778515595,-2.5
CLSVOF_LS_NATIVE,7,128,5000,1.9479603535224503,0.024851608881778831,0.18359375,-0.35546875,297.31560797344218,0.019001572886190955,-2.4948485064440611,-2.5082047247625043,-2.496550404520403,-0.013356218318443247,-0.0017018980763419123,-2.5
CLSVOF_LS_NATIVE,7,128,5000,1.9479603535224503,0.024851608881778831,0.18359375,-0.34765625,297.83808119713467,0.86741607672121013,-2.538158655266332,-2.5202942684112646,-2.5173140809305923,0.017864386855067416,0.020844574335739718,-2.5
CLSVOF_LS_NATIVE,7,128,5000,1.9479603535224503,0.024851608881778831,0.18359375,-0.33984375,298.37924308610786,1.7494617131253909,-2.5860338591372791,-2.5493683696312783,-2.5142215248265938,0.036665489506000792,0.071812334310685344,-2.5
CLSVOF_LS_NATIVE,7,128,5000,1.9479603535224503,0.024851608881778831,0.18359375,0.33984375,61.620756913892109,1.7494616447355797,-2.5860338616352996,-2.494415598520654,-2.5142215265289791,0.091618263114645604,0.071812335106320457,-2.5
CLSVOF_LS_NATIVE,7,128,5000,1.9479603535224503,0.024851608881778831,0.18359375,0.34765625,62.161918802865358,0.86741600837019062,-2.5381586638114211,-2.5074202978839475,-2.5173140783727663,0.030738365927473588,0.02084458543865475,-2.5
CLSVOF_LS_NATIVE,7,128,5000,1.9479603535224503,0.024851608881778831,0.18359375,0.35546875,62.684392026557802,0.019001641260364088,-2.4948484981945365,-2.4863934228130424,-2.4965504041238988,0.0084550753814940371,-0.0017019059293623684,-2.5
CLSVOF_LS_NATIVE,7,128,5000,1.9479603535224503,0.024851608881778831,0.18359375,0.36328125,63.189045699651373,0.909498180625533,-2.4718830935687888,-2.4906335085896165,-2.497779656641014,-0.018750415020827749,-0.025896563072225209,-2.5
CLSVOF_LS_NATIVE,7,128,5000,1.9479603535224503,0.024851608881778831,0.18359375,0.37109375,63.676701732190175,1.8039454752760404,-2.4358292964752293,-2.4660049823364685,-2.4762550632831744,-0.030175685861239199,-0.040425766807945074,-2.5
CLSVOF_LS_NATIVE,7,128,5000,1.9479603535224503,0.024851608881778831,0.19140625,-0.36328125,297.78392641220921,1.3682614240276216,-2.4045545453125761,-2.4913201590252285,-2.4827420814723942,-0.086765613712652456,-0.078187536159818105,-2.5
CLSVOF_LS_NATIVE,7,128,5000,1.9479603535224503,0.024851608881778831,0.19140625,-0.35546875,298.30075576600632,0.48554130551498798,-2.4691779706705388,-2.5099628152012388,-2.5020198236938942,-0.040784844530699971,-0.032841853023355405,-2.5
CLSVOF_LS_NATIVE,7,128,5000,1.9479603535224503,0.024851608881778831,0.19140625,-0.34765625,298.83550084774299,0.39274951747449288,-2.5241368099337835,-2.5165685867278436,-2.5056872917720958,0.0075682232059399723,0.018449518161687717,-2.5
CLSVOF_LS_NATIVE,7,128,5000,1.9479603535224503,0.024851608881778831,0.19140625,-0.33984375,299.38901146632031,1.2664802595084959,-2.5760485812408529,-2.5273902757437039,-2.5103547897435003,0.048658305497149001,0.065693791497352549,-2.5
CLSVOF_LS_NATIVE,7,128,5000,1.9479603535224503,0.024851608881778831,0.19140625,0.33984375,60.610988533679709,1.2664801909975021,-2.5760485717456207,-2.4978306492806301,-2.5103547872926666,0.078217922464990597,0.065693784452954151,-2.5
CLSVOF_LS_NATIVE,7,128,5000,1.9479603535224503,0.024851608881778831,0.19140625,0.34765625,61.16449915225698,0.39274944898267861,-2.5241368010108745,-2.4934197505679583,-2.5056872925869142,0.030717050442916172,0.018449508423960204,-2.5
CLSVOF_LS_NATIVE,7,128,5000,1.9479603535224503,0.024851608881778831,0.19140625,0.35546875,61.699244233993696,0.48554137393787067,-2.4691779740178306,-2.4917403206394169,-2.5020198229317971,-0.022562346621586293,-0.032841848913966576,-2.5
CLSVOF_LS_NATIVE,7,128,5000,1.9479603535224503,0.024851608881778831,0.19140625,0.36328125,62.216073587790781,1.368261492450797,-2.4045545311589049,-2.4744841370574973,-2.482742077091233,-0.069929605898592317,-0.078187545932328018,-2.5
CLSVOF_LS_NATIVE,7,128,5000,1.9479603535224503,0.024851608881778831,0.19921875,-0.36328125,298.73979529168798,1.8416719704789246,-2.4425654380887831,-2.4891379819969783,-2.4765973371533971,-0.046572543908195208,-0.034031899064614013,-2.5
CLSVOF_LS_NATIVE,7,128,5000,1.9479603535224503,0.024851608881778831,0.19921875,-0.35546875,299.26799521489266,0.96698213732731364,-2.4881592705620963,-2.5060827491522235,-2.500727828811574,-0.017923478590127218,-0.012568558249477668,-2.5
CLSVOF_LS_NATIVE,7,128,5000,1.9479603535224503,0.024851608881778831,0.19921875,-0.34765625,299.8141627377986,0.097063497847561866,-2.4845542153519915,-2.5074862071860027,-2.4975272966629176,-0.022931991834011178,-0.012973081310926116,-2.5
CLSVOF_LS_NATIVE,7,128,5000,1.9479603535224503,0.024851608881778831,0.19921875,-0.33984375,300.37912601136827,0.76817730182894695,-2.5352884573757826,-2.5146912972792492,-2.5090782010045927,0.02059716009653334,0.026210256371189899,-2.5
CLSVOF_LS_NATIVE,7,128,5000,1.9479603535224503,0.024851608881778831,0.19921875,-0.33203125,300.96375653207349,1.6282900465560282,-2.5829259447898498,-2.5484652406754731,-2.5147301195604177,0.034460704114376739,0.068195825229432128,-2.5
CLSVOF_LS_NATIVE,7,128,5000,1.9479603535224503,0.024851608881778831,0.19921875,0.33203125,59.036243467926539,1.6282899779701623,-2.582925940121211,-2.5023108262466387,-2.5147301172802639,0.080615113874572319,0.068195822840947162,-2.5
CLSVOF_LS_NATIVE,7,128,5000,1.9479603535224503,0.024851608881778831,0.19921875,0.33984375,59.620873988631715,0.76817723328026377,-2.5352884582233544,-2.4985354097238233,-2.5090781934669009,0.036753048499531094,0.026210264756453494,-2.5
CLSVOF_LS_NATIVE,7,128,5000,1.9479603535224503,0.024851608881778831,0.19921875,0.34765625,60.185837262201389,0.097063566392092668,-2.4845542079900405,-2.4874678337291876,-2.4975272961673145,-0.0029136257391471077,-0.01297308817727405,-2.5
CLSVOF_LS_NATIVE,7,128,5000,1.9479603535224503,0.024851608881778831,0.19921875,0.35546875,60.732004785107357,0.96698220581481931,-2.4881592664465373,-2.4945925564146076,-2.5007278274855325,-0.0064332899680703548,-0.012568561038995174,-2.5
CLSVOF_LS_NATIVE,7,128,5000,1.9479603535224503,0.024851608881778831,0.19921875,0.36328125,61.260204708312017,1.8416720389649663,-2.4425654273460378,-2.4665327313542367,-2.4765973330437561,-0.023967304008198909,-0.034031905697718301,-2.5
CLSVOF_LS_NATIVE,7,128,5000,1.9479603535224503,0.024851608881778831,0.20703125,-0.35546875,300.21727395738424,1.4633140891872805,-2.3907359132842392,-2.4854897123953412,-2.4766597705993876,-0.094753799111102044,-0.0859238573151484,-2.5
CLSVOF_LS_NATIVE,7,128,5000,1.9479603535224503,0.024851608881778831,0.20703125,-0.34765625,300.77403610124816,0.60149992160969612,-2.4661157140823575,-2.5046432164789136,-2.4982559705760568,-0.038527502396556113,-0.032140256493699226,-2.5
CLSVOF_LS_NATIVE,7,128,5000,1.9479603535224503,0.024851608881778831,0.20703125,-0.33984375,301.34958086524296,0.25512236549086348,-2.5136729892649994,-2.5079811094160789,-2.503013958270865,0.0056918798489205003,0.010659030994134344,-2.5
CLSVOF_LS_NATIVE,7,128,5000,1.9479603535224503,0.024851608881778831,0.20703125,-0.33203125,301.94475277620336,1.1065111267034859,-2.5723517726731622,-2.5259681100303144,-2.5105977983833854,0.046383662642847767,0.061753974289776803,-2.5
CLSVOF_LS_NATIVE,7,128,5000,1.9479603535224503,0.024851608881778831,0.20703125,-0.32421875,302.56043798115337,1.9521050208096125,-2.6085869509392241,-2.5557320921626014,-2.516245386761617,0.05285485877662266,0.092341564177607083,-2.5
CLSVOF_LS_NATIVE,7,128,5000,1.9479603535224503,0.024851608881778831,0.20703125,0.32421875,57.439562018846615,1.9521049522299967,-2.6085869504068731,-2.4967421067579347,-2.5162453823292137,0.11184484364893832,0.092341568077659364,-2.5
CLSVOF_LS_NATIVE,7,128,5000,1.9479603535224503,0.024851608881778831,0.20703125,0.33203125,58.055247223796663,1.1065110581041642,-2.5723517630403907,-2.5004057659008296,-2.5105977946640863,0.071945997139561069,0.061753968376304424,-2.5
CLSVOF_LS_NATIVE,7,128,5000,1.9479603535224503,0.024851608881778831,0.20703125,0.33984375,58.650419134757051,0.25512229690958405,-2.5136729803245137,-2.4972853122475596,-2.5030139510803786,0.016387668076954132,0.010659029244135088,-2.5
CLSVOF_LS_NATIVE,7,128,5000,1.9479603535224503,0.024851608881778831,0.20703125,0.34765625,59.225963898751857,0.60149999014595845,-2.4661157146025636,-2.4892476891028723,-2.4982559690365025,-0.023131974500308683,-0.032140254433938864,-2.5
CLSVOF_LS_NATIVE,7,128,5000,1.9479603535224503,0.024851608881778831,0.20703125,0.35546875,59.782726042615742,1.4633141576750148,-2.3907359163397213,-2.4681901334394496,-2.4766597690359342,-0.077454217099728329,-0.085923852696212943,-2.5
CLSVOF_LS_NATIVE,7,128,5000,1.9479603535224503,0.024851608881778831,0.21484375,-0.35546875,301.14858098619493,1.9735197263380699,-2.4129868013245921,-2.4816034029386511,-2.471756941116074,-0.068616601614059025,-0.058770139791481935,-2.5
CLSVOF_LS_NATIVE,7,128,5000,1.9479603535224503,0.024851608881778831,0.21484375,-0.34765625,301.71513351509776,1.1201029725291345,-2.4741426845867518,-2.5110731186257427,-2.5045950818878882,-0.036930434038990878,-0.030452397301136358,-2.5
CLSVOF_LS_NATIVE,7,128,5000,1.9479603535224503,0.024851608881778831,0.21484375,-0.33984375,302.30041551040256,0.27224741713580558,-2.4797955801842888,-2.5228893704292368,-2.5106347206177291,-0.043093790244947972,-0.030839140433440271,-2.5
CLSVOF_LS_NATIVE,7,128,5000,1.9479603535224503,0.024851608881778831,0.21484375,-0.33203125,302.90524292298784,0.57022634112201132,-2.5285797165197335,-2.512284272682999,-2.5050479310010867,0.016295443836734425,0.023531785518646764,-2.5
CLSVOF_LS_NATIVE,7,128,5000,1.9479603535224503,0.024851608881778831,0.21484375,-0.32421875,303.53046966713305,1.4067543996084497,-2.5540741671313563,-2.5314013061993648,-2.5040131858963299,0.022672860931991501,0.050060981235026336,-2.5
CLSVOF_LS_NATIVE,7,128,5000,1.9479603535224503,0.024851608881778831,0.21484375,0.32421875,56.46953033286696,1.4067543310560158,-2.5540741539463818,-2.497496994133134,-2.5040131786393416,0.056577159813247846,0.050060975307040234,-2.5
CLSVOF_LS_NATIVE,7,128,5000,1.9479603535224503,0.024851608881778831,0.21484375,0.33203125,57.094757077012162,0.57022627258302894,-2.5285797109606074,-2.4972648144383092,-2.5050479265317254,0.031314896522298241,0.023531784428882041,-2.5
CLSVOF_LS_NATIVE,7,128,5000,1.9479603535224503,0.024851608881778831,0.21484375,0.33984375,57.699584489597427,0.27224748567797352,-2.4797955766901065,-2.4994430322270338,-2.5106347260055339,-0.019647455536927261,-0.030839149315427417,-2.5
CLSVOF_LS_NATIVE,7,128,5000,1.9479603535224503,0.024851608881778831,0.21484375,0.34765625,58.284866484902253,1.1201030410754254,-2.4741426742273025,-2.4997174926318615,-2.5045950809389423,-0.025574818404558997,-0.030452406711639846,-2.5
CLSVOF_LS_NATIVE,7,128,5000,1.9479603535224503,0.024851608881778831,0.21484375,0.35546875,58.851419013805057,1.9735197948613619,-2.4129867907385636,-2.4631606362629497,-2.4717569410236107,-0.050173845524386085,-0.058770150285047063,-2.5
CLSVOF_LS_NATIVE,7,128,5000,1.9479603535224503,0.024851608881778831,0.22265625,-0.34765625,302.63750758428563,1.6526881538222982,-2.4355106885548143,-2.4968401174441843,-2.487105435753473,-0.061329428889369986,-0.051594747198658641,-2.5
CLSVOF_LS_NATIVE,7,128,5000,1.9479603535224503,0.024851608881778831,0.22265625,-0.33984375,303.23171106797929,0.81343311939480778,-2.468326845725656,-2.5146763764995348,-2.5040407441250521,-0.046349530773878822,-0.035713898399396093,-2.5
CLSVOF_LS_NATIVE,7,128,5000,1.9479603535224503,0.024851608881778831,0.22265625,-0.33203125,303.84534026107167,0.020060972911142505,-2.4944830686133219,-2.4999651676594374,-2.4900362397973201,-0.0054820990461155183,0.0044468288160017799,-2.5
CLSVOF_LS_NATIVE,7,128,5000,1.9479603535224503,0.024851608881778831,0.22265625,-0.32421875,304.4792156861256,0.84752973086062011,-2.5349155898681492,-2.5091281276227551,-2.5124483035681608,0.025787462245394188,0.022467286299988398,-2.5
CLSVOF_LS_NATIVE,7,128,5000,1.9479603535224503,0.024851608881778831,0.22265625,-0.31640625,305.13419305691559,1.6686737182345113,-2.5934995452808955,-2.5485625251560187,-2.5125910218370797,0.044937020124876881,0.080908523443815827,-2.5
CLSVOF_LS_NATIVE,7,128,5000,1.9479603535224503,0.024851608881778831,0.22265625,0.31640625,54.865806943084422,1.6686736498932622,-2.5934995260941371,-2.5010899433368965,-2.5125910124075004,0.092409582757240649,0.080908513686636763,-2.5
CLSVOF_LS_NATIVE,7,128,5000,1.9479603535224503,0.024851608881778831,0.22265625,0.32421875,55.520784313874422,0.84752966243217243,-2.5349155731461468,-2.5063618691873266,-2.5124482889609991,0.028553703958820176,0.022467284185147651,-2.5
CLSVOF_LS_NATIVE,7,128,5000,1.9479603535224503,0.024851608881778831,0.22265625,0.33203125,56.154659738928352,0.02006090448097016,-2.4944830598456931,-2.4854115532314744,-2.4900362319776672,0.0090715066142186274,0.0044468278680258599,-2.5
CLSVOF_LS_NATIVE,7,128,5000,1.9479603535224503,0.024851608881778831,0.22265625,0.33984375,56.768288932020702,0.81343318789137664,-2.4683268409870434,-2.4948416890835423,-2.5040407360108654,-0.026514848096498955,-0.035713895023822051,-2.5
CLSVOF_LS_NATIVE,7,128,5000,1.9479603535224503,0.024851608881778831,0.22265625,0.34765625,57.362492415714371,1.6526882222926214,-2.4355107036021253,-2.4795914769821845,-2.487105434143086,-0.044080773380059224,-0.051594730540960754,-2.5
CLSVOF_LS_NATIVE,7,128,5000,1.9479603535224503,0.024851608881778831,0.23046875,-0.33984375,304.14358665193771,1.3682103715988667,-2.4111416383052591,-2.4889784879272363,-2.4783532639780423,-0.077836849621977233,-0.067211625672783271,-2.5
CLSVOF_LS_NATIVE,7,128,5000,1.9479603535224503,0.024851608881778831,0.23046875,-0.33203125,304.76519723657674,0.54356142393639995,-2.4657410791237244,-2.5032449624059208,-2.4979183831107639,-0.037503883282196337,-0.032177303987039441,-2.5
CLSVOF_LS_NATIVE,7,128,5000,1.9479603535224503,0.024851608881778831,0.23046875,-0.32421875,305.40686573726958,0.27475503945233731,-2.5155714376446099,-2.5067273016553733,-2.5046221800462076,0.0088441359892366123,0.010949257598402262,-2.5
CLSVOF_LS_NATIVE,7,128,5000,1.9479603535224503,0.024851608881778831,0.23046875,-0.31640625,306.06940989958093,1.0866035814607313,-2.5747024237585934,-2.5359799359698312,-2.5154227472672708,0.038722487788762194,0.059279676491322597,-2.5
CLSVOF_LS_NATIVE,7,128,5000,1.9479603535224503,0.024851608881778831,0.23046875,-0.30859375,306.75367918553144,1.8913823754397965,-2.6209895541239256,-2.5673283174131987,-2.5238265449462669,0.053661236710726978,0.097163009177658743,-2.5
CLSVOF_LS_NATIVE,7,128,5000,1.9479603535224503,0.024851608881778831,0.23046875,0.30859375,53.246320814468582,1.8913823075616298,-2.620989547081396,-2.5062533936646827,-2.5238265393223545,0.11473615341671328,0.09716300775904152,-2.5
CLSVOF_LS_NATIVE,7,128,5000,1.9479603535224503,0.024851608881778831,0.23046875,0.31640625,53.930590100419053,1.086603513388775,-2.5747024184042764,-2.5043242724727697,-2.5154227404165854,0.070378145931506708,0.05927967798769096,-2.5
CLSVOF_LS_NATIVE,7,128,5000,1.9479603535224503,0.024851608881778831,0.23046875,0.32421875,54.593134262730395,0.27475497123927217,-2.5155714266125324,-2.4990973427878798,-2.5046221659935215,0.016474083824652652,0.010949260619010914,-2.5
CLSVOF_LS_NATIVE,7,128,5000,1.9479603535224503,0.024851608881778831,0.23046875,0.33203125,55.234802763423268,0.5435614922358849,-2.4657410747339106,-2.492233741949669,-2.4979183727672236,-0.026492667215758381,-0.03217729803331304,-2.5
CLSVOF_LS_NATIVE,7,128,5000,1.9479603535224503,0.024851608881778831,0.23046875,0.33984375,55.856413348062304,1.3682104401225377,-2.411141605675406,-2.4736879949549335,-2.478353248386318,-0.062546389279527492,-0.067211642710911956,-2.5
CLSVOF_LS_NATIVE,7,128,5000,1.9479603535224503,0.024851608881778831,0.23828125,-0.33984375,305.03619581009275,1.9358738865737912,-2.4037468102115693,-2.4786986106492837,-2.4690785208953674,-0.074951800437714322,-0.065331710683798061,-2.5
CLSVOF_LS_NATIVE,7,128,5000,1.9479603535224503,0.024851608881778831,0.23828125,-0.33203125,305.66500153686172,1.1201147418800541,-2.4638966262447908,-2.5128313884241749,-2.5031512013818795,-0.048934762179384084,-0.039254575137088743,-2.5
CLSVOF_LS_NATIVE,7,128,5000,1.9479603535224503,0.024851608881778831,0.23828125,-0.32421875,306.31364541876331,0.31110241326069432,-2.4738557602787079,-2.5257258262005555,-2.5155759339238943,-0.051870065921847619,-0.041720173645186431,-2.5
CLSVOF_LS_NATIVE,7,128,5000,1.9479603535224503,0.024851608881778831,0.23828125,-0.31640625,306.98290692634464,0.49126903687819329,-2.5238270849234339,-2.516283283648471,-2.5108035683061187,0.0075438012749629024,0.013023516617315156,-2.5
CLSVOF_LS_NATIVE,7,128,5000,1.9479603535224503,0.024851608881778831,0.23828125,-0.30859375,307.6735933398304,1.2865295704465727,-2.5696464228009335,-2.5408423148432062,-2.5120759238764299,0.028804107957727254,0.05757049892450361,-2.5
CLSVOF_LS_NATIVE,7,128,5000,1.9479603535224503,0.024851608881778831,0.23828125,0.30859375,52.326406660169596,1.2865295028743982,-2.5696464126161045,-2.506190649494525,-2.5120759158312245,0.063455763121579523,0.057570496784880021,-2.5
CLSVOF_LS_NATIVE,7,128,5000,1.9479603535224503,0.024851608881778831,0.23828125,0.31640625,53.017093073655381,0.49126896906124301,-2.5238270719165725,-2.5040636777184235,-2.5108035610394772,0.019763394198148987,0.013023510877095301,-2.5
CLSVOF_LS_NATIVE,7,128,5000,1.9479603535224503,0.024851608881778831,0.23828125,0.32421875,53.686354581236706,0.31110248124487505,-2.4738557492583109,-2.5065747592221808,-2.5155759247886138,-0.032719009963869894,-0.041720175530302939,-2.5
CLSVOF_LS_NATIVE,7,128,5000,1.9479603535224503,0.024851608881778831,0.23828125,0.33203125,54.334998463138298,1.1201148100383589,-2.463896614248315,-2.5012966809489554,-2.5031511907630746,-0.037400066700640444,-0.039254576514759609,-2.5
CLSVOF_LS_NATIVE,7,128,5000,1.9479603535224503,0.024851608881778831,0.23828125,0.33984375,54.963804189907236,1.9358739549292434,-2.4037467978338274,-2.4624605431018565,-2.4690785060847462,-0.058713745268029083,-0.06533170825091883,-2.5
CLSVOF_LS_NATIVE,7,128,5000,1.9479603535224503,0.024851608881778831,0.24609375,-0.33203125,306.5449723228225,1.7093556017442204,-2.4446659230588463,-2.5008524625385022,-2.490581713847277,-0.056186539479655906,-0.045915790788430666,-2.5
CLSVOF_LS_NATIVE,7,128,5000,1.9479603535224503,0.024851608881778831,0.24609375,-0.32421875,307.19981211581825,0.90940046045300738,-2.4872904726124747,-2.5153927845186237,-2.508682459722825,-0.02810231190614898,-0.021391987110350286,-2.5
CLSVOF_LS_NATIVE,7,128,5000,1.9479603535224503,0.024851608881778831,0.24609375,-0.31640625,307.87498365109815,0.11656538748837579,-2.4905439030479273,-2.5056727324348689,-2.4969934135271612,-0.0151288293869416,-0.006449510479233922,-2.5
CLSVOF_LS_NATIVE,7,128,5000,1.9479603535224503,0.024851608881778831,0.24609375,-0.30859375,308.57125225117011,0.66907105140969503,-2.5246527582262606,-2.5088008445705134,-2.5029282246117353,0.015851913655747119,0.02172453361452531,-2.5
CLSVOF_LS_NATIVE,7,128,5000,1.9479603535224503,0.024851608881778831,0.24609375,-0.30078125,309.2894068625003,1.4469841897895506,-2.5690372964427164,-2.5465285913396905,-2.5072589569427275,0.022508705103025939,0.061778339499988899,-2.5
CLSVOF_LS_NATIVE,7,128,5000,1.9479603535224503,0.024851608881778831,0.24609375,0.30078125,50.7105931374997,1.4469841228603038,-2.569037275792081,-2.5003955867141237,-2.5072589432468071,0.068641689077957313,0.061778332545273873,-2.5
CLSVOF_LS_NATIVE,7,128,5000,1.9479603535224503,0.024851608881778831,0.24609375,0.30859375,51.428747748829913,0.66907098419847399,-2.5246527497480362,-2.4969082606148616,-2.5029282145973188,0.027744489133174621,0.021724535150717372,-2.5
CLSVOF_LS_NATIVE,7,128,5000,1.9479603535224503,0.024851608881778831,0.24609375,0.31640625,52.125016348901852,0.11656545498752006,-2.490543885583631,-2.4922013001160317,-2.496993406103722,-0.0016574145324006473,-0.0064495205200909567,-2.5
CLSVOF_LS_NATIVE,7,128,5000,1.9479603535224503,0.024851608881778831,0.24609375,0.32421875,52.800187884181753,0.90940052813897199,-2.487290463953129,-2.5041726558981443,-2.5086824518328683,-0.016882191945015279,-0.021391987879739283,-2.5
CLSVOF_LS_NATIVE,7,128,5000,1.9479603535224503,0.024851608881778831,0.24609375,0.33203125,53.455027677177512,1.7093556696545777,-2.4446659114071667,-2.4867182525066136,-2.4905817063132911,-0.042052341099446888,-0.045915794906124408,-2.5
CLSVOF_LS_NATIVE,7,128,5000,1.9479603535224503,0.024851608881778831,0.25390625,-0.32421875,308.06565109873037,1.5202061992005742,-2.4063450635604036,-2.4858220796699313,-2.4767137530490588,-0.079477016109527732,-0.070368689488655267,-2.5
CLSVOF_LS_NATIVE,7,128,5000,1.9479603535224503,0.024851608881778831,0.25390625,-0.31640625,308.74596725608347,0.736562319224077,-2.446900038093569,-2.5012149425527435,-2.4972255397782188,-0.054314904459174418,-0.050325501684649776,-2.5
CLSVOF_LS_NATIVE,7,128,5000,1.9479603535224503,0.024851608881778831,0.25390625,-0.30859375,309.44702896696316,0.039606981459810918,-2.506973868401714,-2.4987629440685168,-2.4886656310995399,0.0082109243331971449,0.018308237302174124,-2.5
CLSVOF_LS_NATIVE,7,128,5000,1.9479603535224503,0.024851608881778831,0.25390625,-0.30078125,310.16958004170999,0.80781267215459474,-2.5344932035594989,-2.5096892376323838,-2.5107792748943929,0.02480396592711509,0.023713928665106021,-2.5
CLSVOF_LS_NATIVE,7,128,5000,1.9479603535224503,0.024851608881778831,0.25390625,-0.29296875,310.91438322002506,1.5677425553238826,-2.5820885356147745,-2.5536671459319118,-2.5100035552913584,0.028421389682862674,0.072084980323416037,-2.5
CLSVOF_LS_NATIVE,7,128,5000,1.9479603535224503,0.024851608881778831,0.25390625,0.29296875,49.085616779974927,1.5677424893300689,-2.5820885133226477,-2.4987841123016494,-2.5100035401019989,0.083304401020998231,0.072084973220648774,-2.5
CLSVOF_LS_NATIVE,7,128,5000,1.9479603535224503,0.024851608881778831,0.25390625,0.30078125,49.830419958289987,0.80781260570300295,-2.5344931774838608,-2.5060725323283881,-2.5107792530214237,0.028420645155472712,0.023713924462437141,-2.5
CLSVOF_LS_NATIVE,7,128,5000,1.9479603535224503,0.024851608881778831,0.25390625,0.30859375,50.552971033036854,0.039606914677681695,-2.5069738506740542,-2.4838148759837049,-2.4886656237111833,0.023158974690349332,0.018308226962870933,-2.5
CLSVOF_LS_NATIVE,7,128,5000,1.9479603535224503,0.024851608881778831,0.25390625,0.31640625,51.254032743916518,0.73656238629484561,-2.446900033270567,-2.4920937593962322,-2.4972255324338386,-0.04519372612566519,-0.050325499163271559,-2.5
CLSVOF_LS_NATIVE,7,128,5000,1.9479603535224503,0.024851608881778831,0.25390625,0.32421875,51.934348901269608,1.5202062665197771,-2.4063450650164029,-2.4720372431968154,-2.4767137472671616,-0.065692178180412508,-0.070368682250758763,-2.5
CLSVOF_LS_NATIVE,7,128,5000,1.9479603535224503,0.024851608881778831,0.26171875,-0.31640625,309.59620863975022,1.3681750557681174,-2.4332708902711175,-2.4910244757267472,-2.483031581683985,-0.057753585455629697,-0.04976069141286743,-2.5
CLSVOF_LS_NATIVE,7,128,5000,1.9479603535224503,0.024851608881778831,0.26171875,-0.30859375,310.30131948270048,0.60153886169961968,-2.4618932339205299,-2.5040155442525021,-2.5011198826604777,-0.042122310331972113,-0.039226648739947745,-2.5
CLSVOF_LS_NATIVE,7,128,5000,1.9479603535224503,0.024851608881778831,0.26171875,-0.30078125,311.02750405924928,0.15704135410012363,-2.5110352135878422,-2.5023672514897006,-2.497739113461825,0.0086679620981415795,0.01329610012601723,-2.5
CLSVOF_LS_NATIVE,7,128,5000,1.9479603535224503,0.024851608881778831,0.26171875,-0.29296875,311.77547739348006,0.9072087607764493,-2.5500979603557901,-2.5219239387908621,-2.5199288904783548,0.028174021564927987,0.030169069877435284,-2.5
CLSVOF_LS_NATIVE,7,128,5000,1.9479603535224503,0.024851608881778831,0.26171875,-0.28515625,312.54596832547287,1.6484796424245429,-2.5974647993677089,-2.5619565463236231,-2.5150760789945168,0.03550825304408578,0.082388720373192115,-2.5
CLSVOF_LS_NATIVE,7,128,5000,1.9479603535224503,0.024851608881778831,0.26171875,0.28515625,47.45403167452713,1.6484795776842878,-2.5974647796232406,-2.5003448818391085,-2.5150760658938007,0.097119897784132103,0.0823887137294399,-2.5
CLSVOF_LS_NATIVE,7,128,5000,1.9479603535224503,0.024851608881778831,0.26171875,0.29296875,48.224522606519955,0.907208695442137,-2.5500979439689782,-2.5169389281342158,-2.5199288780391287,0.033159015834762329,0.03016906592984947,-2.5
CLSVOF_LS_NATIVE,7,128,5000,1.9479603535224503,0.024851608881778831,0.26171875,0.30078125,48.972495940750704,0.15704128827377753,-2.5110351992316899,-2.4962920731737199,-2.4977390981007872,0.014743126057970013,0.013296101130902738,-2.5
CLSVOF_LS_NATIVE,7,128,5000,1.9479603535224503,0.024851608881778831,0.26171875,0.30859375,49.698680517299493,0.60153892797846709,-2.4618932182751365,-2.49829224929133,-2.5011198664605483,-0.036399031016193462,-0.039226648185411772,-2.5
CLSVOF_LS_NATIVE,7,128,5000,1.9479603535224503,0.024851608881778831,0.26171875,0.31640625,50.403791360249762,1.3681751224840646,-2.4332708647000558,-2.4793313162870954,-2.4830315635734714,-0.04606045158703953,-0.04976069887341561,-2.5
CLSVOF_LS_NATIVE,7,128,5000,1.9479603535224503,0.024851608881778831,0.26953125,-0.30859375,311.13453883014819,1.2537454830756998,-2.4575629336459008,-2.5038105390163201,-2.4964608302688447,-0.046247605370419276,-0.038897896622943851,-2.5
CLSVOF_LS_NATIVE,7,128,5000,1.9479603535224503,0.024851608881778831,0.26953125,-0.30078125,311.86364163166735,0.50490258858592918,-2.4604613795268522,-2.5072317222938798,-2.5033325288512014,-0.046770342767027628,-0.042871149324349211,-2.5
CLSVOF_LS_NATIVE,7,128,5000,1.9479603535224503,0.024851608881778831,0.26953125,-0.29296875,312.61405596961112,0.23548511492127078,-2.5137006993864817,-2.5016031105361725,-2.5002722239047337,0.012097588850309204,0.01342847548174797,-2.5
CLSVOF_LS_NATIVE,7,128,5000,1.9479603535224503,0.024851608881778831,0.26953125,-0.28515625,313.38646106711877,0.96692896902312764,-2.551095955878635,-2.5202824482295534,-2.5141097591106809,0.03081350764908164,0.036986196767954116,-2.5
CLSVOF_LS_NATIVE,7,128,5000,1.9479603535224503,0.024851608881778831,0.26953125,-0.27734375,314.18154453831136,1.6888887020169923,-2.5997929854378072,-2.5640664040809589,-2.5151961623776398,0.035726581356848364,0.08459682306016747,-2.5
CLSVOF_LS_NATIVE,7,128,5000,1.9479603535224503,0.024851608881778831,0.26953125,0.27734375,45.818455461688664,1.688888638800752,-2.5997929655655607,-2.4973732568893565,-2.5151961488337253,0.1024197086762042,0.084596816731835389,-2.5
CLSVOF_LS_NATIVE,7,128,5000,1.9479603535224503,0.024851608881778831,0.26953125,0.28515625,46.613538932881227,0.96692890505585616,-2.5510959372834541,-2.5088592025118706,-2.5141097545538269,0.042236734771583517,0.036986182729627171,-2.5
CLSVOF_LS_NATIVE,7,128,5000,1.9479603535224503,0.024851608881778831,0.26953125,0.29296875,47.385944030388863,0.23548505031285316,-2.5137006839852076,-2.4986279969898777,-2.5002722072058572,0.015072686995329931,0.01342847677935044,-2.5
CLSVOF_LS_NATIVE,7,128,5000,1.9479603535224503,0.024851608881778831,0.26953125,0.30078125,48.136358368332637,0.50490265377922416,-2.4604613646841083,-2.498300794279686,-2.5033325152376875,-0.037839429595577734,-0.042871150553579263,-2.5
CLSVOF_LS_NATIVE,7,128,5000,1.9479603535224503,0.024851608881778831,0.26953125,0.30859375,48.865461169851798,1.2537455488432832,-2.4575629105040471,-2.4927530966036788,-2.496460812203563,-0.035190186099631759,-0.038897901699515902,-2.5
CLSVOF_LS_NATIVE,7,128,5000,1.9479603535224503,0.024851608881778831,0.27734375,-0.30859375,311.94711748520751,1.9168717050392241,-2.4151665134827351,-2.483534034885567,-2.4765368584290228,-0.068367521402831866,-0.06137034494628768,-2.5
CLSVOF_LS_NATIVE,7,128,5000,1.9479603535224503,0.024851608881778831,0.27734375,-0.30078125,312.67846941016722,1.177361852396547,-2.463055378361811,-2.50514008797931,-2.4977117737137196,-0.042084709617498994,-0.034656395351908564,-2.5
CLSVOF_LS_NATIVE,7,128,5000,1.9479603535224503,0.024851608881778831,0.27734375,-0.29296875,313.43064519525097,0.4468390882205428,-2.4610980689802728,-2.5062791254465031,-2.5017208933037671,-0.045181056466230274,-0.040622824323494289,-2.5
CLSVOF_LS_NATIVE,7,128,5000,1.9479603535224503,0.024851608881778831,0.27734375,-0.28515625,314.20427644726067,0.27475405808882919,-2.515198860048756,-2.5047909978903089,-2.5021163833989868,0.010407862158447134,0.013082476649769248,-2.5
CLSVOF_LS_NATIVE,7,128,5000,1.9479603535224503,0.024851608881778831,0.27734375,-0.27734375,314.99999999999994,0.98685216820257382,-2.5521822302714665,-2.5236637983430574,-2.5127490132467329,0.028518431928409083,0.039433217024733569,-2.5
CLSVOF_LS_NATIVE,7,128,5000,1.9479603535224503,0.024851608881778831,0.27734375,-0.26953125,315.81845546168859,1.6888886976075044,-2.5997929840616374,-2.5651707857819455,-2.5151961614279554,0.034622198279691929,0.084596822633681956,-2.5
CLSVOF_LS_NATIVE,7,128,5000,1.9479603535224503,0.024851608881778831,0.27734375,0.26953125,44.181544538311428,1.688888636193961,-2.5997929658895944,-2.4924410385623026,-2.5151961493356607,0.10735192732729182,0.084596816553933696,-2.5
CLSVOF_LS_NATIVE,7,128,5000,1.9479603535224503,0.024851608881778831,0.27734375,0.27734375,45.000000000000043,0.98685210588001449,-2.5521822127709002,-2.5057365950609438,-2.5127490045570799,0.046445617709956366,0.039433208213820237,-2.5
CLSVOF_LS_NATIVE,7,128,5000,1.9479603535224503,0.024851608881778831,0.27734375,0.28515625,45.795723552739325,0.27475399497269942,-2.5151988457742744,-2.4969216955209754,-2.5021163643647939,0.018277150253299013,0.01308248140948054,-2.5
CLSVOF_LS_NATIVE,7,128,5000,1.9479603535224503,0.024851608881778831,0.27734375,0.29296875,46.569354804749032,0.44683915206811281,-2.4610980520547323,-2.4970926711709387,-2.501720880482361,-0.035994619116206383,-0.040622828427628654,-2.5
CLSVOF_LS_NATIVE,7,128,5000,1.9479603535224503,0.024851608881778831,0.27734375,0.30078125,47.321530589832776,1.1773619169063667,-2.4630553640763289,-2.4937429201044883,-2.497711759183308,-0.030687556028159424,-0.034656395106979154,-2.5
CLSVOF_LS_NATIVE,7,128,5000,1.9479603535224503,0.024851608881778831,0.27734375,0.30859375,48.052882514792472,1.9168717701666933,-2.4151665004542835,-2.470382709980516,-2.476536843821231,-0.055216209526232518,-0.061370343366947466,-2.5
CLSVOF_LS_NATIVE,7,128,5000,1.9479603535224503,0.024851608881778831,0.28515625,-0.30078125,313.47247455778705,1.8603126944647148,-2.4155949532747485,-2.4811844643007381,-2.4729278722117098,-0.065589511025989644,-0.057332918936961352,-2.5
CLSVOF_LS_NATIVE,7,128,5000,1.9479603535224503,0.024851608881778831,0.28515625,-0.29296875,314.22577983507188,1.1391563710849606,-2.4616342481389641,-2.5045072770490924,-2.4970883173204133,-0.04287302891012823,-0.03545406918144911,-2.5
CLSVOF_LS_NATIVE,7,128,5000,1.9479603535224503,0.024851608881778831,0.28515625,-0.28515625,314.99999999999994,0.42747054909933607,-2.4616620549396311,-2.5053011990518277,-2.5007667537685108,-0.043639144112196604,-0.03910469882887968,-2.5
CLSVOF_LS_NATIVE,7,128,5000,1.9479603535224503,0.024851608881778831,0.28515625,-0.27734375,315.79572355273922,0.27475405380502033,-2.5151988589851646,-2.5054829012022806,-2.5021163821371273,0.0097159577828840327,0.013082476848037317,-2.5
CLSVOF_LS_NATIVE,7,128,5000,1.9479603535224503,0.024851608881778831,0.28515625,-0.26953125,316.61353893288111,0.96692896033720144,-2.5510959535927165,-2.5218297326400148,-2.5141097586508021,0.029266220952701705,0.036986194941914352,-2.5
CLSVOF_LS_NATIVE,7,128,5000,1.9479603535224503,0.024851608881778831,0.28515625,-0.26171875,317.45403167452702,1.6484796292224881,-2.5974647959257489,-2.5642557319193946,-2.5150760766549376,0.033209064006354261,0.082388719270811261,-2.5
CLSVOF_LS_NATIVE,7,128,5000,1.9479603535224503,0.024851608881778831,0.28515625,0.26171875,42.54596832547297,1.6484795698616617,-2.5974647808209452,-2.4907325383761125,-2.5150760675284376,0.1067322424448327,0.082388713292507632,-2.5
CLSVOF_LS_NATIVE,7,128,5000,1.9479603535224503,0.024851608881778831,0.28515625,0.26953125,43.386461067118866,0.9669288999167921,-2.5510959381094427,-2.5067427306604202,-2.5141097562941725,0.044353207449022491,0.036986181815270136,-2.5
CLSVOF_LS_NATIVE,7,128,5000,1.9479603535224503,0.024851608881778831,0.28515625,0.27734375,44.204276447260774,0.27475399244074356,-2.5151988462007466,-2.4965894389479826,-2.5021163646808668,0.018609407252764054,0.013082481519879785,-2.5
CLSVOF_LS_NATIVE,7,128,5000,1.9479603535224503,0.024851608881778831,0.28515625,0.28515625,45.000000000000043,0.42747061134211806,-2.4616620391167787,-2.4958535825704926,-2.5007667418030146,-0.034191543453713891,-0.039104702686235893,-2.5
CLSVOF_LS_NATIVE,7,128,5000,1.9479603535224503,0.024851608881778831,0.28515625,0.29296875,45.77422016492811,1.139156434125453,-2.461634232564454,-2.492431494919173,-2.4970883028724384,-0.030797262354719024,-0.03545407030798442,-2.5
CLSVOF_LS_NATIVE,7,128,5000,1.9479603535224503,0.024851608881778831,0.28515625,0.30078125,46.527525442212969,1.8603127582369641,-2.4155949390741305,-2.4671261889546381,-2.4729278586565151,-0.051531249880507612,-0.057332919582384623,-2.5
CLSVOF_LS_NATIVE,7,128,5000,1.9479603535224503,0.024851608881778831,0.29296875,-0.29296875,314.99999999999994,1.8414647790637997,-2.414847397969504,-2.4815192218124764,-2.4733048188922382,-0.066671823842972433,-0.058457420922734205,-2.5
CLSVOF_LS_NATIVE,7,128,5000,1.9479603535224503,0.024851608881778831,0.29296875,-0.28515625,315.77422016492801,1.139156375251863,-2.4616342473003519,-2.5044057071961325,-2.4970883165053319,-0.042771459895780684,-0.035454069204980065,-2.5
CLSVOF_LS_NATIVE,7,128,5000,1.9479603535224503,0.024851608881778831,0.29296875,-0.27734375,316.56935480474897,0.44683909666286259,-2.4610980668984026,-2.5065868420033883,-2.5017208918794815,-0.045488775104985724,-0.040622824981078942,-2.5
CLSVOF_LS_NATIVE,7,128,5000,1.9479603535224503,0.024851608881778831,0.29296875,-0.26953125,317.38594403038877,0.23548510209417592,-2.5137006963131237,-2.5030382694498612,-2.5002722209401784,0.010662426863262464,0.013428475372945226,-2.5
CLSVOF_LS_NATIVE,7,128,5000,1.9479603535224503,0.024851608881778831,0.29296875,-0.26171875,318.22452260651988,0.90720874345410163,-2.5500979570329787,-2.5227347849588884,-2.5199288874902321,0.027363172074090336,0.030169069542746563,-2.5
CLSVOF_LS_NATIVE,7,128,5000,1.9479603535224503,0.024851608881778831,0.29296875,-0.25390625,319.08561677997483,1.5677425333954267,-2.5820885273212291,-2.5576115821383074,-2.5100035498886437,0.02447694518292165,0.072084977432585351,-2.5
CLSVOF_LS_NATIVE,7,128,5000,1.9479603535224503,0.024851608881778831,0.29296875,0.25390625,40.914383220025165,1.5677424762807499,-2.5820885136586127,-2.4857633446998486,-2.5100035415584787,0.096325168958764085,0.072084972100133982,-2.5
CLSVOF_LS_NATIVE,7,128,5000,1.9479603535224503,0.024851608881778831,0.29296875,0.26171875,41.775477393480138,0.90720868515940423,-2.5500979458344881,-2.5151451148830892,-2.5199288800458062,0.034952830951398894,0.030169065788681948,-2.5
CLSVOF_LS_NATIVE,7,128,5000,1.9479603535224503,0.024851608881778831,0.29296875,0.26953125,42.614055969611236,0.23548504271491644,-2.5137006852589487,-2.4960935265525261,-2.5002722084224347,0.017607158706422599,0.013428476836514047,-2.5
CLSVOF_LS_NATIVE,7,128,5000,1.9479603535224503,0.024851608881778831,0.29296875,0.27734375,43.43064519525106,0.44683915706054717,-2.4610980528887816,-2.4961422579051886,-2.5017208816651526,-0.035044205016407037,-0.040622828776371023,-2.5
CLSVOF_LS_NATIVE,7,128,5000,1.9479603535224503,0.024851608881778831,0.29296875,0.28515625,44.225779835071982,1.1391564365870608,-2.4616342331367012,-2.4922866336505614,-2.4970883034249773,-0.030652400513860201,-0.035454070288276185,-2.5
CLSVOF_LS_NATIVE,7,128,5000,1.9479603535224503,0.024851608881778831,0.29296875,0.29296875,45.000000000000043,1.8414648412536387,-2.4148473868724527,-2.4674880667815433,-2.473304805974625,-0.052640679909090604,-0.058457419102172281,-2.5
CLSVOF_LS_NATIVE,7,128,5000,1.9479603535224503,0.024851608881778831,0.30078125,-0.28515625,316.52752544221289,1.8603127026828179,-2.4155949510971584,-2.4808719081459678,-2.4729278711274292,-0.065276957048809425,-0.057332920030270795,-2.5
CLSVOF_LS_NATIVE,7,128,5000,1.9479603535224503,0.024851608881778831,0.30078125,-0.27734375,317.32153058983266,1.1773618648756381,-2.4630553763191489,-2.5043426167430911,-2.4977117714400494,-0.041287240423942162,-0.034656395120900463,-2.5
CLSVOF_LS_NATIVE,7,128,5000,1.9479603535224503,0.024851608881778831,0.30078125,-0.26953125,318.13635836833254,0.50490260542432508,-2.4604613762667755,-2.5073894089923132,-2.5033325257036649,-0.046928032725537694,-0.042871149436889411,-2.5
CLSVOF_LS_NATIVE,7,128,5000,1.9479603535224503,0.024851608881778831,0.30078125,-0.26171875,318.9724959407506,0.15704133280123597,-2.5110352090279071,-2.5041560310983337,-2.4977391086343563,0.0068791779295733768,0.01329610039355078,-2.5
CLSVOF_LS_NATIVE,7,128,5000,1.9479603535224503,0.024851608881778831,0.30078125,-0.25390625,319.83041995828989,0.8078126462780193,-2.5344931929426089,-2.51064359837551,-2.5107792661531181,0.023849594567098897,0.023713926789490802,-2.5
CLSVOF_LS_NATIVE,7,128,5000,1.9479603535224503,0.024851608881778831,0.30078125,-0.24609375,320.71059313749959,1.4469841592853701,-2.5690372880985692,-2.5518023069274518,-2.5072589515405657,0.017234981171117436,0.061778336558003577,-2.5
CLSVOF_LS_NATIVE,7,128,5000,1.9479603535224503,0.024851608881778831,0.30078125,0.24609375,39.2894068625004,1.4469841045937786,-2.569037276148384,-2.4856385223397508,-2.5072589451837985,0.083398753808633153,0.061778330964585404,-2.5
CLSVOF_LS_NATIVE,7,128,5000,1.9479603535224503,0.024851608881778831,0.30078125,0.25390625,40.169580041710098,0.80781259026557095,-2.5344931768036587,-2.5055590776440457,-2.5107792528798099,0.02893409915961298,0.023713923923848856,-2.5
CLSVOF_LS_NATIVE,7,128,5000,1.9479603535224503,0.024851608881778831,0.30078125,0.26171875,41.027504059249381,0.15704127560480916,-2.511035200874852,-2.4931779310932876,-2.4977390997644355,0.017857269781564433,0.013296101110416458,-2.5
CLSVOF_LS_NATIVE,7,128,5000,1.9479603535224503,0.024851608881778831,0.30078125,0.26953125,41.863641631667463,0.50490266376868431,-2.4604613663438624,-2.4977368263908044,-2.5033325171209833,-0.037275460046942044,-0.042871150777120892,-2.5
CLSVOF_LS_NATIVE,7,128,5000,1.9479603535224503,0.024851608881778831,0.30078125,0.27734375,42.678469410167324,1.17736192429388,-2.4630553657538314,-2.492420538172607,-2.4977117607326038,-0.029365172418775565,-0.034656394978772376,-2.5
CLSVOF_LS_NATIVE,7,128,5000,1.9479603535224503,0.024851608881778831,0.30078125,0.28515625,43.472474557787116,1.8603127630953151,-2.4155949393767742,-2.4663764427609403,-2.4729278599425228,-0.050781503384166093,-0.05733292056574868,-2.5
CLSVOF_LS_NATIVE,7,128,5000,1.9479603535224503,0.024851608881778831,0.30859375,-0.27734375,318.05288251479237,1.9168717214411755,-2.4151665110960669,-2.4824059079292695,-2.476536855150802,-0.067239396833202569,-0.061370344054735071,-2.5
CLSVOF_LS_NATIVE,7,128,5000,1.9479603535224503,0.024851608881778831,0.30859375,-0.26953125,318.8654611698517,1.2537455038202456,-2.4575629258801994,-2.5023843698437402,-2.4964608245938944,-0.044821443963540819,-0.038897898713694978,-2.5
CLSVOF_LS_NATIVE,7,128,5000,1.9479603535224503,0.024851608881778831,0.30859375,-0.26171875,319.69868051729941,0.60153888684376955,-2.4618932290799673,-2.5035060679205268,-2.5011198770114684,-0.041612838840559441,-0.039226647931501102,-2.5
CLSVOF_LS_NATIVE,7,128,5000,1.9479603535224503,0.024851608881778831,0.30859375,-0.25390625,320.55297103303678,0.039606951801028724,-2.5069738615801218,-2.499772007353533,-2.4886656289948057,0.0072018542265888108,0.018308232585316109,-2.5
CLSVOF_LS_NATIVE,7,128,5000,1.9479603535224503,0.024851608881778831,0.30859375,-0.24609375,321.42874774882984,0.66907101715868522,-2.5246527546281432,-2.508391417560575,-2.5029282204192707,0.01626133706756816,0.021724534208872548,-2.5
CLSVOF_LS_NATIVE,7,128,5000,1.9479603535224503,0.024851608881778831,0.30859375,-0.23828125,322.32640666016948,1.2865295315318941,-2.5696464176656248,-2.5518538598297731,-2.5120759198414762,0.017792557835851763,0.057570497824148692,-2.5
CLSVOF_LS_NATIVE,7,128,5000,1.9479603535224503,0.024851608881778831,0.30859375,-0.23046875,323.2463208144685,1.8913823317705816,-2.6209895511523196,-2.5779487795556473,-2.5238265417535599,0.0430407715966723,0.097163009398759659,-2.5
CLSVOF_LS_NATIVE,7,128,5000,1.9479603535224503,0.024851608881778831,0.30859375,0.23046875,36.753679185531503,1.8913822811147012,-2.6209895507526277,-2.4997120467056293,-2.5238265427951223,0.12127750404699844,0.097163007957505432,-2.5
CLSVOF_LS_NATIVE,7,128,5000,1.9479603535224503,0.024851608881778831,0.30859375,0.23828125,37.673593339830489,1.286529479406451,-2.5696464146564977,-2.4942963199342225,-2.5120759185535086,0.075350094722275163,0.057570496102989033,-2.5
CLSVOF_LS_NATIVE,7,128,5000,1.9479603535224503,0.024851608881778831,0.30859375,0.24609375,38.571252251170186,0.66907096363227403,-2.5246527533403191,-2.4956098656032166,-2.5029282173475718,0.029042887737102507,0.021724535992747374,-2.5
CLSVOF_LS_NATIVE,7,128,5000,1.9479603535224503,0.024851608881778831,0.30859375,0.25390625,39.447028966963238,0.039606896936649316,-2.5069738516317708,-2.4832163151260862,-2.4886656276096648,0.023757536505684573,0.018308224022105968,-2.5
CLSVOF_LS_NATIVE,7,128,5000,1.9479603535224503,0.024851608881778831,0.30859375,0.26171875,40.301319482700606,0.60153894296735666,-2.4618932205196118,-2.4977802579979205,-2.5011198679875184,-0.035887037478308681,-0.039226647467906606,-2.5
CLSVOF_LS_NATIVE,7,128,5000,1.9479603535224503,0.024851608881778831,0.30859375,0.26953125,41.134538830148294,1.2537455611718145,-2.457562910597805,-2.4899501035999134,-2.4964608132124604,-0.032387193002108461,-0.038897902614655422,-2.5
CLSVOF_LS_NATIVE,7,128,5000,1.9479603535224503,0.024851608881778831,0.30859375,0.27734375,41.94711748520762,1.9168717798913084,-2.415166502720381,-2.4693565473828114,-2.4765368455207963,-0.054190044662430381,-0.061370342800415312,-2.5
CLSVOF_LS_NATIVE,7,128,5000,1.9479603535224503,0.024851608881778831,0.31640625,-0.26171875,320.40379136024967,1.3681750846557756,-2.433270879345435,-2.488356783042633,-2.4830315748514651,-0.055085903697198013,-0.049760695506030128,-2.5
CLSVOF_LS_NATIVE,7,128,5000,1.9479603535224503,0.024851608881778831,0.31640625,-0.25390625,321.25403274391641,0.73656235253647273,-2.4469000385988999,-2.5007833139561044,-2.4972255371564369,-0.053883275357204496,-0.050325498557536985,-2.5
CLSVOF_LS_NATIVE,7,128,5000,1.9479603535224503,0.024851608881778831,0.31640625,-0.24609375,322.12501634890174,0.116565425386382,-2.4905438918346356,-2.5053116012976528,-2.4969934096030579,-0.014767709463017198,-0.006449517768422286,-2.5
CLSVOF_LS_NATIVE,7,128,5000,1.9479603535224503,0.024851608881778831,0.31640625,-0.23828125,323.0170930736553,0.49126899436892257,-2.5238270770805573,-2.5157180828382657,-2.5108035641724498,0.0081089942422916117,0.013023512908107548,-2.5
CLSVOF_LS_NATIVE,7,128,5000,1.9479603535224503,0.024851608881778831,0.31640625,-0.23046875,323.93059010041895,1.0866035342662934,-2.5747024218747168,-2.555805704437633,-2.5154227422046871,0.018896717437083765,0.059279679670029672,-2.5
CLSVOF_LS_NATIVE,7,128,5000,1.9479603535224503,0.024851608881778831,0.31640625,-0.22265625,324.86580694308435,1.6686736662131907,-2.5934995265624523,-2.5658251867442101,-2.5125910124851809,0.027674339818242188,0.080908514077271398,-2.5
CLSVOF_LS_NATIVE,7,128,5000,1.9479603535224503,0.024851608881778831,0.31640625,0.22265625,35.13419305691567,1.6686736181477713,-2.5934995207505103,-2.4797325973235962,-2.5125910119867658,0.11376692342691408,0.080908508763744447,-2.5
CLSVOF_LS_NATIVE,7,128,5000,1.9479603535224503,0.024851608881778831,0.31640625,0.23046875,36.069409899581039,1.086603484718039,-2.5747024228325621,-2.4985549215830938,-2.5154227426357001,0.076147501249468341,0.059279680196862028,-2.5
CLSVOF_LS_NATIVE,7,128,5000,1.9479603535224503,0.024851608881778831,0.31640625,0.23828125,36.982906926344711,0.49126894335202542,-2.5238270726972094,-2.502170602833262,-2.5108035639404851,0.021656469863947425,0.013023508756724311,-2.5
CLSVOF_LS_NATIVE,7,128,5000,1.9479603535224503,0.024851608881778831,0.31640625,0.24609375,37.874983651098241,0.11656547780767956,-2.4905438847567933,-2.4919438544515478,-2.4969934091767856,-0.0013999696947544216,-0.0064495244199922475,-2.5
CLSVOF_LS_NATIVE,7,128,5000,1.9479603535224503,0.024851608881778831,0.31640625,0.25390625,38.745967256083567,0.73656240627787783,-2.4469000386333635,-2.4919100827869736,-2.4972255360962552,-0.045010044153610096,-0.050325497462891722,-2.5
CLSVOF_LS_NATIVE,7,128,5000,1.9479603535224503,0.024851608881778831,0.31640625,0.26171875,39.59620863975033,1.3681751397529973,-2.4332708626076789,-2.4745281670639891,-2.4830315644258247,-0.041257304456310262,-0.049760701818145847,-2.5
CLSVOF_LS_NATIVE,7,128,5000,1.9479603535224503,0.024851608881778831,0.32421875,-0.25390625,321.93434890126952,1.5202062360533357,-2.406345063322652,-2.4815770620705515,-2.4767137506120207,-0.075231998747899542,-0.070368687289368737,-2.5
CLSVOF_LS_NATIVE,7,128,5000,1.9479603535224503,0.024851608881778831,0.32421875,-0.24609375,322.80018788418164,0.9094005018244421,-2.4872904675452183,-2.513737766255856,-2.5086824550507636,-0.026447298710637668,-0.021391987505545274,-2.5
CLSVOF_LS_NATIVE,7,128,5000,1.9479603535224503,0.024851608881778831,0.32421875,-0.23828125,323.68635458123663,0.31110245920705754,-2.4738557531632948,-2.5260932084222931,-2.515575927858726,-0.052237455258998367,-0.041720174695431211,-2.5
CLSVOF_LS_NATIVE,7,128,5000,1.9479603535224503,0.024851608881778831,0.32421875,-0.23046875,324.5931342627303,0.27475498887356303,-2.5155714288355004,-2.5087639321441704,-2.5046221683086789,0.0068074966913300727,0.010949260526821547,-2.5
CLSVOF_LS_NATIVE,7,128,5000,1.9479603535224503,0.024851608881778831,0.32421875,-0.22265625,325.52078431387434,0.84752967554403014,-2.5349155722511174,-2.5127976037862791,-2.5124482892292441,0.022117968464838267,0.022467283021873286,-2.5
CLSVOF_LS_NATIVE,7,128,5000,1.9479603535224503,0.024851608881778831,0.32421875,-0.21484375,326.46953033286684,1.4067543395522317,-2.5540741531576878,-2.5509433748456551,-2.5040131771186069,0.0031307783120326782,0.050060976039080884,-2.5
CLSVOF_LS_NATIVE,7,128,5000,1.9479603535224503,0.024851608881778831,0.32421875,-0.20703125,327.43956201884652,1.9521049560049368,-2.6085869478865398,-2.5749580886157819,-2.5162453792148449,0.033628859270757872,0.092341568671694851,-2.5
CLSVOF_LS_NATIVE,7,128,5000,1.9479603535224503,0.024851608881778831,0.32421875,0.20703125,32.560437981153484,1.9521049121840186,-2.6085869519549338,-2.5003781940324821,-2.516245381229099,0.10820875792245177,0.092341570725834821,-2.5
CLSVOF_LS_NATIVE,7,128,5000,1.9479603535224503,0.024851608881778831,0.32421875,0.21484375,33.530469667133133,1.4067542941178852,-2.5540741495199391,-2.4799677131752835,-2.5040131773051675,0.074106436344655524,0.050060972214771571,-2.5
CLSVOF_LS_NATIVE,7,128,5000,1.9479603535224503,0.024851608881778831,0.32421875,0.22265625,34.479215686125677,0.84752962856890279,-2.5349155674007933,-2.5056616789815687,-2.5124482849103824,0.029253888419224605,0.022467282490410856,-2.5
CLSVOF_LS_NATIVE,7,128,5000,1.9479603535224503,0.024851608881778831,0.32421875,0.23046875,35.406865737269698,0.27475494041807008,-2.5155714266629507,-2.4943198344314137,-2.5046221640935453,0.021251592231537053,0.010949262569405427,-2.5
CLSVOF_LS_NATIVE,7,128,5000,1.9479603535224503,0.024851608881778831,0.32421875,0.23828125,36.313645418763379,0.31110250911652054,-2.4738557502677878,-2.5055142572803768,-2.5155759266007003,-0.031658507012588988,-0.041720176332912473,-2.5
CLSVOF_LS_NATIVE,7,128,5000,1.9479603535224503,0.024851608881778831,0.32421875,0.24609375,37.199812115818339,0.90940055312645018,-2.4872904666910673,-2.4982087984887986,-2.5086824545465367,-0.010918331797731273,-0.021391987855469363,-2.5
CLSVOF_LS_NATIVE,7,128,5000,1.9479603535224503,0.024851608881778831,0.32421875,0.25390625,38.065651098730477,1.5202062886933059,-2.4063450696143689,-2.4665094994241148,-2.476713751086062,-0.060164429809745901,-0.070368681471693062,-2.5
CLSVOF_LS_NATIVE,7,128,5000,1.9479603535224503,0.024851608881778831,0.33203125,-0.24609375,323.45502767717744,1.7093556465005104,-2.4446659180802448,-2.4953695137539196,-2.4905817089423765,-0.050703595673674773,-0.045915790862131711,-2.5
CLSVOF_LS_NATIVE,7,128,5000,1.9479603535224503,0.024851608881778831,0.33203125,-0.23828125,324.33499846313822,1.1201147911664526,-2.4638966152647863,-2.5122586053564513,-2.5031511938524624,-0.048361990091664975,-0.039254578587676114,-2.5
CLSVOF_LS_NATIVE,7,128,5000,1.9479603535224503,0.024851608881778831,0.33203125,-0.23046875,325.2348027634232,0.54356147774384167,-2.4657410748588977,-2.5077087714509232,-2.4979183737076922,-0.041967696592025483,-0.0321772988487945,-2.5
CLSVOF_LS_NATIVE,7,128,5000,1.9479603535224503,0.024851608881778831,0.33203125,-0.22265625,326.15465973892827,0.020060914484181003,-2.4944830574026864,-2.5050394660308122,-2.4900362307416817,-0.010556408628125791,0.0044468266610047102,-2.5
CLSVOF_LS_NATIVE,7,128,5000,1.9479603535224503,0.024851608881778831,0.33203125,-0.21484375,327.09475707701205,0.57022627801936621,-2.5285797095229157,-2.5141471734095493,-2.5050479238000896,0.014432536113366368,0.023531785722826104,-2.5
CLSVOF_LS_NATIVE,7,128,5000,1.9479603535224503,0.024851608881778831,0.33203125,-0.20703125,328.05524722379658,1.1065110588790581,-2.5723517579761923,-2.5516951079136545,-2.5105977899292311,0.020656650062537807,0.061753968046961205,-2.5
CLSVOF_LS_NATIVE,7,128,5000,1.9479603535224503,0.024851608881778831,0.33203125,-0.19921875,329.03624346792645,1.6282899740051653,-2.5829259324688412,-2.5718300308096773,-2.5147301105887703,0.011095901659163854,0.068195821880070895,-2.5
CLSVOF_LS_NATIVE,7,128,5000,1.9479603535224503,0.024851608881778831,0.33203125,0.19921875,30.963756532073553,1.6282899328165028,-2.5829259362335004,-2.4820634021892998,-2.5147301150333141,0.10086253404420065,0.068195821200186302,-2.5
CLSVOF_LS_NATIVE,7,128,5000,1.9479603535224503,0.024851608881778831,0.33203125,0.20703125,31.944752776203433,1.1065110160769234,-2.5723517571850243,-2.4923491831458593,-2.5105977928313972,0.080002574039164998,0.061753964353627122,-2.5
CLSVOF_LS_NATIVE,7,128,5000,1.9479603535224503,0.024851608881778831,0.33203125,0.21484375,32.905242922987938,0.57022623366045577,-2.5285797109174166,-2.4871280396620081,-2.5050479259539102,0.041451671255408495,0.023531784963506386,-2.5
CLSVOF_LS_NATIVE,7,128,5000,1.9479603535224503,0.024851608881778831,0.33203125,0.22265625,33.84534026107174,0.020060868604697663,-2.494483057005171,-2.4741710343432444,-2.4900362306232786,0.020312022661926665,0.0044468263818924214,-2.5
CLSVOF_LS_NATIVE,7,128,5000,1.9479603535224503,0.024851608881778831,0.33203125,0.23046875,34.765197236576824,0.54356152512702405,-2.4657410761805711,-2.481722824492143,-2.497918371789035,-0.015981748311571842,-0.03217729560846383,-2.5
CLSVOF_LS_NATIVE,7,128,5000,1.9479603535224503,0.024851608881778831,0.33203125,0.23828125,35.665001536861801,1.1201148400258094,-2.4638966132776696,-2.4815318388634644,-2.5031511915280715,-0.017635225585794778,-0.039254578250401906,-2.5
CLSVOF_LS_NATIVE,7,128,5000,1.9479603535224503,0.024851608881778831,0.33203125,0.24609375,36.544972322822588,1.7093556967711112,-2.4446659133022086,-2.4688312715141993,-2.4905817086294264,-0.024165358211990728,-0.04591579532721779,-2.5
CLSVOF_LS_NATIVE,7,128,5000,1.9479603535224503,0.024851608881778831,0.33984375,-0.23828125,324.96380418990714,1.9358739391162356,-2.4037467978312255,-2.4769290197430553,-2.4690785070812362,-0.073182221911829881,-0.06533170925001075,-2.5
CLSVOF_LS_NATIVE,7,128,5000,1.9479603535224503,0.024851608881778831,0.33984375,-0.23046875,325.85641334806223,1.3682104286489514,-2.4111416082135801,-2.4886925451324422,-2.4783532483030695,-0.077550936918862057,-0.067211640089489322,-2.5
CLSVOF_LS_NATIVE,7,128,5000,1.9479603535224503,0.024851608881778831,0.33984375,-0.22265625,326.7682889320206,0.81343318086993577,-2.4683268414663364,-2.5161393904042368,-2.5040407344488855,-0.047812548937900434,-0.035713892982549122,-2.5
CLSVOF_LS_NATIVE,7,128,5000,1.9479603535224503,0.024851608881778831,0.33984375,-0.21484375,327.69958448959733,0.27224748319714642,-2.4797955712419713,-2.52047845218158,-2.5106347211631928,-0.040682880939608701,-0.030839149921221498,-2.5
CLSVOF_LS_NATIVE,7,128,5000,1.9479603535224503,0.024851608881778831,0.33984375,-0.20703125,328.65041913475699,0.25512229479558196,-2.513672973723569,-2.5105902962511184,-2.5030139447041573,0.0030826774724506123,0.010659029019411737,-2.5
CLSVOF_LS_NATIVE,7,128,5000,1.9479603535224503,0.024851608881778831,0.33984375,-0.19921875,329.62087398863162,0.76817722650933995,-2.5352884514559602,-2.5185148822834398,-2.5090781850609511,0.016773569172520375,0.026210266395009008,-2.5
CLSVOF_LS_NATIVE,7,128,5000,1.9479603535224503,0.024851608881778831,0.33984375,-0.19140625,330.61098853367963,1.2664801795084077,-2.576048559206825,-2.5541770523247136,-2.5103547780370681,0.021871506882111369,0.065693781169756882,-2.5
CLSVOF_LS_NATIVE,7,128,5000,1.9479603535224503,0.024851608881778831,0.33984375,-0.18359375,331.62075691389202,1.7494616285158957,-2.5860338522443085,-2.5693427045425521,-2.514221517040828,0.016691147701756393,0.071812335203480515,-2.5
CLSVOF_LS_NATIVE,7,128,5000,1.9479603535224503,0.024851608881778831,0.33984375,0.18359375,28.379243086107969,1.7494615914989871,-2.5860338589043677,-2.4921696671707094,-2.5142215231303942,0.093864191733658231,0.071812335773973501,-2.5
CLSVOF_LS_NATIVE,7,128,5000,1.9479603535224503,0.024851608881778831,0.33984375,0.19140625,29.389011466320373,1.266480140869026,-2.5760485604518437,-2.4921391044869443,-2.5103547823672896,0.083909455964899404,0.065693778084554122,-2.5
CLSVOF_LS_NATIVE,7,128,5000,1.9479603535224503,0.024851608881778831,0.33984375,0.19921875,30.379126011368374,0.76817718628601561,-2.5352884583193833,-2.4944526000414768,-2.50907818670556,0.040835858277906478,0.026210271613823277,-2.5
CLSVOF_LS_NATIVE,7,128,5000,1.9479603535224503,0.024851608881778831,0.33984375,0.20703125,31.349580865243038,0.2551222529891774,-2.5136729736038945,-2.4873381630500124,-2.5030139462241059,0.026334810553882093,0.010659027379788633,-2.5
CLSVOF_LS_NATIVE,7,128,5000,1.9479603535224503,0.024851608881778831,0.33984375,0.21484375,32.300415510402665,0.27224752653508433,-2.4797955754282861,-2.494018124531558,-2.5106347301296372,-0.01422254910327192,-0.030839154701351124,-2.5
CLSVOF_LS_NATIVE,7,128,5000,1.9479603535224503,0.024851608881778831,0.33984375,0.22265625,33.23171106797939,0.8134332257463418,-2.4683268419904594,-2.4803371972110186,-2.5040407338756774,-0.012010355220559266,-0.035713891885218008,-2.5
CLSVOF_LS_NATIVE,7,128,5000,1.9479603535224503,0.024851608881778831,0.33984375,0.23046875,34.143586651937795,1.3682104750974762,-2.4111415910217682,-2.4552228291820994,-2.4783532429859338,-0.044081238160331271,-0.067211651964165675,-2.5
CLSVOF_LS_NATIVE,7,128,5000,1.9479603535224503,0.024851608881778831,0.33984375,0.23828125,35.036195810092863,1.9358739869937136,-2.4037467961628636,-2.4442593862631727,-2.4690785025947433,-0.040512590100309165,-0.065331706431879688,-2.5
CLSVOF_LS_NATIVE,7,128,5000,1.9479603535224503,0.024851608881778831,0.34765625,-0.22265625,327.36249241571426,1.6526882181797704,-2.435510700204468,-2.4939475280731269,-2.4871054308685738,-0.058436827868658892,-0.051594730664105803,-2.5
CLSVOF_LS_NATIVE,7,128,5000,1.9479603535224503,0.024851608881778831,0.34765625,-0.21484375,328.28486648490218,1.1201030414440347,-2.4741426665616246,-2.5131736750428177,-2.5045950743285399,-0.039031008481193119,-0.030452407766915268,-2.5
CLSVOF_LS_NATIVE,7,128,5000,1.9479603535224503,0.024851608881778831,0.34765625,-0.20703125,329.22596389875179,0.60149999503530382,-2.4661157084699736,-2.5069997385253497,-2.4982559615607052,-0.040884030055376108,-0.032140253090731541,-2.5
CLSVOF_LS_NATIVE,7,128,5000,1.9479603535224503,0.024851608881778831,0.34765625,-0.19921875,330.18583726220129,0.097063575864565335,-2.4845541989727438,-2.5082282993261567,-2.4975272878179089,-0.023674100353412886,-0.012973088845165126,-2.5
CLSVOF_LS_NATIVE,7,128,5000,1.9479603535224503,0.024851608881778831,0.34765625,-0.19140625,331.16449915225689,0.39274943488255887,-2.5241367891643014,-2.5152535767071114,-2.5056872836865876,0.0088832124571900373,0.018449505477713846,-2.5
CLSVOF_LS_NATIVE,7,128,5000,1.9479603535224503,0.024851608881778831,0.34765625,-0.18359375,332.16191880286527,0.86741598963385724,-2.5381586563055061,-2.5266486984589838,-2.5173140670651359,0.011509957846522312,0.020844589240370137,-2.5
CLSVOF_LS_NATIVE,7,128,5000,1.9479603535224503,0.024851608881778831,0.34765625,-0.17578125,333.17801879841846,1.3265631337466466,-2.5714288549874538,-2.5515766025671547,-2.5095489957144306,0.019852252420299088,0.061879859273023197,-2.5
CLSVOF_LS_NATIVE,7,128,5000,1.9479603535224503,0.024851608881778831,0.34765625,-0.16796875,334.21267181718559,1.7696869075870099,-2.5895432192139727,-2.5620701717515781,-2.5141127416377937,0.02747304746239454,0.075430477576178934,-2.5
CLSVOF_LS_NATIVE,7,128,5000,1.9479603535224503,0.024851608881778831,0.34765625,0.16796875,25.787328182814399,1.7696868745512659,-2.5895432220688397,-2.5000710257644316,-2.5141127463679083,0.089472196304408058,0.075430475700931421,-2.5
CLSVOF_LS_NATIVE,7,128,5000,1.9479603535224503,0.024851608881778831,0.34765625,0.17578125,26.821981201581526,1.3265630991431572,-2.5714288596062023,-2.4933544288529959,-2.5095490008218779,0.078074430753206414,0.061879858784324338,-2.5
CLSVOF_LS_NATIVE,7,128,5000,1.9479603535224503,0.024851608881778831,0.34765625,0.18359375,27.838081197134727,0.86741595346060729,-2.5381586656695143,-2.5051113569504446,-2.5173140705972559,0.03304730871906969,0.020844595072258443,-2.5
CLSVOF_LS_NATIVE,7,128,5000,1.9479603535224503,0.024851608881778831,0.34765625,0.19140625,28.835500847743113,0.39274939711106277,-2.5241367893774789,-2.4893410951127972,-2.5056872892626503,0.034795694264681654,0.018449500114828599,-2.5
CLSVOF_LS_NATIVE,7,128,5000,1.9479603535224503,0.024851608881778831,0.34765625,0.19921875,29.814162737798707,0.097063615186978133,-2.4845542008691863,-2.4847975218660747,-2.4975272933704127,-0.00024332099688839648,-0.012973092501226358,-2.5
CLSVOF_LS_NATIVE,7,128,5000,1.9479603535224503,0.024851608881778831,0.34765625,0.20703125,30.774036101248235,0.60150003587372669,-2.4661157144697081,-2.4838671021977197,-2.4982559669787165,-0.017751387728011547,-0.032140252509008427,-2.5
CLSVOF_LS_NATIVE,7,128,5000,1.9479603535224503,0.024851608881778831,0.34765625,0.21484375,31.715133515097843,1.1201030838076758,-2.4741426671330413,-2.4830126509887904,-2.5045950800124035,-0.0088699838557491084,-0.030452412879362178,-2.5
CLSVOF_LS_NATIVE,7,128,5000,1.9479603535224503,0.024851608881778831,0.34765625,0.22265625,32.637507584285721,1.6526882620332144,-2.4355107137962286,-2.4630150014392651,-2.4871054346164598,-0.027504287643036474,-0.051594720820231199,-2.5
CLSVOF_LS_NATIVE,7,128,5000,1.9479603535224503,0.024851608881778831,0.35546875,-0.21484375,328.85141901380496,1.9735197979712569,-2.4129867823453668,-2.47558074755724,-2.47175693350697,-0.062593965211873215,-0.058770151161603223,-2.5
CLSVOF_LS_NATIVE,7,128,5000,1.9479603535224503,0.024851608881778831,0.35546875,-0.20703125,329.78272604261565,1.4633141652416086,-2.3907359071423233,-2.483302727210603,-2.4766597608536443,-0.092566820068279654,-0.085923853711320941,-2.5
CLSVOF_LS_NATIVE,7,128,5000,1.9479603535224503,0.024851608881778831,0.35546875,-0.19921875,330.73200478510728,0.96698221787140681,-2.4881592584801804,-2.5086684762310103,-2.5007278186692741,-0.020509217750829922,-0.012568560189093692,-2.5
CLSVOF_LS_NATIVE,7,128,5000,1.9479603535224503,0.024851608881778831,0.35546875,-0.19140625,331.69924423399357,0.48554139053025874,-2.4691779655928663,-2.5103372124229111,-2.5020198136573049,-0.041159246830044793,-0.032841848064438572,-2.5
CLSVOF_LS_NATIVE,7,128,5000,1.9479603535224503,0.024851608881778831,0.35546875,-0.18359375,332.6843920265577,0.019001662426392566,-2.4948484845848271,-2.5006691507704257,-2.4965503929980102,-0.0058206661855986219,-0.0017019084131830731,-2.5
CLSVOF_LS_NATIVE,7,128,5000,1.9479603535224503,0.024851608881778831,0.35546875,-0.17578125,333.68735150521115,0.43213510985776926,-2.5237876489411142,-2.5142379750419304,-2.5042961617704989,0.0095496738991838193,0.019491487170615329,-2.5
CLSVOF_LS_NATIVE,7,128,5000,1.9479603535224503,0.024851608881778831,0.35546875,-0.16796875,334.70797884297872,0.86742825121324207,-2.5435597491538604,-2.527372184634495,-2.5179701376438905,0.016187564519365427,0.025589611509969856,-2.5
CLSVOF_LS_NATIVE,7,128,5000,1.9479603535224503,0.024851608881778831,0.35546875,-0.16015625,335.74608027568337,1.28647023116449,-2.5655197259455544,-2.5437395113491723,-2.5077303932741617,0.02178021459638213,0.057789332671392746,-2.5
CLSVOF_LS_NATIVE,7,128,5000,1.9479603535224503,0.024851608881778831,0.35546875,-0.15234375,336.80140948635182,1.6888382875397412,-2.5889160611812758,-2.5519174067838741,-2.5120895510507175,0.036998654397401687,0.076826510130558301,-2.5
CLSVOF_LS_NATIVE,7,128,5000,1.9479603535224503,0.024851608881778831,0.35546875,0.15234375,23.19859051364821,1.6888382583311994,-2.5889160642294415,-2.5024580210162446,-2.5120895552844611,0.086458043213196945,0.076826508944980443,-2.5
CLSVOF_LS_NATIVE,7,128,5000,1.9479603535224503,0.024851608881778831,0.35546875,0.16015625,24.253919724316617,1.2864702004097308,-2.5655197289155809,-2.4927903681095822,-2.5077303971288463,0.072729360805998677,0.057789331786734621,-2.5
CLSVOF_LS_NATIVE,7,128,5000,1.9479603535224503,0.024851608881778831,0.35546875,0.16796875,25.292021157021306,0.8674282189143373,-2.5435597549874509,-2.5069772292496761,-2.5179701394306937,0.036582525737774763,0.025589615556757206,-2.5
CLSVOF_LS_NATIVE,7,128,5000,1.9479603535224503,0.024851608881778831,0.35546875,0.17578125,26.312648494788863,0.43213507599770179,-2.5237876497370153,-2.4889802665056138,-2.5042961669589925,0.034807383231401534,0.019491482778022817,-2.5
CLSVOF_LS_NATIVE,7,128,5000,1.9479603535224503,0.024851608881778831,0.35546875,0.18359375,27.315607973442283,0.019001697825225112,-2.4948484851489221,-2.4864162172190447,-2.4965503973856711,0.0084322679298773906,-0.0017019122367489814,-2.5
CLSVOF_LS_NATIVE,7,128,5000,1.9479603535224503,0.024851608881778831,0.35546875,0.19140625,28.300755766006407,0.48554142744422801,-2.4691779719756144,-2.4888337598408663,-2.5020198178239386,-0.019655787865251906,-0.032841845848324169,-2.5
CLSVOF_LS_NATIVE,7,128,5000,1.9479603535224503,0.024851608881778831,0.35546875,0.19921875,29.267995214892728,0.96698225630756329,-2.4881592600453102,-2.4811376441673958,-2.5007278231956609,0.0070216158779143889,-0.012568563150350709,-2.5
CLSVOF_LS_NATIVE,7,128,5000,1.9479603535224503,0.024851608881778831,0.35546875,0.20703125,30.217273957384357,1.4633142051493,-2.3907359163981003,-2.4551831702401365,-2.476659766317606,-0.064447253842036201,-0.085923849919505635,-2.5
CLSVOF_LS_NATIVE,7,128,5000,1.9479603535224503,0.024851608881778831,0.35546875,0.21484375,31.148580986195046,1.9735198393888871,-2.4129867830584177,-2.4476800309842073,-2.4717569401542319,-0.034693247925789539,-0.058770157095814124,-2.5
CLSVOF_LS_NATIVE,7,128,5000,1.9479603535224503,0.024851608881778831,0.36328125,-0.19921875,331.2602047083119,1.8416720535008395,-2.442565419426868,-2.4791877349527836,-2.4765973238861809,-0.03662231552591555,-0.034031904459312923,-2.5
CLSVOF_LS_NATIVE,7,128,5000,1.9479603535224503,0.024851608881778831,0.36328125,-0.19140625,332.21607358779067,1.3682615114392498,-2.4045545192049955,-2.4878076990374538,-2.4827420668188118,-0.083253179832458279,-0.078187547613816299,-2.5
CLSVOF_LS_NATIVE,7,128,5000,1.9479603535224503,0.024851608881778831,0.36328125,-0.18359375,333.18904569965127,0.90949820407602899,-2.4718830832596832,-2.5057066977653033,-2.497779645949787,-0.033823614505620103,-0.025896562690103764,-2.5
CLSVOF_LS_NATIVE,7,128,5000,1.9479603535224503,0.024851608881778831,0.36328125,-0.17578125,334.17900802581067,0.46619299696408656,-2.4741138248121524,-2.5113032844590695,-2.5033379825360456,-0.037189459646917111,-0.029224157723893196,-2.5
CLSVOF_LS_NATIVE,7,128,5000,1.9479603535224503,0.024851608881778831,0.36328125,-0.16796875,335.18580300946485,0.038533159385530792,-2.4969230365511605,-2.5080729661687831,-2.4982141004820715,-0.011149929617622512,-0.0012910639309109406,-2.5
CLSVOF_LS_NATIVE,7,128,5000,1.9479603535224503,0.024851608881778831,0.36328125,-0.16015625,336.20922613422277,0.3730484713242741,-2.5143144519247564,-2.513041832003855,-2.5038942977314633,0.001272619920901441,0.010420154193293119,-2.5
CLSVOF_LS_NATIVE,7,128,5000,1.9479603535224503,0.024851608881778831,0.36328125,-0.15234375,337.24902365721232,0.76819411804021953,-2.5503123550812226,-2.5162808067251405,-2.5065795790593488,0.03403154835608202,0.043732776021873754,-2.5
CLSVOF_LS_NATIVE,7,128,5000,1.9479603535224503,0.024851608881778831,0.36328125,-0.14453125,338.30489053920309,1.1463769828623434,-2.5463722915710272,-2.5270390916227585,-2.5025521172425864,0.019333199948268653,0.043820174328440764,-2.5
CLSVOF_LS_NATIVE,7,128,5000,1.9479603535224503,0.024851608881778831,0.36328125,-0.13671875,339.37646861667474,1.5074077839818232,-2.5875353420068699,-2.5404217121676775,-2.511146933114488,0.047113629839192317,0.076388408892381854,-2.5
CLSVOF_LS_NATIVE,7,128,5000,1.9479603535224503,0.024851608881778831,0.36328125,-0.12890625,340.46334506187162,1.850712967199551,-2.593528089824626,-2.5445479690251354,-2.5119960889492754,0.048980120799490656,0.081532000875350619,-2.5
CLSVOF_LS_NATIVE,7,128,5000,1.9479603535224503,0.024851608881778831,0.36328125,0.12890625,19.536654938128404,1.8507129432221021,-2.5935280951116817,-2.5198146294078834,-2.511996093079873,0.073713465703798331,0.081532002031808659,-2.5
CLSVOF_LS_NATIVE,7,128,5000,1.9479603535224503,0.024851608881778831,0.36328125,0.13671875,20.62353138332525,1.5074077584540786,-2.5875353403239507,-2.5029018877017908,-2.5111469357346383,0.084633452622159933,0.076388404589312398,-2.5
CLSVOF_LS_NATIVE,7,128,5000,1.9479603535224503,0.024851608881778831,0.36328125,0.14453125,21.69510946079691,1.1463769558226469,-2.5463722949496836,-2.4908907937573224,-2.5025521201366883,0.055481501192361282,0.043820174812995383,-2.5
CLSVOF_LS_NATIVE,7,128,5000,1.9479603535224503,0.024851608881778831,0.36328125,0.15234375,22.750976342787656,0.76819408948375223,-2.5503123596027066,-2.4964258796483314,-2.5065795808374722,0.053886479954375233,0.043732778765234404,-2.5
CLSVOF_LS_NATIVE,7,128,5000,1.9479603535224503,0.024851608881778831,0.36328125,0.16015625,23.790773865777226,0.37304844124077485,-2.5143144553891092,-2.4905924707811109,-2.5038943041005752,0.023721984607998348,0.010420151288534019,-2.5
CLSVOF_LS_NATIVE,7,128,5000,1.9479603535224503,0.024851608881778831,0.36328125,0.16796875,24.81419699053518,0.038533190990709239,-2.4969230336790997,-2.4875851107983626,-2.4982141021558961,0.0093379228807370929,-0.0012910684767963865,-2.5
CLSVOF_LS_NATIVE,7,128,5000,1.9479603535224503,0.024851608881778831,0.36328125,0.17578125,25.820991974189308,0.46619303006372137,-2.4741138317664593,-2.490930135973827,-2.503337986599242,-0.016816304207367683,-0.029224154832782734,-2.5
CLSVOF_LS_NATIVE,7,128,5000,1.9479603535224503,0.024851608881778831,0.36328125,0.18359375,26.810954300348715,0.90949823867881585,-2.4718830905902105,-2.4791225479647272,-2.4977796512681514,-0.0072394573745167001,-0.025896560677940883,-2.5
CLSVOF_LS_NATIVE,7,128,5000,1.9479603535224503,0.024851608881778831,0.36328125,0.19140625,27.783926412209315,1.368261547570764,-2.4045545161765682,-2.462532167182669,-2.4827420685976551,-0.05797765100610075,-0.078187552421086881,-2.5
CLSVOF_LS_NATIVE,7,128,5000,1.9479603535224503,0.024851608881778831,0.36328125,0.19921875,28.739795291688072,1.8416720911223325,-2.4425654161266177,-2.4541009077512159,-2.4765973261449208,-0.011535491624598215,-0.03403191001830308,-2.5
CLSVOF_LS_NATIVE,7,128,5000,1.9479603535224503,0.024851608881778831,0.37109375,-0.18359375,333.67670173219005,1.8039455009321654,-2.4358292907818515,-2.4764429027434458,-2.4762550531003846,-0.040613611961594298,-0.040425762318533121,-2.5
CLSVOF_LS_NATIVE,7,128,5000,1.9479603535224503,0.024851608881778831,0.37109375,-0.17578125,334.65382405805326,1.3681802975683395,-2.4301965653172304,-2.4917014980157317,-2.4894905994846366,-0.061504932698501324,-0.059294034167406195,-2.5
CLSVOF_LS_NATIVE,7,128,5000,1.9479603535224503,0.024851608881778831,0.37109375,-0.16796875,335.64699082497032,0.94790216792953308,-2.4567711958671148,-2.5013367867542589,-2.4962255472087485,-0.044565590887144069,-0.039454351341633664,-2.5
CLSVOF_LS_NATIVE,7,128,5000,1.9479603535224503,0.024851608881778831,0.37109375,-0.16015625,336.65598903842249,0.54356223043654983,-2.477309892411578,-2.5076136192765528,-2.5005314347624372,-0.030303726864974845,-0.02322154235085927,-2.5
CLSVOF_LS_NATIVE,7,128,5000,1.9479603535224503,0.024851608881778831,0.37109375,-0.15234375,337.68055960702492,0.15554706602206725,-2.4833805529060777,-2.505314616032015,-2.4970147543828332,-0.021934063125937264,-0.013634201476755425,-2.5
CLSVOF_LS_NATIVE,7,128,5000,1.9479603535224503,0.024851608881778831,0.37109375,-0.14453125,338.7203955723046,0.21583968115186605,-2.5065393188736649,-2.5038612168871577,-2.5006825790538039,0.0026781019865071976,0.0058567398198610121,-2.5
CLSVOF_LS_NATIVE,7,128,5000,1.9479603535224503,0.024851608881778831,0.37109375,-0.13671875,339.77514056883189,0.57022914235881117,-2.535589937594378,-2.5126782672282513,-2.5039616826078399,0.022911670366126735,0.031628254986538096,-2.5
CLSVOF_LS_NATIVE,7,128,5000,1.9479603535224503,0.024851608881778831,0.37109375,-0.12890625,340.84438755456029,0.90717969390890341,-2.5444886763396659,-2.5248764947166302,-2.5179030593745164,0.019612181623035685,0.026585616965149494,-2.5
CLSVOF_LS_NATIVE,7,128,5000,1.9479603535224503,0.024851608881778831,0.37109375,-0.12109375,341.92767785104047,1.2263776493788121,-2.5593834841538734,-2.5163135915496486,-2.5016497007530742,0.04306989260422478,0.057733783400799155,-2.5
CLSVOF_LS_NATIVE,7,128,5000,1.9479603535224503,0.024851608881778831,0.37109375,-0.11328125,343.02450053207025,1.5275074124115919,-2.5804129198421188,-2.5276788501527614,-2.5069149360810941,0.052734069689357455,0.073497983761024788,-2.5
CLSVOF_LS_NATIVE,7,128,5000,1.9479603535224503,0.024851608881778831,0.37109375,-0.10546875,344.13429219722616,1.8101936940768752,-2.5950828997340341,-2.5364273015369201,-2.5099307132227349,0.058655598197113967,0.085152186511299188,-2.5
CLSVOF_LS_NATIVE,7,128,5000,1.9479603535224503,0.024851608881778831,0.37109375,0.10546875,15.865707802773843,1.8101936751236909,-2.5950829029702152,-2.5183584172064561,-2.5099307169060521,0.076724485763759009,0.085152186064163082,-2.5
CLSVOF_LS_NATIVE,7,128,5000,1.9479603535224503,0.024851608881778831,0.37109375,0.11328125,16.975499467929762,1.5275073919619271,-2.5804129228565698,-2.5030153272884839,-2.5069149394268724,0.077397595568085897,0.073497983429697378,-2.5
CLSVOF_LS_NATIVE,7,128,5000,1.9479603535224503,0.024851608881778831,0.37109375,0.12109375,18.072322148959515,1.2263776274258447,-2.559383484248166,-2.4939267060112074,-2.5016497040485,0.065456778236958613,0.057733780199666018,-2.5
CLSVOF_LS_NATIVE,7,128,5000,1.9479603535224503,0.024851608881778831,0.37109375,0.12890625,19.155612445439687,0.90717967047347392,-2.5444886841214052,-2.5117421622693596,-2.5179030653746421,0.032746521852045518,0.026585618746763018,-2.5
CLSVOF_LS_NATIVE,7,128,5000,1.9479603535224503,0.024851608881778831,0.37109375,0.13671875,20.224859431168099,0.57022911740749094,-2.5355899377144939,-2.4955555639347402,-2.5039616862502108,0.040034373779753718,0.031628251464283164,-2.5
CLSVOF_LS_NATIVE,7,128,5000,1.9479603535224503,0.024851608881778831,0.37109375,0.14453125,21.279604427695428,0.21583965471373046,-2.5065393225443056,-2.4923140345341412,-2.5006825827060988,0.014225288010164316,0.0058567398382067815,-2.5
CLSVOF_LS_NATIVE,7,128,5000,1.9479603535224503,0.024851608881778831,0.37109375,0.15234375,22.319440392975107,0.15554709395667241,-2.4833805517190402,-2.488293403838501,-2.497014756963126,-0.0049128521194607977,-0.013634205244085873,-2.5
CLSVOF_LS_NATIVE,7,128,5000,1.9479603535224503,0.024851608881778831,0.37109375,0.16015625,23.344010961577528,0.54356225984388828,-2.4773098952987858,-2.4896831555883496,-2.5005314405519008,-0.01237326028956387,-0.023221545253115039,-2.5
CLSVOF_LS_NATIVE,7,128,5000,1.9479603535224503,0.024851608881778831,0.37109375,0.16796875,24.353009175029662,0.94790219877960169,-2.4567712178429857,-2.4795888657222407,-2.496225552092326,-0.022817647879254999,-0.039454334249340306,-2.5
CLSVOF_LS_NATIVE,7,128,5000,1.9479603535224503,0.024851608881778831,0.37109375,0.17578125,25.346175941946719,1.3681803300265685,-2.4301965388980715,-2.4702290294932441,-2.4894905998059764,-0.040032490595172554,-0.0592940609079049,-2.5
CLSVOF_LS_NATIVE,7,128,5000,1.9479603535224503,0.024851608881778831,0.37109375,0.18359375,26.323298267809918,1.8039455347542388,-2.4358293156219566,-2.4543545803188542,-2.4762550589687695,-0.018525264696897636,-0.040425743346812926,-2.5
CLSVOF_LS_NATIVE,7,128,5000,1.9479603535224503,0.024851608881778831,0.37890625,-0.16796875,336.09233950582745,1.860547310571891,-2.4166542961623123,-2.4663489844173156,-2.4692841990839924,-0.049694688255003339,-0.052629902921680127,-2.5
CLSVOF_LS_NATIVE,7,128,5000,1.9479603535224503,0.024851608881778831,0.37890625,-0.16015625,337.08717160322834,1.4632192101988553,-2.4203750628726231,-2.4799335785836281,-2.4811942163499761,-0.059558515711005011,-0.060819153477353005,-2.5
CLSVOF_LS_NATIVE,7,128,5000,1.9479603535224503,0.024851608881778831,0.37890625,-0.15234375,338.0968219181608,1.0819300403744956,-2.4542087458329225,-2.4962740153351053,-2.4957908111212754,-0.042065269502182812,-0.041582065288352954,-2.5
CLSVOF_LS_NATIVE,7,128,5000,1.9479603535224503,0.024851608881778831,0.37890625,-0.14453125,339.12098311944254,0.71715581981687704,-2.4852658649305504,-2.5122363918173827,-2.5059971411636912,-0.026970526886832324,-0.020731276233140861,-2.5
CLSVOF_LS_NATIVE,7,128,5000,1.9479603535224503,0.024851608881778831,0.37890625,-0.13671875,340.15930191603161,0.36932261210816048,-2.4697901154655137,-2.5051931908002989,-2.499199533416693,-0.03540307533478515,-0.02940941795117924,-2.5
CLSVOF_LS_NATIVE,7,128,5000,1.9479603535224503,0.024851608881778831,0.37890625,-0.12890625,341.21137801783152,0.038536404194051854,-2.4973863125976079,-2.5043699040657152,-2.4967894437350266,-0.0069835914681073419,0.00059686886258125682,-2.5
CLSVOF_LS_NATIVE,7,128,5000,1.9479603535224503,0.024851608881778831,0.37890625,-0.12109375,342.27676338311369,0.2747528586109369,-2.5153195302765874,-2.5069141355109466,-2.50145905462885,0.008405394765640839,0.013860475647737402,-2.5
CLSVOF_LS_NATIVE,7,128,5000,1.9479603535224503,0.024851608881778831,0.37890625,-0.11328125,343.35496178532406,0.57021160796219561,-2.5262410756769662,-2.5091467427095244,-2.502079256750807,0.017094332967441783,0.024161818926159206,-2.5
CLSVOF_LS_NATIVE,7,128,5000,1.9479603535224503,0.024851608881778831,0.37890625,-0.10546875,344.4454287299256,0.84755900278269436,-2.5490776798619339,-2.5180525368575388,-2.5126821451151096,0.031025143004395073,0.036395534746824332,-2.5
CLSVOF_LS_NATIVE,7,128,5000,1.9479603535224503,0.024851608881778831,0.37890625,-0.09765625,345.54757174890699,1.1064120163981663,-2.544088801060906,-2.5054147361087469,-2.4990154673845848,0.038674064952159082,0.045073333676321159,-2.5
CLSVOF_LS_NATIVE,7,128,5000,1.9479603535224503,0.024851608881778831,0.37890625,-0.08984375,346.6607510966366,1.3466322651048654,-2.58371389282645,-2.5110654467098739,-2.5053329141299425,0.072648446116576171,0.078380978696507508,-2.5
CLSVOF_LS_NATIVE,7,128,5000,1.9479603535224503,0.024851608881778831,0.37890625,-0.08203125,347.78428086586911,1.567728754001311,-2.5719485162773039,-2.5165230848245828,-2.5045573933810887,0.055425431452721163,0.067391122896215183,-2.5
CLSVOF_LS_NATIVE,7,128,5000,1.9479603535224503,0.024851608881778831,0.37890625,-0.07421875,348.91743053697036,1.7696333190105868,-2.5823040786055591,-2.5248517843197797,-2.5069442498096013,0.057452294285779359,0.075359828795957817,-2.5
CLSVOF_LS_NATIVE,7,128,5000,1.9479603535224503,0.024851608881778831,0.37890625,-0.06640625,350.05942696688697,1.9521121794192509,-2.6016642139353832,-2.5387892453488998,-2.5176782610358832,0.062874968586483337,0.083985952899499949,-2.5
CLSVOF_LS_NATIVE,7,128,5000,1.9479603535224503,0.024851608881778831,0.37890625,0.06640625,9.9405730331130364,1.9521121680738254,-2.6016642185174379,-2.5288381565094293,-2.5176782644704221,0.072826062008008563,0.083985954047015809,-2.5
CLSVOF_LS_NATIVE,7,128,5000,1.9479603535224503,0.024851608881778831,0.37890625,0.07421875,11.082569463029662,1.7696333062465925,-2.5823040812019138,-2.5125491084930163,-2.5069442532016826,0.069754972708897522,0.075359828000231222,-2.5
CLSVOF_LS_NATIVE,7,128,5000,1.9479603535224503,0.024851608881778831,0.37890625,0.08203125,12.215719134130868,1.5677287398108231,-2.5719485196127643,-2.5036912649722618,-2.5045573967694805,0.068257254640502474,0.067391122843283746,-2.5
CLSVOF_LS_NATIVE,7,128,5000,1.9479603535224503,0.024851608881778831,0.37890625,0.08984375,13.339248903363417,1.3466322494754526,-2.5837138961099488,-2.5001814020171036,-2.5053329176645871,0.083532494092845244,0.078380978445361738,-2.5
CLSVOF_LS_NATIVE,7,128,5000,1.9479603535224503,0.024851608881778831,0.37890625,0.09765625,14.452428251092995,1.1064119993189034,-2.5440888038537715,-2.4935154170762264,-2.4990154707524579,0.050573386777545082,0.045073333101313562,-2.5
CLSVOF_LS_NATIVE,7,128,5000,1.9479603535224503,0.024851608881778831,0.37890625,0.10546875,15.554571270074421,0.84755898424729048,-2.5490776830957937,-2.5080007787897527,-2.5126821468566929,0.041076904306041051,0.036395536239100856,-2.5
CLSVOF_LS_NATIVE,7,128,5000,1.9479603535224503,0.024851608881778831,0.37890625,0.11328125,16.64503821467596,0.57021158796260751,-2.5262410803836906,-2.4961698752000907,-2.5020792605465481,0.030071205183599847,0.024161819837142495,-2.5
CLSVOF_LS_NATIVE,7,128,5000,1.9479603535224503,0.024851608881778831,0.37890625,0.12109375,17.723236616886332,0.27475283713250637,-2.5153195299744575,-2.4922704759009342,-2.5014590564116457,0.023049054073523312,0.013860473562811837,-2.5
CLSVOF_LS_NATIVE,7,128,5000,1.9479603535224503,0.024851608881778831,0.37890625,0.12890625,18.788621982168493,0.038536427133078331,-2.4973863143834181,-2.4902045213686774,-2.4967894476968651,0.007181793014740645,0.00059686668655301034,-2.5
CLSVOF_LS_NATIVE,7,128,5000,1.9479603535224503,0.024851608881778831,0.37890625,0.13671875,19.840698083968366,0.36932263650151659,-2.4697901194888594,-2.4904316599325025,-2.4991995377745764,-0.02064154044364308,-0.029409418285716971,-2.5
CLSVOF_LS_NATIVE,7,128,5000,1.9479603535224503,0.024851608881778831,0.37890625,0.14453125,20.87901688055744,0.71715584566984714,-2.4852658684342512,-2.4943084843151517,-2.5059971477463341,-0.0090426158809004953,-0.020731279312082851,-2.5
CLSVOF_LS_NATIVE,7,128,5000,1.9479603535224503,0.024851608881778831,0.37890625,0.15234375,21.903178081839179,1.0819300676903463,-2.4542087533484227,-2.4808594433596816,-2.495790812988453,-0.02665069001125886,-0.041582059640030256,-2.5
CLSVOF_LS_NATIVE,7,128,5000,1.9479603535224503,0.024851608881778831,0.37890625,0.16015625,22.91282839677168,1.4632192390352923,-2.4203750455581576,-2.4636080702528975,-2.4811942190554994,-0.043233024694739886,-0.060819173497341783,-2.5
CLSVOF_LS_NATIVE,7,128,5000,1.9479603535224503,0.024851608881778831,0.37890625,0.16796875,23.907660494172525,1.8605473407635265,-2.4166543234639124,-2.4491914333050513,-2.4692842061590752,-0.032537109841138889,-0.052629882695162777,-2.5
CLSVOF_LS_NATIVE,7,128,5000,1.9479603535224503,0.024851608881778831,0.38671875,-0.14453125,339.50740523012968,1.6527863998670667,-2.4176980141031374,-2.4733364127983641,-2.4790671229769443,-0.055638398695226687,-0.061369108873806866,-2.5
CLSVOF_LS_NATIVE,7,128,5000,1.9479603535224503,0.024851608881778831,0.38671875,-0.13671875,340.52969799053301,1.3110741937944841,-2.4295462180716774,-2.4783208956724998,-2.4831802268973884,-0.048774677600822436,-0.05363400882571101,-2.5
CLSVOF_LS_NATIVE,7,128,5000,1.9479603535224503,0.024851608881778831,0.38671875,-0.12890625,341.56505117707798,0.98624234443988756,-2.4568311015584721,-2.4923998694618912,-2.4942854588816088,-0.035568767903419118,-0.037454357323136733,-2.5
CLSVOF_LS_NATIVE,7,128,5000,1.9479603535224503,0.024851608881778831,0.38671875,-0.12109375,342.61302782308445,0.6786844634352619,-2.470516907649702,-2.5029478578806375,-2.5008530076343032,-0.032430950230935451,-0.030336099984601184,-2.5
CLSVOF_LS_NATIVE,7,128,5000,1.9479603535224503,0.024851608881778831,0.38671875,-0.11328125,343.673146489435,0.38870601620447109,-2.4790425527166358,-2.503323847577974,-2.4991627122781468,-0.024281294861338232,-0.020120159561511031,-2.5
CLSVOF_LS_NATIVE,7,128,5000,1.9479603535224503,0.024851608881778831,0.38671875,-0.10546875,344.7448812969422,0.11656943944323563,-2.4905630515344255,-2.5016821444430453,-2.4964737103049863,-0.011119092908619788,-0.0059106587705608504,-2.5
CLSVOF_LS_NATIVE,7,128,5000,1.9479603535224503,0.024851608881778831,0.38671875,-0.09765625,345.82766229986805,0.13744446892229933,-2.5038769038973769,-2.4980149475888256,-2.499231732496594,0.0058619563085513526,0.0046451714007829104,-2.5
CLSVOF_LS_NATIVE,7,128,5000,1.9479603535224503,0.024851608881778831,0.38671875,-0.08984375,346.92087621993318,0.37307395349924444,-2.5296649461446981,-2.5066793989662628,-2.5031052056851939,0.022985547178435262,0.026559740459504155,-2.5
CLSVOF_LS_NATIVE,7,128,5000,1.9479603535224503,0.024851608881778831,0.38671875,-0.08203125,348.02386755579664,0.58994720457120797,-2.5229893136995423,-2.5032957829002669,-2.4995034927879982,0.019693530799275383,0.023485820911544053,-2.5
CLSVOF_LS_NATIVE,7,128,5000,1.9479603535224503,0.024851608881778831,0.38671875,-0.07421875,349.13594007791227,0.78794964382611798,-2.5355782768197908,-2.5067097913348908,-2.5047863122159222,0.028868485484899953,0.030791964603868571,-2.5
CLSVOF_LS_NATIVE,7,128,5000,1.9479603535224503,0.024851608881778831,0.38671875,-0.06640625,350.25635871296282,0.96685178043234599,-2.5511019789054088,-2.5129040420672397,-2.5107542206588658,0.038197936838169078,0.04034775824654302,-2.5
CLSVOF_LS_NATIVE,7,128,5000,1.9479603535224503,0.024851608881778831,0.38671875,-0.05859375,351.38435181583588,1.1263981581395608,-2.5559547064063612,-2.5026260691264026,-2.501268750607136,0.053328637279958624,0.054685955799225194,-2.5
CLSVOF_LS_NATIVE,7,128,5000,1.9479603535224503,0.024851608881778831,0.38671875,-0.05078125,352.51911382047632,1.2664262826466204,-2.5653819482195308,-2.5043782729292037,-2.5026671964747975,0.061003675290327131,0.062714751744733288,-2.5
CLSVOF_LS_NATIVE,7,128,5000,1.9479603535224503,0.024851608881778831,0.38671875,-0.04296875,353.65980825409008,1.3867528478962245,-2.5687808257183891,-2.5069071181415206,-2.5048705365845758,0.061873707576868497,0.063910289133813247,-2.5
CLSVOF_LS_NATIVE,7,128,5000,1.9479603535224503,0.024851608881778831,0.38671875,-0.03515625,354.80557109226521,1.4872569964891549,-2.5801327824514875,-2.5116605551350659,-2.508505141554163,0.068472227316421552,0.071627640897324429,-2.5
CLSVOF_LS_NATIVE,7,128,5000,1.9479603535224503,0.024851608881778831,0.38671875,-0.02734375,355.95551442581888,1.5677684040764766,-2.5756782594643561,-2.5137504579695644,-2.509626668194036,0.061927801494791712,0.06605159127032012,-2.5
CLSVOF_LS_NATIVE,7,128,5000,1.9479603535224503,0.024851608881778831,0.38671875,-0.01953125,357.10873040377942,1.6282572051793001,-2.5817459465169521,-2.5160701248180546,-2.5110590664316152,0.065675821698897519,0.070686880085336856,-2.5
CLSVOF_LS_NATIVE,7,128,5000,1.9479603535224503,0.024851608881778831,0.38671875,-0.01171875,358.2642954110716,1.6686275431103059,-2.584546929419266,-2.5190236767346064,-2.5136496128315255,0.065523252684659639,0.070897316587740455,-2.5
CLSVOF_LS_NATIVE,7,128,5000,1.9479603535224503,0.024851608881778831,0.38671875,-0.00390625,359.42127443439222,1.6888247131005369,-2.5855022236332061,-2.5200022699703686,-2.5146107840645135,0.065499953662837562,0.070891439568692594,-2.5
CLSVOF_LS_NATIVE,7,128,5000,1.9479603535224503,0.024851608881778831,0.38671875,0.00390625,0.57872556560776267,1.6888247124704099,-2.585502224038891,-2.5195244755742321,-2.5146107844376746,0.06597774846465887,0.070891439601216355,-2.5
CLSVOF_LS_NATIVE,7,128,5000,1.9479603535224503,0.024851608881778831,0.38671875,0.01171875,1.7357045889283906,1.668627541217272,-2.5845469305644775,-2.5175895486079125,-2.5136496139525994,0.066957381956564976,0.070897316611878036,-2.5
CLSVOF_LS_NATIVE,7,128,5000,1.9479603535224503,0.024851608881778831,0.38671875,0.01953125,2.891269596220567,1.6282572020159642,-2.5817459485559859,-2.5135873064168544,-2.5110590684775964,0.068158642139131587,0.070686880078389525,-2.5
CLSVOF_LS_NATIVE,7,128,5000,1.9479603535224503,0.024851608881778831,0.38671875,0.02734375,4.044485574181107,1.5677683996295697,-2.5756782629517549,-2.509391015479415,-2.5096266704213352,0.066287247472339939,0.0660515925304197,-2.5
CLSVOF_LS_NATIVE,7,128,5000,1.9479603535224503,0.024851608881778831,0.38671875,0.03515625,5.1944289077348111,1.4872569907353708,-2.5801327825428495,-2.5049616560363051,-2.508505143698057,0.07517112650654445,0.071627638844792507,-2.5
CLSVOF_LS_NATIVE,7,128,5000,1.9479603535224503,0.024851608881778831,0.38671875,0.04296875,6.340191745909916,1.3867528408400194,-2.5687808304558968,-2.5001862694883767,-2.5048705398165971,0.068594560967520035,0.063910290639299649,-2.5
CLSVOF_LS_NATIVE,7,128,5000,1.9479603535224503,0.024851608881778831,0.38671875,0.05078125,7.480886179523683,1.2664262742568959,-2.5653819515979137,-2.4967580647566976,-2.5026671999901362,0.06862388684121612,0.062714751607777508,-2.5
CLSVOF_LS_NATIVE,7,128,5000,1.9479603535224503,0.024851608881778831,0.38671875,0.05859375,8.6156481841641224,1.126398148397177,-2.5559547085344256,-2.4951669943214156,-2.5012687537617038,0.060787714213009991,0.054685954772721868,-2.5
CLSVOF_LS_NATIVE,7,128,5000,1.9479603535224503,0.024851608881778831,0.38671875,0.06640625,9.7436412870371711,0.96685176932907224,-2.5511019834744841,-2.5064838117870862,-2.5107542258492899,0.044618171687397901,0.040347757625194269,-2.5
CLSVOF_LS_NATIVE,7,128,5000,1.9479603535224503,0.024851608881778831,0.38671875,0.07421875,10.864059922087735,0.78794963133646334,-2.535578279472424,-2.5016743626258071,-2.5047863145626215,0.033903916846616866,0.030791964909802516,-2.5
CLSVOF_LS_NATIVE,7,128,5000,1.9479603535224503,0.024851608881778831,0.38671875,0.08203125,11.976132444203367,0.58994719068676105,-2.5229893168235198,-2.4959999385490557,-2.4995034963172866,0.026989378274464126,0.023485820506233157,-2.5
CLSVOF_LS_NATIVE,7,128,5000,1.9479603535224503,0.024851608881778831,0.38671875,0.08984375,13.079123780066833,0.37307393820807161,-2.5296649494162931,-2.49833193004216,-2.5031052098885875,0.03133301937413302,0.026559739527705517,-2.5
CLSVOF_LS_NATIVE,7,128,5000,1.9479603535224503,0.024851608881778831,0.38671875,0.09765625,14.172337700131976,0.13744445221314541,-2.5038769072504783,-2.4906276389184905,-2.4992317348059316,0.013249268331987807,0.0046451724445466525,-2.5
CLSVOF_LS_NATIVE,7,128,5000,1.9479603535224503,0.024851608881778831,0.38671875,0.10546875,15.255118703057793,0.11656945758177439,-2.4905630535914343,-2.4914550003494456,-2.4964737136134354,-0.00089194675801129719,-0.0059106600220011352,-2.5
CLSVOF_LS_NATIVE,7,128,5000,1.9479603535224503,0.024851608881778831,0.38671875,0.11328125,16.326853510565023,0.38870603577283763,-2.4790425533768663,-2.4920986239552718,-2.4991627163570245,-0.013056070578405521,-0.020120162980158174,-2.5
CLSVOF_LS_NATIVE,7,128,5000,1.9479603535224503,0.024851608881778831,0.38671875,0.12109375,17.386972176915545,0.67868448441526308,-2.47051691681071,-2.4925357404127855,-2.5008530117636472,-0.022018823602075521,-0.030336094952937209,-2.5
CLSVOF_LS_NATIVE,7,128,5000,1.9479603535224503,0.024851608881778831,0.38671875,0.12890625,18.434948822922028,0.98624236688295674,-2.4568310975404595,-2.4830118729924209,-2.4942854616294117,-0.026180775451961402,-0.037454364088952197,-2.5
CLSVOF_LS_NATIVE,7,128,5000,1.9479603535224503,0.024851608881778831,0.38671875,0.13671875,19.470302009466977,1.3110742176444194,-2.429546224446328,-2.4688200745472164,-2.4831802299928261,-0.039273850100888463,-0.053634005546498109,-2.5
CLSVOF_LS_NATIVE,7,128,5000,1.9479603535224503,0.024851608881778831,0.38671875,0.14453125,20.492594769870308,1.652786425159178,-2.4176980141409921,-2.4627102536060246,-2.4790671284227983,-0.045012239465032522,-0.061369114281806247,-2.5
CLSVOF_LS_NATIVE,7,128,5000,1.9479603535224503,0.024851608881778831,0.39453125,-0.12890625,341.9060934559368,1.9358836391809391,-2.4155147279740397,-2.4648358077942794,-2.4710496829933932,-0.049321079820239699,-0.055534955019353571,-2.5
CLSVOF_LS_NATIVE,7,128,5000,1.9479603535224503,0.024851608881778831,0.39453125,-0.12109375,342.9371428265386,1.6338832050569394,-2.4137851097604965,-2.4686232481392314,-2.4762541497455328,-0.054838138378734858,-0.062469039985036279,-2.5
CLSVOF_LS_NATIVE,7,128,5000,1.9479603535224503,0.024851608881778831,0.39453125,-0.11328125,343.97970769792875,1.3491142219970635,-2.4388178488054781,-2.4747024306618033,-2.4838281676426619,-0.035884581856325148,-0.04501031883718376,-2.5
CLSVOF_LS_NATIVE,7,128,5000,1.9479603535224503,0.024851608881778831,0.39453125,-0.10546875,345.03328043599515,1.0819630506448394,-2.4436591978004909,-2.4863802806423543,-2.4940042913710285,-0.042721082841863378,-0.050345093570537625,-2.5
CLSVOF_LS_NATIVE,7,128,5000,1.9479603535224503,0.024851608881778831,0.39453125,-0.09765625,346.09731288577944,0.83262372108732796,-2.4787268097412958,-2.5002993933255864,-2.5017736769851942,-0.021572583584290594,-0.023046867243898372,-2.5
CLSVOF_LS_NATIVE,7,128,5000,1.9479603535224503,0.024851608881778831,0.39453125,-0.08984375,347.17121712854458,0.60152819037190652,-2.456771235517667,-2.5010373842106057,-2.5001873642421173,-0.044266148692938767,-0.043416128724450331,-2.5
CLSVOF_LS_NATIVE,7,128,5000,1.9479603535224503,0.024851608881778831,0.39453125,-0.08203125,348.25436657471204,0.38867375592673031,-2.4853716103677583,-2.5001780950441663,-2.4998320479281486,-0.014806484676407994,-0.014460437560390282,-2.5
CLSVOF_LS_NATIVE,7,128,5000,1.9479603535224503,0.024851608881778831,0.39453125,-0.07421875,349.34609740006152,0.1944446561048214,-2.4903758040289343,-2.5000678261868812,-2.4986048568108776,-0.0096920221579468446,-0.0082290527819433024,-2.5
CLSVOF_LS_NATIVE,7,128,5000,1.9479603535224503,0.024851608881778831,0.39453125,-0.06640625,350.44571032759825,0.018999501589161295,-2.4986096047572,-2.5017118245327117,-2.4984542228968492,-0.0031022197755117276,0.00015538186035080059,-2.5
CLSVOF_LS_NATIVE,7,128,5000,1.9479603535224503,0.024851608881778831,0.39453125,-0.05859375,351.55247275209155,0.13746499008734228,-2.5068986170886243,-2.4963129494143463,-2.4992425609740385,0.010585667674277932,0.007656056114585752,-2.5
CLSVOF_LS_NATIVE,7,128,5000,1.9479603535224503,0.024851608881778831,0.39453125,-0.05078125,352.66562119858327,0.27476841484447528,-2.5152602645262299,-2.499388453021762,-2.501891337679973,0.015871811504467814,0.013368926846256901,-2.5
CLSVOF_LS_NATIVE,7,128,5000,1.9479603535224503,0.024851608881778831,0.39453125,-0.04296875,353.78436410029735,0.39274303217581413,-2.5190866487832859,-2.5033695129485722,-2.5008534641821236,0.01571713583471368,0.0182331846011623,-2.5
CLSVOF_LS_NATIVE,7,128,5000,1.9479603535224503,0.024851608881778831,0.39453125,-0.03515625,354.90788487550105,0.49126897795436841,-2.5263947561299389,-2.5027852598394178,-2.5006173959232152,0.023609496290521115,0.025777360206723721,-2.5
CLSVOF_LS_NATIVE,7,128,5000,1.9479603535224503,0.024851608881778831,0.39453125,-0.02734375,356.03534527714385,0.57021142494999943,-2.5266332961571516,-2.5025525434898763,-2.500503526027765,0.024080752667275274,0.026129770129386554,-2.5
CLSVOF_LS_NATIVE,7,128,5000,1.9479603535224503,0.024851608881778831,0.39453125,-0.01953125,357.16588898369349,0.62950769498290338,-2.5311224825035379,-2.5032074404209048,-2.5009261847628483,0.027915042082633068,0.030196297740689548,-2.5
CLSVOF_LS_NATIVE,7,128,5000,1.9479603535224503,0.024851608881778831,0.39453125,-0.01171875,358.29864539467388,0.66907807626680038,-2.5332541315069967,-2.5039627932178896,-2.5016212109418028,0.029291338289107127,0.031632920565193956,-2.5
CLSVOF_LS_NATIVE,7,128,5000,1.9479603535224503,0.024851608881778831,0.39453125,-0.00390625,359.43273359014205,0.68887494736869348,-2.5342493911097805,-2.5040516290550761,-2.5018169425264345,0.03019776205470448,0.032432448583346041,-2.5
CLSVOF_LS_NATIVE,7,128,5000,1.9479603535224503,0.024851608881778831,0.39453125,0.00390625,0.56726640985793497,0.68887494675111005,-2.534249391503113,-2.5036868382293953,-2.5018169429218546,0.030562553273717707,0.032432448581258377,-2.5
CLSVOF_LS_NATIVE,7,128,5000,1.9479603535224503,0.024851608881778831,0.39453125,0.01171875,1.7013546053261255,0.66907807441146716,-2.5332541326251419,-2.5028720788340997,-2.5016212120944759,0.030382053791042196,0.03163292053066602,-2.5
CLSVOF_LS_NATIVE,7,128,5000,1.9479603535224503,0.024851608881778831,0.39453125,0.01953125,2.8341110163065162,0.62950769188255562,-2.5311224842811382,-2.501443174231734,-2.5009261866786749,0.029679310049404162,0.030196297602463229,-2.5
CLSVOF_LS_NATIVE,7,128,5000,1.9479603535224503,0.024851608881778831,0.39453125,0.02734375,3.9646547228561269,0.57021142059325625,-2.5266332989987821,-2.5002001903942199,-2.5005035283633861,0.026433108604562161,0.02612977063539601,-2.5
CLSVOF_LS_NATIVE,7,128,5000,1.9479603535224503,0.024851608881778831,0.39453125,0.03515625,5.0921151244989673,0.49126897232314287,-2.5263947574765857,-2.49943906107376,-2.5006173985082998,0.026955696402825691,0.025777358968285924,-2.5
CLSVOF_LS_NATIVE,7,128,5000,1.9479603535224503,0.024851608881778831,0.39453125,0.04296875,6.2156358997026624,0.39274302526441485,-2.5190866525400444,-2.4996844807868399,-2.5008534675559941,0.019402171753204467,0.018233184984050244,-2.5
CLSVOF_LS_NATIVE,7,128,5000,1.9479603535224503,0.024851608881778831,0.39453125,0.05078125,7.3343788014167117,0.2747684066284235,-2.5152602680029874,-2.4961302313029035,-2.5018913410654626,0.019130036700083952,0.013368926937524783,-2.5
CLSVOF_LS_NATIVE,7,128,5000,1.9479603535224503,0.024851608881778831,0.39453125,0.05859375,8.4475272479084751,0.13746498054716397,-2.5068986197354648,-2.491583339484317,-2.4992425636889508,0.015315280251147811,0.0076560560465139815,-2.5
CLSVOF_LS_NATIVE,7,128,5000,1.9479603535224503,0.024851608881778831,0.39453125,0.06640625,9.5542896724017758,0.018999512466106233,-2.4986096075086168,-2.4963920919218392,-2.4984542258093083,0.0022175155867776297,0.00015538169930850998,-2.5
CLSVOF_LS_NATIVE,7,128,5000,1.9479603535224503,0.024851608881778831,0.39453125,0.07421875,10.653902599938498,0.19444466833156004,-2.490375807289587,-2.494386601242744,-2.4986048605368674,-0.0040107939531570658,-0.0082290532472804045,-2.5
CLSVOF_LS_NATIVE,7,128,5000,1.9479603535224503,0.024851608881778831,0.39453125,0.08203125,11.745633425287963,0.38867376951761162,-2.4853716136812869,-2.4940864572660164,-2.4998320516576142,-0.0087148435847295147,-0.014460437976327345,-2.5
CLSVOF_LS_NATIVE,7,128,5000,1.9479603535224503,0.024851608881778831,0.39453125,0.08984375,12.828782871455433,0.60152820534127693,-2.4567712378057465,-2.4944994506564928,-2.500187367916026,-0.037728212850746345,-0.04341613011027956,-2.5
CLSVOF_LS_NATIVE,7,128,5000,1.9479603535224503,0.024851608881778831,0.39453125,0.09765625,13.902687114220567,0.83262373743975615,-2.4787268137939114,-2.4927705434904217,-2.5017736801295385,-0.014043729696510354,-0.023046866335627136,-2.5
CLSVOF_LS_NATIVE,7,128,5000,1.9479603535224503,0.024851608881778831,0.39453125,0.10546875,14.966719564004876,1.0819630683971606,-2.4436592000690807,-2.4831302933015178,-2.4940042942531577,-0.039471093232437138,-0.050345094184077066,-2.5
CLSVOF_LS_NATIVE,7,128,5000,1.9479603535224503,0.024851608881778831,0.39453125,0.11328125,16.020292302071237,1.3491142411517185,-2.4388178492669486,-2.470807089381561,-2.4838281706334002,-0.031989240114612461,-0.045010321366451667,-2.5
CLSVOF_LS_NATIVE,7,128,5000,1.9479603535224503,0.024851608881778831,0.39453125,0.12109375,17.062857173461413,1.6338832256006306,-2.413785115289254,-2.4614342252945445,-2.4762541530919759,-0.047649110005290485,-0.06246903780272195,-2.5
CLSVOF_LS_NATIVE,7,128,5000,1.9479603535224503,0.024851608881778831,0.39453125,0.12890625,18.093906544063177,1.9358836611427979,-2.4155147263605494,-2.4542063644102283,-2.471049685938965,-0.0386916380496789,-0.055534959578415588,-2.5
CLSVOF_LS_NATIVE,7,128,5000,1.9479603535224503,0.024851608881778831,0.40234375,-0.09765625,346.35708522400989,1.8039202858736136,-2.4252467791026016,-2.4648304507801635,-2.474121639431933,-0.039583671677561938,-0.048874860329331415,-2.5
CLSVOF_LS_NATIVE,7,128,5000,1.9479603535224503,0.024851608881778831,0.40234375,-0.08984375,347.41230661835118,1.5770653337054419,-2.4047944589978725,-2.4659712457507257,-2.4760636157774747,-0.061176786752853207,-0.071269156779602216,-2.5
CLSVOF_LS_NATIVE,7,128,5000,1.9479603535224503,0.024851608881778831,0.40234375,-0.08203125,348.47627829610263,1.3681011309377773,-2.4513015477343787,-2.4757277703556118,-2.4864935581947214,-0.024426222621233062,-0.035192010460342704,-2.5
CLSVOF_LS_NATIVE,7,128,5000,1.9479603535224503,0.024851608881778831,0.40234375,-0.07421875,349.54836705601127,1.1775353795578816,-2.439304249723814,-2.482408071713667,-2.4922431064432788,-0.043103821989852964,-0.052938856719464855,-2.5
CLSVOF_LS_NATIVE,7,128,5000,1.9479603535224503,0.024851608881778831,0.40234375,-0.06640625,350.62790729142091,1.005394692719219,-2.4497928140016252,-2.4822994331523951,-2.4922237664181575,-0.032506619150769911,-0.042430952416532275,-2.5
CLSVOF_LS_NATIVE,7,128,5000,1.9479603535224503,0.024851608881778831,0.40234375,-0.05859375,351.71420297604624,0.8518858095161036,-2.463284874832679,-2.4925583644499096,-2.4984644777572553,-0.029273489617230641,-0.035179602924576336,-2.5
CLSVOF_LS_NATIVE,7,128,5000,1.9479603535224503,0.024851608881778831,0.40234375,-0.05078125,352.80652994470444,0.71722130536284279,-2.4639751278743551,-2.4993638187334479,-2.5015204548715944,-0.035388690859092797,-0.037545326997239226,-2.5
CLSVOF_LS_NATIVE,7,128,5000,1.9479603535224503,0.024851608881778831,0.40234375,-0.04296875,353.90413845540417,0.60150334390141869,-2.4723710564116095,-2.5014925518904061,-2.5016951723553627,-0.029121495478796611,-0.029324115943753171,-2.5
CLSVOF_LS_NATIVE,7,128,5000,1.9479603535224503,0.024851608881778831,0.40234375,-0.03515625,355.00625601417659,0.50488221185778226,-2.4732464274748711,-2.5006844803602148,-2.5013363330740672,-0.027438052885343733,-0.028089905599196108,-2.5
CLSVOF_LS_NATIVE,7,128,5000,1.9479603535224503,0.024851608881778831,0.40234375,-0.02734375,356.11209043916693,0.42743816338242518,-2.4811064859061926,-2.5008812763956039,-2.5018869574370344,-0.01977479048941122,-0.020780471530841726,-2.5
CLSVOF_LS_NATIVE,7,128,5000,1.9479603535224503,0.024851608881778831,0.40234375,-0.01953125,357.22083313592793,0.36929029631014526,-2.4821903792411333,-2.5006710120603293,-2.5020053339341204,-0.018480632819195986,-0.019814954692987108,-2.5
CLSVOF_LS_NATIVE,7,128,5000,1.9479603535224503,0.024851608881778831,0.40234375,-0.01171875,358.3316625517067,0.33048877449506214,-2.4839698828615839,-2.4976425864560419,-2.501203021581063,-0.013672703594457936,-0.017233138719479069,-2.5
CLSVOF_LS_NATIVE,7,128,5000,1.9479603535224503,0.024851608881778831,0.40234375,-0.00390625,359.44374777291932,0.31107675549722941,-2.4849740456260592,-2.4979524666270527,-2.5013997442502558,-0.012978421000993556,-0.016425698624196627,-2.5
CLSVOF_LS_NATIVE,7,128,5000,1.9479603535224503,0.024851608881778831,0.40234375,0.00390625,0.55625222708067301,0.31107675610274682,-2.4849740460006755,-2.4975717696608895,-2.5013997446581007,-0.012597723660213944,-0.016425698657425158,-2.5
CLSVOF_LS_NATIVE,7,128,5000,1.9479603535224503,0.024851608881778831,0.40234375,0.01171875,1.6683374482933093,0.33048877631407853,-2.4839698839524051,-2.4966509441374996,-2.5012030226973092,-0.012681060185094406,-0.017233138744904064,-2.5
CLSVOF_LS_NATIVE,7,128,5000,1.9479603535224503,0.024851608881778831,0.40234375,0.01953125,2.7791668640720832,0.36929029934978902,-2.4821903808542216,-2.4988881227163535,-2.5020053355300007,-0.01669774186213191,-0.019814954675779095,-2.5
CLSVOF_LS_NATIVE,7,128,5000,1.9479603535224503,0.024851608881778831,0.40234375,0.02734375,3.8879095608330756,0.42743816765294751,-2.4811064873415956,-2.4984924286486372,-2.5018869598113089,-0.01738594130704163,-0.020780472469713374,-2.5
CLSVOF_LS_NATIVE,7,128,5000,1.9479603535224503,0.024851608881778831,0.40234375,0.03515625,4.9937439858233974,0.50488221736623196,-2.4732464314740987,-2.4977007000058178,-2.5013363363250143,-0.024454268531719059,-0.028089904850915559,-2.5
CLSVOF_LS_NATIVE,7,128,5000,1.9479603535224503,0.024851608881778831,0.40234375,0.04296875,6.0958615445958229,0.60150335067449179,-2.4723710585931733,-2.4978946210678057,-2.501695175342205,-0.025523562474632389,-0.029324116749031681,-2.5
CLSVOF_LS_NATIVE,7,128,5000,1.9479603535224503,0.024851608881778831,0.40234375,0.05078125,7.1934700552955455,0.71722131341336215,-2.4639751297560135,-2.49652535647206,-2.5015204581459818,-0.03255022671604646,-0.037545328389968269,-2.5
CLSVOF_LS_NATIVE,7,128,5000,1.9479603535224503,0.024851608881778831,0.40234375,0.05859375,8.2857970239537568,0.85188581885140524,-2.4632848797890761,-2.4919655743631353,-2.4984644812594179,-0.028680694574059196,-0.035179601470341826,-2.5
CLSVOF_LS_NATIVE,7,128,5000,1.9479603535224503,0.024851608881778831,0.40234375,0.06640625,9.3720927085790962,1.0053947033698349,-2.4497928162298117,-2.4835106675255467,-2.4922237697298382,-0.033717851295735013,-0.042430953500026458,-2.5
CLSVOF_LS_NATIVE,7,128,5000,1.9479603535224503,0.024851608881778831,0.40234375,0.07421875,10.451632943988708,1.1775353915328519,-2.4393042522553823,-2.4801717610167962,-2.4922431095853947,-0.040867508761413873,-0.052938857330012468,-2.5
CLSVOF_LS_NATIVE,7,128,5000,1.9479603535224503,0.024851608881778831,0.40234375,0.08203125,11.523721703897342,1.3681011442469797,-2.4513015511797813,-2.4734211098972749,-2.4864935615187482,-0.022119558717493604,-0.035192010338966906,-2.5
CLSVOF_LS_NATIVE,7,128,5000,1.9479603535224503,0.024851608881778831,0.40234375,0.08984375,12.587693381648803,1.5770653483646659,-2.4047944612922278,-2.4621390598840009,-2.4760636189992424,-0.057344598591773099,-0.071269157707014585,-2.5
CLSVOF_LS_NATIVE,7,128,5000,1.9479603535224503,0.024851608881778831,0.40234375,0.09765625,13.642914775990082,1.8039203018884382,-2.4252467822460493,-2.4591227532176352,-2.4741216428933122,-0.0338759709715859,-0.048874860647262874,-2.5
CLSVOF_LS_NATIVE,7,128,5000,1.9479603535224503,0.024851608881778831,0.41015625,-0.06640625,350.80334410837111,1.9922976122256948,-2.4062787742347935,-2.4552404761201538,-2.4650890775659304,-0.048961701885360309,-0.058810303331136904,-2.5
CLSVOF_LS_NATIVE,7,128,5000,1.9479603535224503,0.024851608881778831,0.41015625,-0.05859375,351.86989764584399,1.8416502564427646,-2.4166543781886265,-2.462343778052249,-2.471645839552338,-0.045689399863622526,-0.054991461363711469,-2.5
CLSVOF_LS_NATIVE,7,128,5000,1.9479603535224503,0.024851608881778831,0.41015625,-0.05078125,352.94215335011893,1.7095061984710476,-2.4175631308151218,-2.4659777270087178,-2.474756197103023,-0.048414596193596005,-0.057193066287901217,-2.5
CLSVOF_LS_NATIVE,7,128,5000,1.9479603535224503,0.024851608881778831,0.41015625,-0.04296875,354.01940047523652,1.5959638745331926,-2.4275913495424888,-2.4678640233785467,-2.4765632197122498,-0.040272673836057926,-0.048971870169761011,-2.5
CLSVOF_LS_NATIVE,7,128,5000,1.9479603535224503,0.024851608881778831,0.41015625,-0.03515625,355.10090754621223,1.5011806950601894,-2.421469243810169,-2.4687012411731191,-2.4783215774197402,-0.047231997362950029,-0.056852333609571204,-2.5
CLSVOF_LS_NATIVE,7,128,5000,1.9479603535224503,0.024851608881778831,0.41015625,-0.02734375,356.18592516570965,1.4251774564593038,-2.4376567217052565,-2.4720214360452477,-2.4824889782910802,-0.03436471433999122,-0.044832256585823682,-2.5
CLSVOF_LS_NATIVE,7,128,5000,1.9479603535224503,0.024851608881778831,0.41015625,-0.01953125,357.27368900609372,1.3681356352861549,-2.4347598966271509,-2.4731566602924295,-2.484468001387877,-0.038396763665278666,-0.049708104760726179,-2.5
CLSVOF_LS_NATIVE,7,128,5000,1.9479603535224503,0.024851608881778831,0.41015625,-0.01171875,358.3634229583833,1.3300723463487965,-2.4366925646185322,-2.4726308927234455,-2.4843185337201326,-0.035938328104913264,-0.047625969101600329,-2.5
CLSVOF_LS_NATIVE,7,128,5000,1.9479603535224503,0.024851608881778831,0.41015625,-0.00390625,359.45434240658426,1.3110302114266517,-2.4376155278856033,-2.4733729124064876,-2.4849388631720153,-0.035757384520884283,-0.047323335286411972,-2.5
CLSVOF_LS_NATIVE,7,128,5000,1.9479603535224503,0.024851608881778831,0.41015625,0.00390625,0.54565759341572106,1.3110302120205484,-2.4376155282507321,-2.4734605992897185,-2.4849388635473475,-0.035845071038986376,-0.047323335296615365,-2.5
CLSVOF_LS_NATIVE,7,128,5000,1.9479603535224503,0.024851608881778831,0.41015625,0.01171875,1.63657704161672,1.3300723481328969,-2.4366925656348712,-2.4728907642669915,-2.4843185347977688,-0.03619819863212026,-0.047625969162897519,-2.5
CLSVOF_LS_NATIVE,7,128,5000,1.9479603535224503,0.024851608881778831,0.41015625,0.01953125,2.7263109939062686,1.3681356382670613,-2.4347598982192058,-2.4730081535564494,-2.4844680024867398,-0.038248255337243631,-0.049708104267534026,-2.5
CLSVOF_LS_NATIVE,7,128,5000,1.9479603535224503,0.024851608881778831,0.41015625,0.02734375,3.8140748342903583,1.4251774606472394,-2.4376567212513938,-2.4708612709353952,-2.4824889804179193,-0.033204549684001439,-0.044832259166525557,-2.5
CLSVOF_LS_NATIVE,7,128,5000,1.9479603535224503,0.024851608881778831,0.41015625,0.03515625,4.8990924537877696,1.5011807004477244,-2.4214692509589479,-2.4665450325231735,-2.4783215812108308,-0.045075781564225537,-0.056852330251882854,-2.5
CLSVOF_LS_NATIVE,7,128,5000,1.9479603535224503,0.024851608881778831,0.41015625,0.04296875,5.9805995247634547,1.5959638811718122,-2.4275913502475368,-2.4643103317299482,-2.4765632224961895,-0.036718981482411372,-0.048971872248652737,-2.5
CLSVOF_LS_NATIVE,7,128,5000,1.9479603535224503,0.024851608881778831,0.41015625,0.05078125,7.0578466498810828,1.7095062063619901,-2.4175631323231075,-2.4618482551041092,-2.4747561994917424,-0.044285122781001718,-0.057193067168634926,-2.5
CLSVOF_LS_NATIVE,7,128,5000,1.9479603535224503,0.024851608881778831,0.41015625,0.05859375,8.1301023541559889,1.8416502655917615,-2.4166543827267937,-2.4579873655658484,-2.4716458431461952,-0.041332982839054733,-0.054991460419401506,-2.5
CLSVOF_LS_NATIVE,7,128,5000,1.9479603535224503,0.024851608881778831,0.41015625,0.06640625,9.1966558916289092,1.9922976226609388,-2.4062787767815785,-2.4506480524857333,-2.4650890808745389,-0.04436927570415472,-0.058810304092960397,-2.5
